timestamp,timestamp_sample,control[0],control[1],control[2],control[3],control[4],control[5],control[6],control[7]
204000,204000,-0.065810844,0.0037231469,-0.0038768097,0.0,0.0,0.0,0.0,-1.0
208000,208000,-0.07648402,0.019446194,-0.00382792,0.0,0.0,0.0,0.0,-1.0
252000,252000,-0.011788206,-0.017790066,-0.0026355481,0.0,0.0,0.0,0.0,-1.0
304000,304000,-0.0051486427,0.020727446,0.003492002,0.0,0.0,0.0,0.0,-1.0
356000,356000,0.0020411392,-0.009913137,-0.0009552697,0.0,0.0,0.0,0.0,-1.0
404000,404000,0.0008918397,0.004825654,4.0162347e-05,0.0,0.0,0.0,0.0,-1.0
456000,456000,3.325798e-05,-0.00067363755,-0.0007049736,0.0,0.0,0.0,0.0,-1.0
500000,500000,0.0011944361,-0.00036749913,-0.00019220577,0.0,0.0,0.0,0.0,-1.0
556000,556000,-0.0022243129,-0.00066946476,0.00015909,0.0,0.0,0.0,0.0,-1.0
604000,604000,0.0020190552,-0.00071748125,0.0006533255,0.0,0.0,0.0,0.0,-1.0
656000,656000,0.001474409,0.0018023672,-0.00030127083,0.0,0.0,0.0,0.0,-1.0
704000,704000,0.0006477057,0.0017704725,-0.0005211264,0.0,0.0,0.0,0.0,-1.0
756000,756000,0.00052704645,-0.0018340233,0.0006719175,0.0,0.0,0.0,0.0,-1.0
804000,804000,0.0013212735,0.00014718556,0.0006136754,0.0,0.0,0.0,0.0,-1.0
856000,856000,0.0007132398,0.00019052766,-0.0003196642,0.0,0.0,0.0,0.0,-1.0
904000,904000,0.0018538312,0.0015477929,-0.00012873976,0.0,0.0,0.0,0.0,-1.0
956000,956000,0.00049647933,-0.0024388244,-5.7802255e-05,0.0,0.0,0.0,0.0,-1.0
1004000,1004000,0.00024446935,-0.00030980908,0.00013551941,0.0,0.0,0.0,0.0,-1.0
1052000,1052000,0.001223914,-0.0015678605,0.0007928968,0.0,0.0,0.0,0.0,-1.0
1104000,1104000,0.00037871068,0.00049984903,0.00014588135,0.0,0.0,0.0,0.0,-1.0
1156000,1156000,-0.0016289207,-0.00025437324,0.0010245151,0.0,0.0,0.0,0.0,-1.0
1204000,1204000,0.0012999534,0.0014264422,-8.2665414e-05,0.0,0.0,0.0,0.0,-1.0
1252000,1252000,0.00020172638,5.2398464e-06,-0.00039589204,0.0,0.0,0.0,0.0,-1.0
1300000,1300000,-0.0005317971,-0.0023652741,-0.00045521403,0.0,0.0,0.0,0.0,-1.0
1356000,1356000,0.002009312,0.0038305644,0.00016973754,0.0,0.0,0.0,0.0,-1.0
1404000,1404000,0.0016277576,-0.002979272,0.0010005845,0.0,0.0,0.0,0.0,-1.0
1456000,1456000,0.0017541051,0.0005172819,0.00077538827,0.0,0.0,0.0,0.0,-1.0
1504000,1504000,0.00038963903,-0.0015971826,-0.0005394309,0.0,0.0,0.0,0.0,-1.0
1556000,1556000,0.00026523948,0.00067267695,-0.00013812404,0.0,0.0,0.0,0.0,-1.0
1604000,1604000,-0.00075767003,-0.0009064404,-0.000984386,0.0,0.0,0.0,0.0,-1.0
1656000,1656000,-0.0015375338,0.0011601687,0.00058124564,0.0,0.0,0.0,0.0,-1.0
1704000,1704000,-0.0017962353,0.0006520825,-0.00018397976,0.0,0.0,0.0,0.0,-1.0
1756000,1756000,0.00048516225,0.0012834163,0.00036957677,0.0,0.0,0.0,0.0,-1.0
1804000,1804000,0.0036725681,0.001039576,-0.0007391281,0.0,0.0,0.0,0.0,-1.0
1856000,1856000,6.991533e-05,0.00091726775,0.00043277262,0.0,0.0,0.0,0.0,-1.0
1900000,1900000,-0.002467253,0.000999105,-0.00010393069,0.0,0.0,0.0,0.0,-1.0
1956000,1956000,0.000108746055,-0.00020807303,-0.00029362945,0.0,0.0,0.0,0.0,-1.0
2000000,2000000,-0.0014686316,-0.00092637114,0.00012252074,0.0,0.0,0.0,0.0,-1.0
2056000,2056000,-0.00041392888,-0.00020074555,0.00027771693,0.0,0.0,0.0,0.0,-1.0
2104000,2104000,-0.00038513192,0.0006154765,0.00036210803,0.0,0.0,0.0,0.0,-1.0
2156000,2156000,0.00045639544,0.0008520709,-0.00046681231,0.0,0.0,0.0,0.0,-1.0
2204000,2204000,-0.0013778344,0.00017618178,-0.00012345379,0.0,0.0,0.0,0.0,-1.0
2252000,2252000,-0.0015004049,0.0023541045,0.0002614992,0.0,0.0,0.0,0.0,-1.0
2304000,2304000,0.0005856076,-0.0015474765,-0.00040839278,0.0,0.0,0.0,0.0,-1.0
2356000,2356000,-0.00092389784,0.00028726543,-0.00080510974,0.0,0.0,0.0,0.0,-1.0
2404000,2404000,0.0008160321,-0.001408762,-1.760698e-05,0.0,0.0,0.0,0.0,-1.0
2456000,2456000,-0.00039124934,0.0017173263,0.0004702877,0.0,0.0,0.0,0.0,-1.0
2504000,2504000,0.0008242625,-0.0029096396,0.00038088468,0.0,0.0,0.0,0.0,-1.0
2556000,2556000,0.0012149006,-0.0025835556,0.0004956874,0.0,0.0,0.0,0.0,-1.0
2604000,2604000,2.940864e-05,0.0004925064,0.00036996978,0.0,0.0,0.0,0.0,-1.0
2656000,2656000,-0.00074560725,0.0013156928,0.00039889864,0.0,0.0,0.0,0.0,-1.0
2704000,2704000,-0.0009389781,0.0012751538,0.0010995831,0.0,0.0,0.0,0.0,-1.0
2756000,2756000,0.0018550114,0.001154762,0.00068646815,0.0,0.0,0.0,0.0,-1.0
2804000,2804000,-0.0015787096,-0.0009155766,-0.00027703895,0.0,0.0,0.0,0.0,-1.0
2856000,2856000,0.0014515647,-4.2613454e-05,-0.0011489302,0.0,0.0,0.0,0.0,-1.0
2904000,2904000,0.0026024058,-0.002481022,0.0001330984,0.0,0.0,0.0,0.0,-1.0
2956000,2956000,0.0005695723,-0.00022296987,-0.0009158871,0.0,0.0,0.0,0.0,-1.0
3004000,3004000,-0.00031665276,-0.0026195457,3.9993025e-05,0.0,0.0,0.0,0.0,-1.0
3056000,3056000,-0.00097392744,0.0010430948,0.0012070701,0.0,0.0,0.0,0.0,-1.0
3104000,3104000,0.0008371808,0.00096951664,5.80689e-05,0.0,0.0,0.0,0.0,-1.0
3152000,3152000,-0.00091950106,4.1844127e-05,-0.00051711645,0.0,0.0,0.0,0.0,-1.0
3204000,3204000,-0.0008490138,0.00074463367,2.7917049e-05,0.0,0.0,0.0,0.0,-1.0
3256000,3256000,-0.0002784573,-0.00053533464,0.00015393458,0.0,0.0,0.0,0.0,-1.0
3304000,3304000,0.0021829417,-0.0032169197,0.0015790043,0.0,0.0,0.0,0.0,-1.0
3352000,3352000,0.00011626409,-0.0020863265,8.905032e-05,0.0,0.0,0.0,0.0,-1.0
3400000,3400000,0.0015718922,-0.00250176,-0.0002442864,0.0,0.0,0.0,0.0,-1.0
3456000,3456000,6.051449e-05,9.7919685e-05,-0.001186591,0.0,0.0,0.0,0.0,-1.0
3500000,3500000,-0.00090095244,-0.0012925408,0.0003448643,0.0,0.0,0.0,0.0,-1.0
3556000,3556000,0.00031391892,-0.0008633398,-0.00022777464,0.0,0.0,0.0,0.0,-1.0
3600000,3600000,0.0019471073,-0.00012104744,-0.00013772443,0.0,0.0,0.0,0.0,-1.0
3656000,3656000,0.00023662113,-0.000901512,2.1480077e-05,0.0,0.0,0.0,0.0,-1.0
3704000,3704000,0.0019835648,-0.00030116015,-0.00032202023,0.0,0.0,0.0,0.0,-1.0
3756000,3756000,-0.0017341789,-0.0001193329,0.00038133256,0.0,0.0,0.0,0.0,-1.0
3804000,3804000,-0.00079419767,-0.0001562898,-0.00088847504,0.0,0.0,0.0,0.0,-1.0
3856000,3856000,-0.00090462423,0.004665071,0.0005307202,0.0,0.0,0.0,0.0,-1.0
3904000,3904000,-0.0006747181,0.00024219578,-0.00026191666,0.0,0.0,0.0,0.0,-1.0
3956000,3956000,-0.0002626654,-0.00054356275,0.00023137245,0.0,0.0,0.0,0.0,-1.0
4004000,4004000,0.0021985325,-0.00015536232,0.0011599466,0.0,0.0,0.0,0.0,-1.0
4056000,4056000,0.00045903947,-0.00070112443,-0.0012774988,0.0,0.0,0.0,0.0,-1.0
4104000,4104000,0.00079913216,-0.00045456586,0.00019448406,0.0,0.0,0.0,0.0,-1.0
4152000,4152000,0.00037531,0.00040802857,-0.00025103491,0.0,0.0,0.0,0.0,-1.0
4200000,4200000,0.0003374879,0.0014483699,0.000101648206,0.0,0.0,0.0,0.0,-1.0
4256000,4256000,0.00096490764,-0.0013958997,-0.00016829275,0.0,0.0,0.0,0.0,-1.0
4304000,4304000,0.00039553165,-0.0019845478,0.001046894,0.0,0.0,0.0,0.0,-1.0
4356000,4356000,-0.00028032658,-0.0017660741,-0.00065085886,0.0,0.0,0.0,0.0,-1.0
4404000,4404000,-0.0031504487,0.00013117043,-0.000745158,0.0,0.0,0.0,0.0,-1.0
4456000,4456000,-0.00023021104,-0.0009166613,-0.00043505314,0.0,0.0,0.0,0.0,-1.0
4504000,4504000,-0.00038440674,-0.001142479,-0.0005406503,0.0,0.0,0.0,0.0,-1.0
4556000,4556000,0.00046471052,0.000725735,-0.0003544373,0.0,0.0,0.0,0.0,-1.0
4604000,4604000,-0.00085718516,-0.0001393829,0.00036525176,0.0,0.0,0.0,0.0,-1.0
4656000,4656000,-0.0030986455,-0.004427735,0.00091116317,0.0,0.0,0.0,0.0,-1.0
4704000,4704000,-0.0007663828,-0.0037153221,-0.00047068854,0.0,0.0,0.0,0.0,-1.0
4752000,4752000,-0.0031632744,-0.0039205886,0.0005698655,0.0,0.0,0.0,0.0,-1.0
4804000,4804000,-0.00160826,-0.0033705332,9.124606e-05,0.0,0.0,0.0,0.0,-1.0
4856000,4856000,-0.0036761952,-0.004689529,-0.0018658976,0.0,0.0,0.0,0.0,-1.0
4904000,4904000,-0.0012610579,-0.0068210713,0.00013963493,0.0,0.0,0.0,0.0,-1.0
4956000,4956000,-0.0012549952,-0.004857512,0.00025879935,0.0,0.0,0.0,0.0,-1.0
5004000,5004000,-0.003349384,-0.0085997125,-0.00021391308,0.0,0.0,0.0,0.0,-1.0
5056000,5056000,0.0016913676,-0.006484502,-0.0008605782,0.0,0.0,0.0,0.0,-1.0
5104000,5104000,-0.0016004336,-0.007223741,0.0003000796,0.0,0.0,0.0,0.0,-1.0
5156000,5156000,-0.00020243188,-0.006214488,0.0001896591,0.0,0.0,0.0,0.0,-1.0
5204000,5204000,-0.0043969434,-0.008051076,0.00041470872,0.0,0.0,0.0,0.0,-1.0
5256000,5256000,-0.00076297694,-0.008286779,0.0006557361,0.0,0.0,0.0,0.0,-1.0
5300000,5300000,-0.0018074262,-0.0053835,-0.00024348799,0.0,0.0,0.0,0.0,-1.0
5352000,5352000,-7.992575e-05,-0.0055702575,0.00086231384,0.0,0.0,0.0,0.0,-1.0
5404000,5404000,-0.0005746806,-0.009246516,-0.00038662727,0.0,0.0,0.0,0.0,-1.0
5456000,5456000,-0.0022978636,-0.00616869,0.00024705735,0.0,0.0,0.0,0.0,-1.0
5504000,5504000,-0.0004950103,-0.0092136795,0.00081151305,0.0,0.0,0.0,0.0,-1.0
5556000,5556000,-0.0031586941,-0.011405275,0.0005762862,0.0,0.0,0.0,0.0,-1.0
5604000,5604000,0.0008010117,-0.006610575,-0.00011610943,0.0,0.0,0.0,0.0,-1.0
5652000,5652000,-0.0024766694,-0.008088692,0.0002402579,0.0,0.0,0.0,0.0,-1.0
5704000,5704000,-0.0023901996,-0.0093307225,0.00084384077,0.0,0.0,0.0,0.0,-1.0
5756000,5756000,-0.0041872477,-0.007955337,7.785725e-05,0.0,0.0,0.0,0.0,-1.0
5804000,5804000,-0.0003813773,-0.0076116743,0.0007548334,0.0,0.0,0.0,0.0,-1.0
5856000,5856000,-0.002025339,-0.0077964235,-4.422563e-05,0.0,0.0,0.0,0.0,-1.0
5904000,5904000,-0.0022785638,-0.007538801,2.5459884e-05,0.0,0.0,0.0,0.0,-1.0
5952000,5952000,-0.0030640287,-0.009087903,-0.0006253181,0.0,0.0,0.0,0.0,-1.0
6004000,6004000,-0.0017076185,-0.010965541,-0.00041479577,0.0,0.0,0.0,0.0,-1.0
6056000,6056000,-0.0024095087,-0.011167802,-0.0013457829,0.0,0.0,0.0,0.0,-1.0
6104000,6104000,-0.0029400077,-0.008299719,-0.000121361634,0.0,0.0,0.0,0.0,-1.0
6156000,6156000,0.0002577671,-0.012078305,-0.00062737794,0.0,0.0,0.0,0.0,-1.0
6204000,6204000,-0.0030699458,-0.007819849,-8.7349275e-05,0.0,0.0,0.0,0.0,-1.0
6252000,6252000,-0.0013737534,-0.010244291,0.00031974853,0.0,0.0,0.0,0.0,-1.0
6304000,6304000,-0.0010306088,-0.0080418745,3.5294877e-05,0.0,0.0,0.0,0.0,-1.0
6356000,6356000,-0.000448007,-0.0100148395,0.00066328584,0.0,0.0,0.0,0.0,-1.0
6404000,6404000,-0.0020377918,-0.009593384,-0.0001620472,0.0,0.0,0.0,0.0,-1.0
6456000,6456000,-0.00023975017,-0.008128521,-0.0004313503,0.0,0.0,0.0,0.0,-1.0
6504000,6504000,0.0004740754,-0.009569203,0.00054079335,0.0,0.0,0.0,0.0,-1.0
6556000,6556000,0.0006868268,-0.009936942,-2.7190723e-05,0.0,0.0,0.0,0.0,-1.0
6604000,6604000,0.00041821724,-0.011161357,0.0002652976,0.0,0.0,0.0,0.0,-1.0
6656000,6656000,-0.0018898529,-0.009278573,0.00029083478,0.001,0.0,0.0,0.0,-1.0
6704000,6704000,0.00018483863,-0.009249486,0.00047979,0.001,0.0,0.0,0.0,-1.0
6756000,6756000,-0.0015652211,-0.0095944125,-0.00015956686,0.001,0.0,0.0,0.0,-1.0
6804000,6804000,-0.0020595249,-0.012502367,0.00021590175,0.001,0.0,0.0,0.0,-1.0
6856000,6856000,-0.0022451733,-0.009973981,0.00016477378,0.001,0.0,0.0,0.0,-1.0
6904000,6904000,-0.0011983572,-0.008998724,-0.00037121726,0.001,0.0,0.0,0.0,-1.0
6956000,6956000,-0.002342237,-0.010095625,0.00025194645,0.001,0.0,0.0,0.0,-1.0
7004000,7004000,-0.0026924552,-0.007714929,-0.000682964,0.001,0.0,0.0,0.0,-1.0
7056000,7056000,-0.0029867277,-0.0063559096,-8.2129605e-05,0.001,0.0,0.0,0.0,-1.0
7104000,7104000,-0.0013316622,-0.01043779,0.00044136276,0.001,0.0,0.0,0.0,-1.0
7156000,7156000,-0.0018099304,-0.009685027,0.00061422255,0.001,0.0,0.0,0.0,-1.0
7204000,7204000,-0.004297112,-0.010545061,-0.00025996353,0.001,0.0,0.0,0.0,-1.0
7252000,7252000,-0.0020160193,-0.0103226155,0.0008423727,0.001,0.0,0.0,0.0,-1.0
7300000,7300000,-0.001179884,-0.008812557,2.6288062e-05,0.001,0.0,0.0,0.0,-1.0
7356000,7356000,-0.0020102928,-0.010069345,0.0005093897,0.001,0.0,0.0,0.0,-1.0
7400000,7400000,-0.00083084457,-0.009362851,-0.00025010845,0.001,0.0,0.0,0.0,-1.0
7456000,7456000,-0.0009779909,-0.00825154,-0.00070594606,0.001,0.0,0.0,0.0,-1.0
7500000,7500000,-0.00065132347,-0.0070269243,-0.00064756157,0.001,0.0,0.0,0.0,-1.0
7556000,7556000,0.00027814833,-0.0077878213,0.00041344148,0.001,0.0,0.0,0.0,-1.0
7604000,7604000,-5.0000992e-05,-0.008230916,0.0005595441,0.001,0.0,0.0,0.0,-1.0
7656000,7656000,-7.2764386e-05,-0.009971393,-9.4860516e-05,0.001,0.0,0.0,0.0,-1.0
7704000,7704000,-0.0022028182,-0.007567497,-0.00014935141,0.001,0.0,0.0,0.0,-1.0
7756000,7756000,-0.0041910964,-0.008652451,-0.00030967774,0.001,0.0,0.0,0.0,-1.0
7804000,7804000,-0.00034048935,-0.011041635,2.454148e-05,0.001,0.0,0.0,0.0,-1.0
7856000,7856000,-0.0016969878,-0.009633194,0.00045112646,0.001,0.0,0.0,0.0,-1.0
7904000,7904000,-0.0011893824,-0.008367373,-0.00019601759,0.001,0.0,0.0,0.0,-1.0
7956000,7956000,-0.00056523975,-0.009171638,0.00044907164,0.001,0.0,0.0,0.0,-1.0
8000000,8000000,-0.0023480502,-0.006941085,-0.000151405,0.001,0.0,0.0,0.0,-1.0
8056000,8056000,-0.0016532223,-0.005160709,0.0002462597,0.001,0.0,0.0,0.0,-1.0
8104000,8104000,0.0011575107,-0.008203217,-0.00034880012,0.001,0.0,0.0,0.0,-1.0
8156000,8156000,-7.747497e-05,-0.0057752416,-5.697361e-05,0.001,0.0,0.0,0.0,-1.0
8204000,8204000,-0.0030654473,-0.005455192,-2.5633088e-05,0.001,0.0,0.0,0.0,-1.0
8256000,8256000,-0.0003163887,-0.0075903237,-0.0002611929,0.001,0.0,0.0,0.0,-1.0
8304000,8304000,4.4739307e-05,-0.006038561,-0.0013725711,0.001,0.0,0.0,0.0,-1.0
8356000,8356000,-0.000856553,-0.0049696863,-0.0006342928,0.001,0.0,0.0,0.0,-1.0
8404000,8404000,-0.0008672785,-0.010113843,0.00019585584,0.001,0.0,0.0,0.0,-1.0
8456000,8456000,-0.0028537265,-0.00755811,-5.5071578e-06,0.001,0.0,0.0,0.0,-1.0
8504000,8504000,-0.0017836487,-0.0074205245,0.00028549953,0.001,0.0,0.0,0.0,-1.0
8552000,8552000,-0.001972459,-0.004809507,0.0005077207,0.001,0.0,0.0,0.0,-1.0
8604000,8604000,-0.00026132673,-0.010906656,-9.288303e-06,0.001,0.0,0.0,0.0,-1.0
8656000,8656000,-0.0019847825,-0.005748836,-0.0006749867,0.001,0.0,0.0,0.0,-1.0
8700000,8700000,-0.002377544,-0.0053897924,-0.00072639796,0.001,0.0,0.0,0.0,-1.0
8756000,8756000,-0.0017581228,-0.0065448238,-0.0005161021,0.001,0.0,0.0,0.0,-1.0
8804000,8804000,-0.00023867797,-0.010028232,9.3537e-05,0.001,0.0,0.0,0.0,-1.0
8856000,8856000,-0.00039445085,-0.0051173484,0.0010203675,0.001,0.0,0.0,0.0,-1.0
8900000,8900000,1.348244e-05,-0.0072055175,-0.0009430714,0.001,0.0,0.0,0.0,-1.0
8956000,8956000,-0.0021270162,-0.005615496,0.0005243204,0.001,0.0,0.0,0.0,-1.0
9004000,9004000,0.0007709032,-0.0076228753,-0.00015732975,0.001,0.0,0.0,0.0,-1.0
9056000,9056000,0.0021676093,-0.0064929016,-0.0007206016,0.001,0.0,0.0,0.0,-1.0
9104000,9104000,-0.0003831491,-0.0050725923,0.0007725871,0.001,0.0,0.0,0.0,-1.0
9156000,9156000,-0.00090402813,-0.0066887583,0.00021582852,0.001,0.0,0.0,0.0,-1.0
9204000,9204000,0.0016272762,-0.003640261,0.0007884917,0.001,0.0,0.0,0.0,-1.0
9256000,9256000,-0.0011836075,-0.004760328,-0.0006141332,0.001,0.0,0.0,0.0,-1.0
9304000,9304000,0.0012661982,-0.0036003075,-0.00011661872,0.001,0.0,0.0,0.0,-1.0
9356000,9356000,-0.00036650253,-0.0033244188,-0.00031813598,0.001,0.0,0.0,0.0,-1.0
9404000,9404000,-0.0024829903,-0.0056366026,0.0003334306,0.001,0.0,0.0,0.0,-1.0
9452000,9452000,0.00017916139,-0.0036242947,0.0002426171,0.001,0.0,0.0,0.0,-1.0
9504000,9504000,-0.0016642726,-0.003685052,0.00064712105,0.001,0.0,0.0,0.0,-1.0
9556000,9556000,-0.0041806856,-0.0069792406,8.737125e-05,0.001,0.0,0.0,0.0,-1.0
9604000,9604000,-0.00044540458,-0.0046384586,0.0006497219,0.001,0.0,0.0,0.0,-1.0
9656000,9656000,-0.0010143188,-0.0029373406,-0.0007548529,0.001,0.0,0.0,0.0,-1.0
9704000,9704000,0.0005390904,-0.003984005,0.00016923159,0.001,0.0,0.0,0.0,-1.0
9756000,9756000,0.0011335753,-0.0033899036,0.0008099799,0.001,0.0,0.0,0.0,-1.0
9804000,9804000,0.00014559856,-0.0054476326,0.00018003829,0.001,0.0,0.0,0.0,-1.0
9856000,9856000,-0.00032977154,-0.0066671474,0.00015857459,0.001,0.0,0.0,0.0,-1.0
9904000,9904000,-0.00088253827,-0.0032745698,-0.00050661166,0.001,0.0,0.0,0.0,-1.0
9956000,9956000,0.0009335426,-0.003312591,7.938698e-05,0.001,0.0,0.0,0.0,-1.0
10000000,10000000,5.528498e-05,-0.003701705,-0.0010288941,0.001,0.0,0.0,0.0,-1.0
10056000,10056000,-0.0018803647,-0.0070553133,-0.0010014968,0.001,0.0,0.0,0.0,-1.0
10104000,10104000,-0.0014085497,-0.004316698,-0.00070188084,0.001,0.0,0.0,0.0,-1.0
10156000,10156000,-0.0003874308,-0.004376881,-0.00011591347,0.001,0.0,0.0,0.0,-1.0
10204000,10204000,0.0005561393,-0.0056869136,0.00089352205,0.001,0.0,0.0,0.0,-1.0
10256000,10256000,-0.0036719562,-0.0039920155,-0.00047224286,0.001,0.0,0.0,0.0,-1.0
10304000,10304000,-0.001881007,-0.0037727447,0.00085554144,0.001,0.0,0.0,0.0,-1.0
10356000,10356000,-0.0016161584,-0.0058977,2.9428563e-06,0.001,0.0,0.0,0.0,-1.0
10404000,10404000,-0.0005882028,-0.0052050347,0.00019063111,0.001,0.0,0.0,0.0,-1.0
10456000,10456000,-0.0016561633,-0.005688935,-0.00039540022,0.001,0.0,0.0,0.0,-1.0
10500000,10500000,-0.0005295086,-0.004819743,-0.0013513159,0.001,0.0,0.0,0.0,-1.0
10556000,10556000,0.0011641226,-0.0026771913,-0.00089102145,0.001,0.0,0.0,0.0,-1.0
10604000,10604000,-0.0027050455,-0.0034592408,-0.0016094599,0.001,0.0,0.0,0.0,-1.0
10656000,10656000,0.0017469216,-0.0045133336,0.0009971544,0.001,0.0,0.0,0.0,-1.0
10704000,10704000,-0.0030417356,-0.0038085969,-0.00012219742,0.001,0.0,0.0,0.0,-1.0
10756000,10756000,-0.004186287,-0.004837116,-0.0014290231,0.001,0.0,0.0,0.0,-1.0
10804000,10804000,-0.0029912973,-0.0010110801,-0.00025907854,0.001,0.0,0.0,0.0,-1.0
10856000,10856000,0.0015094756,-0.0050116517,-0.0005339008,0.001,0.0,0.0,0.0,-1.0
10904000,10904000,-0.0017724652,-0.001961134,-0.0011601312,0.001,0.0,0.0,0.0,-1.0
10956000,10956000,0.0010313451,-0.0019405583,-0.00074709806,0.001,0.0,0.0,0.0,-1.0
11004000,11004000,-0.0038050697,-0.0020051433,-0.0005540258,0.001,0.0,0.0,0.0,-1.0
11056000,11056000,-0.003130345,-0.0027622115,9.926538e-07,0.001,0.0,0.0,0.0,-1.0
11104000,11104000,-0.0014069771,-0.0019267552,-0.0005537642,0.001,0.0,0.0,0.0,-1.0
11156000,11156000,-0.0003305713,-0.00054803025,0.0006985435,0.001,0.0,0.0,0.0,-1.0
11204000,11204000,-0.0036331434,-0.0037040284,-0.00071381085,0.001,0.0,0.0,0.0,-1.0
11256000,11256000,-0.0035745609,-0.0039188666,-0.00021421039,0.001,0.0,0.0,0.0,-1.0
11300000,11300000,-0.002887517,-0.0033446301,0.0007707639,0.001,0.0,0.0,0.0,-1.0
11356000,11356000,-0.0004258056,-0.0039742845,1.3620457e-05,0.001,0.0,0.0,0.0,-1.0
11404000,11404000,-0.0034441873,-0.0027092854,0.00032244582,0.001,0.0,0.0,0.0,-1.0
11456000,11456000,-0.003295111,-0.0017899809,-0.00084575027,0.001,0.0,0.0,0.0,-1.0
11504000,11504000,-0.000574823,-0.0012929345,0.0004322969,0.001,0.0,0.0,0.0,-1.0
11556000,11556000,-0.0034626483,-0.0024469611,-0.0009292098,0.001,0.0,0.0,0.0,-1.0
11600000,11600000,-0.002323384,-0.0031138281,-0.00061358674,0.001,0.0,0.0,0.0,-1.0
11656000,11656000,-0.0028666037,-0.0035348926,-0.00026013123,0.001,0.0,0.0,0.0,-1.0
11704000,11704000,-0.0026540463,-0.0022726182,-5.94248e-05,0.001,0.0,0.0,0.0,-1.0
11756000,11756000,-0.0027251535,-0.00090135925,0.00030579718,0.001,0.0,0.0,0.0,-1.0
11804000,11804000,-0.0040111877,-0.0036657967,-0.00022722977,0.001,0.0,0.0,0.0,-1.0
11856000,11856000,0.00072006666,-0.001829836,-0.00043677381,0.001,0.0,0.0,0.0,-1.0
11904000,11904000,-0.0020797946,-0.0041586272,-0.00049687404,0.001,0.0,0.0,0.0,-1.0
11956000,11956000,-0.0017266363,-0.0024594483,0.00050445937,0.001,0.0,0.0,0.0,-1.0
12004000,12004000,-0.0016388644,-0.0036777474,9.104602e-05,0.001,0.0,0.0,0.0,-1.0
12056000,12056000,-0.0028069466,-0.0013635984,-0.00064642954,0.001,0.0,0.0,0.0,-1.0
12104000,12104000,-0.0030785638,-0.002939612,-9.611685e-05,0.001,0.0,0.0,0.0,-1.0
12156000,12156000,-0.004279976,-0.0041130334,-0.0010365444,0.001,0.0,0.0,0.0,-1.0
12204000,12204000,-0.0033614847,-0.0019400992,-0.000798386,0.001,0.0,0.0,0.0,-1.0
12252000,12252000,-0.003325315,-0.004714568,-0.0008967627,0.001,0.0,0.0,0.0,-1.0
12304000,12304000,-0.0027588846,-0.002686372,-0.0010851444,0.001,0.0,0.0,0.0,-1.0
12352000,12352000,-0.0022327646,-0.0023143631,-0.00016907653,0.001,0.0,0.0,0.0,-1.0
12404000,12404000,-0.0020950872,-0.0017606389,-0.00031614196,0.001,0.0,0.0,0.0,-1.0
12456000,12456000,-0.003341672,-0.0027136772,0.00022095033,0.001,0.0,0.0,0.0,-1.0
12504000,12504000,-0.0031933477,-0.002024925,-0.00043071696,0.001,0.0,0.0,0.0,-1.0
12556000,12556000,-0.004589687,-0.002594219,-0.00025270166,0.001,0.0,0.0,0.0,-1.0
12604000,12604000,-0.004376459,-0.0030909101,-0.0010159179,0.001,0.0,0.0,0.0,-1.0
12656000,12656000,-0.0020015757,-0.00020331086,-0.0010037158,0.001,0.0,0.0,0.0,-1.0
12704000,12704000,-0.0014213965,-0.0029234963,-0.00016096342,0.001,0.0,0.0,0.0,-1.0
12752000,12752000,-0.0026660967,-0.0011971826,-0.00043267323,0.001,0.0,0.0,0.0,-1.0
12804000,12804000,-0.00024340507,-0.0014663213,-0.0013313623,0.001,0.0,0.0,0.0,-1.0
12856000,12856000,-0.0009001783,-0.0022629544,0.00036050868,0.001,0.0,0.0,0.0,-1.0
12900000,12900000,-0.0012677134,-0.0017422437,0.0002720459,0.001,0.0,0.0,0.0,-1.0
12956000,12956000,-0.0028415157,-0.0023194433,-4.41905e-06,0.001,0.0,0.0,0.0,-1.0
13004000,13004000,-0.0023252042,0.00016465226,-0.00047404118,0.001,0.0,0.0,0.0,-1.0
13056000,13056000,-0.00028364433,-0.000598093,0.0005224796,0.001,0.0,0.0,0.0,-1.0
13104000,13104000,-0.0036098703,-0.0029161626,0.00027626954,0.001,0.0,0.0,0.0,-1.0
13156000,13156000,-0.004196625,-0.0029225312,-0.0009642643,0.001,0.0,0.0,0.0,-1.0
13204000,13204000,-0.0016501952,-0.0048289993,-0.00097112916,0.001,0.0,0.0,0.0,-1.0
13256000,13256000,-0.0041187075,0.00047409275,0.0004362075,0.001,0.0,0.0,0.0,-1.0
13300000,13300000,-0.0030696485,-0.0041532344,3.717269e-05,0.001,0.0,0.0,0.0,-1.0
13356000,13356000,-0.0018843042,-0.0020557095,-0.0014551292,0.001,0.0,0.0,0.0,-1.0
13404000,13404000,-0.0029077402,-0.0008624185,0.0002523523,0.001,0.0,0.0,0.0,-1.0
13452000,13452000,-0.0017307213,0.00025486568,-0.00013240236,0.001,0.0,0.0,0.0,-1.0
13504000,13504000,-0.002484037,-0.0038724144,-0.0005694131,0.001,0.0,0.0,0.0,-1.0
13556000,13556000,-0.003149573,-0.0005868747,0.00027491996,0.001,0.0,0.0,0.0,-1.0
13604000,13604000,-0.0017279751,-0.0036756054,0.00032619285,0.001,0.0,0.0,0.0,-1.0
13652000,13652000,-0.0035857484,-0.0029725078,4.581711e-05,0.001,0.0,0.0,0.0,-1.0
13704000,13704000,-0.003991608,-0.0025446527,-5.516857e-05,0.001,0.0,0.0,0.0,-1.0
13756000,13756000,-0.0031794028,-0.00024633989,-0.0007294488,0.001,0.0,0.0,0.0,-1.0
13804000,13804000,-0.002996094,-0.0013171126,-0.00034845274,0.001,0.0,0.0,0.0,-1.0
13856000,13856000,-0.00537806,0.00014566895,-0.0016969399,0.001,0.0,0.0,0.0,-1.0
13904000,13904000,-0.0029517466,-0.0017498025,0.0011470458,0.001,0.0,0.0,0.0,-1.0
13956000,13956000,-0.004257132,-0.00062171905,-0.00012790093,0.001,0.0,0.0,0.0,-1.0
14004000,14004000,-0.0036670845,6.640893e-05,0.0003992682,0.001,0.0,0.0,0.0,-1.0
14056000,14056000,-0.0032317685,-0.0023385235,-0.0009083775,0.001,0.0,0.0,0.0,-1.0
14104000,14104000,-0.001371181,0.000118484175,-0.00030679166,0.001,0.0,0.0,0.0,-1.0
14156000,14156000,-0.002368781,-0.00058798294,-0.00056833477,0.001,0.0,0.0,0.0,-1.0
14204000,14204000,-0.004703464,-0.00010074812,-0.00044586332,0.001,0.0,0.0,0.0,-1.0
14256000,14256000,-0.006996359,-0.002110085,0.0008880484,0.001,0.0,0.0,0.0,-1.0
14300000,14300000,-0.0042115008,0.002529985,-0.00095537165,0.001,0.0,0.0,0.0,-1.0
14356000,14356000,-0.005752213,0.0018551162,-0.00080944784,0.001,0.0,0.0,0.0,-1.0
14404000,14404000,-0.005832983,0.00403259,-0.0005512669,0.001,0.0,0.0,0.0,-1.0
14456000,14456000,-0.0038887775,-0.0012628428,-0.0011270622,0.001,0.0,0.0,0.0,-1.0
14504000,14504000,-0.00721468,0.00038283787,-0.00084097276,0.001,0.0,0.0,0.0,-1.0
14556000,14556000,-0.0030424716,-0.004482812,-0.0003228582,0.001,0.0,0.0,0.0,-1.0
14604000,14604000,-0.004697762,-0.00091506867,-0.0006295297,0.001,0.0,0.0,0.0,-1.0
14656000,14656000,-0.00351623,-0.002275049,0.0017588952,0.001,0.0,0.0,0.0,-1.0
14704000,14704000,-0.005203792,-0.00082483044,-0.00081086234,0.001,0.0,0.0,0.0,-1.0
14756000,14756000,-0.0036530718,0.0022333167,8.609765e-05,0.001,0.0,0.0,0.0,-1.0
14804000,14804000,-0.0046976474,-0.00049214833,-0.00065138,0.001,0.0,0.0,0.0,-1.0
14856000,14856000,-0.0014537654,0.0010771151,0.00010686789,0.001,0.0,0.0,0.0,-1.0
14904000,14904000,-0.0053223493,0.000814877,-0.00019282284,0.001,0.0,0.0,0.0,-1.0
14956000,14956000,-0.0042195395,0.0020532988,0.00027278287,0.001,0.0,0.0,0.0,-1.0
15004000,15004000,-0.00026260864,0.0016400228,-0.00088009576,0.001,0.0,0.0,0.0,-1.0
15056000,15056000,-0.0030208249,0.00092648563,-0.0008494948,0.001,0.0,0.0,0.0,-1.0
15104000,15104000,-0.005186653,0.0005368222,-0.000758583,0.001,0.0,0.0,0.0,-1.0
15156000,15156000,-0.0057419324,0.0013764233,0.00016757396,0.001,0.0,0.0,0.0,-1.0
15204000,15204000,-0.004965382,-0.0021319892,-0.0005129426,0.001,0.0,0.0,0.0,-1.0
15256000,15256000,-0.0017853283,0.0012982768,-0.0008311538,0.001,0.0,0.0,0.0,-1.0
15300000,15300000,-0.0026864093,-0.00045086152,0.00015365872,0.001,0.0,0.0,0.0,-1.0
15356000,15356000,-0.0028027939,-0.0025809237,0.00023607937,0.001,0.0,0.0,0.0,-1.0
15404000,15404000,-0.001546851,-0.00053329254,-0.0013057005,0.001,0.0,0.0,0.0,-1.0
15456000,15456000,-0.0016107775,9.0027286e-05,-0.001132285,0.001,0.0,0.0,0.0,-1.0
15504000,15504000,-0.0056343637,-0.0012197668,-0.0006836885,0.001,0.0,0.0,0.0,-1.0
15556000,15556000,-0.005173328,-0.000666657,7.849954e-05,0.001,0.0,0.0,0.0,-1.0
15604000,15604000,-0.0027843635,0.00063764374,0.00037682668,0.001,0.0,0.0,0.0,-1.0
15652000,15652000,-0.0048725093,0.00219047,-0.0010540192,0.001,0.0,0.0,0.0,-1.0
15704000,15704000,-0.003823271,0.0069129816,-0.0051300325,0.025088271,0.0,0.0,0.0,-1.0
15756000,15756000,-0.008459424,0.0041438392,-0.0031537728,0.029939234,0.0,0.0,0.0,-1.0
15804000,15804000,-0.004522944,0.0030305125,-0.0040394315,0.038863447,0.0,0.0,0.0,-1.0
15856000,15856000,-0.0052726218,0.0014719865,-0.0032889955,0.04578039,0.0,0.0,0.0,-1.0
15904000,15904000,-0.008133319,0.0027157182,-0.0029806958,0.0558107,0.0,0.0,0.0,-1.0
15956000,15956000,-0.007001226,0.0049704886,-0.00488859,0.06391882,0.0,0.0,0.0,-1.0
16004000,16004000,-0.00658269,0.0017594182,-0.0043129576,0.07464973,0.0,0.0,0.0,-1.0
16056000,16056000,-0.0059111123,0.0012146123,-0.0051050424,0.08236991,0.0,0.0,0.0,-1.0
16104000,16104000,-0.006533479,-0.0013427709,-0.004348401,0.09392783,0.0,0.0,0.0,-1.0
16156000,16156000,-0.0061737415,0.0008875634,-0.0051660067,0.10306979,0.0,0.0,0.0,-1.0
16204000,16204000,-0.0070518637,0.0024732233,-0.0048549375,0.11553329,0.0,0.0,0.0,-1.0
16256000,16256000,-0.0052511664,0.0018469129,-0.0049572447,0.12577672,0.0,0.0,0.0,-1.0
16304000,16304000,-0.002583167,0.0034477955,-0.0044178935,0.13915345,0.0,0.0,0.0,-1.0
16356000,16356000,-0.0036981474,0.0021693534,-0.0040574702,0.1500715,0.0,0.0,0.0,-1.0
16404000,16404000,-0.004434521,0.0008302955,-0.004208315,0.16424465,0.0,0.0,0.0,-1.0
16456000,16456000,-0.0040320703,0.0010574346,-0.004791614,0.17628959,0.0,0.0,0.0,-1.0
16504000,16504000,-0.0022796665,0.0014617621,-0.0050765285,0.1906483,0.0,0.0,0.0,-1.0
16556000,16556000,-0.003773055,0.003915912,-0.005529593,0.2036283,0.0,0.0,0.0,-1.0
16604000,16604000,-0.005320938,0.00023571697,-0.0048387647,0.21955712,0.0,0.0,0.0,-1.0
16652000,16652000,-0.0059813065,0.005069913,-0.005331217,0.23403634,0.0,0.0,0.0,-1.0
16704000,16704000,-0.005523103,0.0041496577,-0.0046507264,0.24996126,0.0,0.0,0.0,-1.0
16756000,16756000,-0.0060492232,0.0038849607,-0.0057884273,0.2655232,0.0,0.0,0.0,-1.0
16804000,16804000,-0.0074801347,0.0029000768,-0.005027732,0.28272495,0.0,0.0,0.0,-1.0
16856000,16856000,-0.0077856104,0.0018641788,-0.0060062064,0.29891244,0.0,0.0,0.0,-1.0
16900000,16900000,-0.00880594,0.0024870913,-0.006730803,0.31844842,0.0,0.0,0.0,-1.0
16956000,16956000,-0.0080182245,0.006438924,-0.005639894,0.33486938,0.0,0.0,0.0,-1.0
17000000,17000000,-0.0076457798,0.0054348703,-0.006592617,0.35460696,0.0,0.0,0.0,-1.0
17056000,17056000,-0.008604494,0.004124335,-0.006149973,0.37281314,0.0,0.0,0.0,-1.0
17104000,17104000,-0.0090205325,0.001904492,-0.0069508497,0.3912729,0.0,0.0,0.0,-1.0
17156000,17156000,-0.008514915,0.0062114066,-0.0065961815,0.39282265,0.0,0.0,0.0,-1.0
17204000,17204000,-0.007186714,0.0076091792,-0.0065727653,0.39539444,0.0,0.0,0.0,-1.0
17256000,17256000,-0.0118261175,0.003975862,-0.008599547,0.3956034,0.0,0.0,0.0,-1.0
17304000,17304000,-0.010288424,0.0052133054,-0.008641068,0.3960665,0.0,0.0,0.0,-1.0
17356000,17356000,-0.01147792,0.0067247706,-0.007751003,0.39713806,0.0,0.0,0.0,-1.0
17404000,17404000,-0.010192764,0.010990219,-0.0089921765,0.3984311,0.0,0.0,0.0,-1.0
17456000,17456000,-0.013145987,0.009797027,-0.008416035,0.39886668,0.0,0.0,0.0,-1.0
17504000,17504000,-0.011974609,0.008419243,-0.008034513,0.4012673,0.0,0.0,0.0,-1.0
17556000,17556000,-0.012219521,0.009037136,-0.007814498,0.40253145,0.0,0.0,0.0,-1.0
17604000,17604000,-0.012302442,0.013176665,-0.0082073845,0.40427855,0.0,0.0,0.0,-1.0
17656000,17656000,-0.014077212,0.0092977,-0.0077153253,0.4049459,0.0,0.0,0.0,-1.0
17704000,17704000,-0.011956233,0.00898161,-0.008788841,0.40517083,0.0,0.0,0.0,-1.0
17756000,17756000,-0.011304796,0.0119178565,-0.008897292,0.40667695,0.0,0.0,0.0,-1.0
17804000,17804000,-0.013033353,0.008896768,-0.008863701,0.4072508,0.0,0.0,0.0,-1.0
17856000,17856000,-0.013246838,0.00845936,-0.009297651,0.40866435,0.0,0.0,0.0,-1.0
17904000,17904000,-0.012910365,0.012506076,-0.00947513,0.40986443,0.0,0.0,0.0,-1.0
17956000,17956000,-0.01600292,0.0105323475,-0.009149977,0.41157085,0.0,0.0,0.0,-1.0
18004000,18004000,-0.015082205,0.010096661,-0.010006095,0.4131635,0.0,0.0,0.0,-1.0
18056000,18056000,-0.014187024,0.010754307,-0.010331941,0.41362754,0.0,0.0,0.0,-1.0
18104000,18104000,-0.014635645,0.010605554,-0.011795555,0.414748,0.0,0.0,0.0,-1.0
18156000,18156000,-0.014738129,0.007298046,-0.010957807,0.41545603,0.0,0.0,0.0,-1.0
18204000,18204000,-0.01596522,0.0037366245,-0.010126867,0.41692215,0.0,0.0,0.0,-1.0
18256000,18256000,-0.016649961,0.0077420976,-0.0107054515,0.41759315,0.0,0.0,0.0,-1.0
18304000,18304000,-0.017391637,0.0063194195,-0.011085881,0.420044,0.0,0.0,0.0,-1.0
18356000,18356000,-0.017418852,0.0060431557,-0.011584807,0.421214,0.0,0.0,0.0,-1.0
18404000,18404000,-0.014849961,0.0060795466,-0.011015767,0.42351764,0.0,0.0,0.0,-1.0
18456000,18456000,-0.019016353,0.0056499788,-0.010981514,0.42399845,0.0,0.0,0.0,-1.0
18504000,18504000,-0.018314468,0.009112484,-0.0109212855,0.42528406,0.0,0.0,0.0,-1.0
18556000,18556000,-0.017594304,0.0072118356,-0.010427304,0.42593986,0.0,0.0,0.0,-1.0
18604000,18604000,-0.014911525,0.007369517,-0.011062764,0.42768013,0.0,0.0,0.0,-1.0
18656000,18656000,-0.019037016,0.0067453617,-0.010946798,0.42906585,0.0,0.0,0.0,-1.0
18704000,18704000,-0.019847995,0.008088736,-0.01229355,0.4311975,0.0,0.0,0.0,-1.0
18756000,18756000,-0.016433546,0.023344176,-0.01103639,0.84407055,0.0,0.0,0.0,-1.0
18804000,18804000,-0.0036664333,-0.008134323,-0.011715369,0.85707086,0.0,0.0,0.0,-1.0
18856000,18856000,-0.012297876,0.013232045,-0.012106062,0.8649795,0.0,0.0,0.0,-1.0
18904000,18904000,-0.008219253,0.0058226394,-0.013387192,0.8788749,0.0,0.0,0.0,-1.0
18956000,18956000,-0.008294682,0.005154654,-0.012874107,0.887714,0.0,0.0,0.0,-1.0
19004000,19004000,-1.5596721e-05,0.010138873,-0.012387743,0.8995336,0.0,0.0,0.0,-1.0
19056000,19056000,0.0023735242,0.007933569,-0.014383668,0.9117982,0.0,0.0,0.0,-1.0
19104000,19104000,0.005662339,0.0072710603,-0.01318891,0.9226123,0.0,0.0,0.0,-1.0
19156000,19156000,0.003868515,0.008096937,-0.014564037,0.9351784,0.0,0.0,0.0,-1.0
19204000,19204000,0.0028753842,0.013193046,-0.018066166,0.94563717,0.0,0.0,0.0,-1.0
19256000,19256000,0.0053312285,0.019376328,-0.019636884,0.9544373,0.0,0.0,0.0,-1.0
19304000,19304000,0.005882132,0.029223407,-0.023840763,0.9615779,0.0,0.0,0.0,-1.0
19356000,19356000,0.005674474,0.04293051,-0.027460292,0.9694897,0.0,0.0,0.0,-1.0
19404000,19404000,0.0030498954,0.05163939,-0.03140314,0.97742593,0.0,0.0,0.0,-1.0
19456000,19456000,0.006126191,0.0672814,-0.03493441,0.98766303,0.0,0.0,0.0,-1.0
19504000,19504000,0.002364566,0.071035944,-0.036992017,0.9986761,0.0,0.0,0.0,-1.0
19556000,19556000,0.0006830256,0.07754224,-0.04072999,1.0,0.0,0.0,0.0,-1.0
19604000,19604000,0.0052487464,0.07892424,-0.043943174,1.0,0.0,0.0,0.0,-1.0
19656000,19656000,0.0030277134,0.082424335,-0.04624781,1.0,0.0,0.0,0.0,-1.0
19704000,19704000,0.0026126853,0.07867936,-0.04824668,1.0,0.0,0.0,0.0,-1.0
19756000,19756000,0.0024538955,0.07408176,-0.051103298,1.0,0.0,0.0,0.0,-1.0
19804000,19804000,0.0024742107,0.06979256,-0.05349198,1.0,0.0,0.0,0.0,-1.0
19856000,19856000,0.0039776764,0.06164237,-0.05432001,1.0,0.0,0.0,0.0,-1.0
19904000,19904000,0.0060551777,0.052663133,-0.057109706,1.0,0.0,0.0,0.0,-1.0
19956000,19956000,0.007175157,0.041687813,-0.059428632,1.0,0.0,0.0,0.0,-1.0
20004000,20004000,0.0050460384,0.029691584,-0.060566265,1.0,0.0,0.0,0.0,-1.0
20056000,20056000,0.0088493405,0.020326827,-0.061854135,1.0,0.0,0.0,0.0,-1.0
20104000,20104000,0.0189994,0.07637991,-0.051228955,1.0,0.0,0.0,0.0,-1.0
20156000,20156000,0.007883428,0.06817411,-0.049380038,1.0,0.0,0.0,0.0,-1.0
20204000,20204000,0.006084312,0.05058252,-0.053284284,1.0,0.0,0.0,0.0,-1.0
20256000,20256000,0.003934959,0.05156726,-0.05305262,1.0,0.0,0.0,0.0,-1.0
20304000,20304000,0.0065195016,0.04977506,-0.052856147,1.0,0.0,0.0,0.0,-1.0
20356000,20356000,0.005125738,0.045651946,-0.05289202,1.0,0.0,0.0,0.0,-1.0
20404000,20404000,0.0070656575,0.03919278,-0.052222084,1.0,0.0,0.0,0.0,-1.0
20452000,20452000,-0.012708708,0.055681523,-0.057864167,1.0,0.0,0.0,0.0,-1.0
20504000,20504000,0.0040469025,0.0467362,-0.056246206,1.0,0.0,0.0,0.0,-1.0
20556000,20556000,0.002741885,0.046573594,-0.056375712,1.0,0.0,0.0,0.0,-1.0
20604000,20604000,0.003738683,0.045424882,-0.05904233,1.0,0.0,0.0,0.0,-1.0
20656000,20656000,0.00022568772,0.05005956,-0.060298353,1.0,0.0,0.0,0.0,-1.0
20704000,20704000,0.0015724574,0.048799615,-0.060382117,1.0,0.0,0.0,0.0,-1.0
20756000,20756000,0.0048782206,0.0486009,-0.061189316,1.0,0.0,0.0,0.0,-1.0
20804000,20804000,0.0057289796,0.047805406,-0.061790723,1.0,0.0,0.0,0.0,-1.0
20856000,20856000,0.0010729962,0.051685806,-0.06305849,1.0,0.0,0.0,0.0,-1.0
20904000,20904000,0.0028136957,0.05212085,-0.06349539,1.0,0.0,0.0,0.0,-1.0
20956000,20956000,0.003402845,0.05001308,-0.06627455,1.0,0.0,0.0,0.0,-1.0
21004000,21004000,0.0036183987,0.049971644,-0.066006295,1.0,0.0,0.0,0.0,-1.0
21052000,21052000,0.00399599,0.050514605,-0.06606259,1.0,0.0,0.0,0.0,-1.0
21104000,21104000,0.003586223,0.05216828,-0.06629972,1.0,0.0,0.0,0.0,-1.0
21156000,21156000,0.004278102,0.05149105,-0.06746402,1.0,0.0,0.0,0.0,-1.0
21204000,21204000,0.002516897,0.051687747,-0.06841847,1.0,0.0,0.0,0.0,-1.0
21256000,21256000,0.0044458075,0.051395006,-0.068924576,1.0,0.0,0.0,0.0,-1.0
21304000,21304000,0.0014341788,0.050218083,-0.06919649,1.0,0.0,0.0,0.0,-1.0
21356000,21356000,0.0031997252,0.051297754,-0.07134858,1.0,0.0,0.0,0.0,-1.0
21404000,21404000,0.0038031708,0.052280623,-0.0718067,1.0,0.0,0.0,0.0,-1.0
21456000,21456000,0.0018401719,0.053817306,-0.07272566,1.0,0.0,0.0,0.0,-1.0
21504000,21504000,0.0005076036,0.05391818,-0.074371144,1.0,0.0,0.0,0.0,-1.0
21556000,21556000,0.0022216712,0.05406699,-0.075080365,1.0,0.0,0.0,0.0,-1.0
21600000,21600000,0.0012257808,0.05260176,-0.0757485,1.0,0.0,0.0,0.0,-1.0
21656000,21656000,0.0010172154,0.05294514,-0.07568288,1.0,0.0,0.0,0.0,-1.0
21704000,21704000,-0.0003770991,0.054828078,-0.07672489,1.0,0.0,0.0,0.0,-1.0
21756000,21756000,-0.002122036,0.057161164,-0.07816639,1.0,0.0,0.0,0.0,-1.0
21804000,21804000,-0.0019919658,0.058088,-0.07829816,1.0,0.0,0.0,0.0,-1.0
21856000,21856000,0.00070891384,0.055631563,-0.079557665,1.0,0.0,0.0,0.0,-1.0
21904000,21904000,-0.00053089915,0.05568846,-0.079221934,1.0,0.0,0.0,0.0,-1.0
21956000,21956000,-0.0017660311,0.05677442,-0.08155926,1.0,0.0,0.0,0.0,-1.0
22004000,22004000,0.0015070391,0.05769935,-0.08184108,1.0,0.0,0.0,0.0,-1.0
22056000,22056000,0.0011108207,0.05546743,-0.08346222,1.0,0.0,0.0,0.0,-1.0
22104000,22104000,0.00092078676,0.059469525,-0.08350148,1.0,0.0,0.0,0.0,-1.0
22156000,22156000,-0.0014551963,0.057993643,-0.08419791,1.0,0.0,0.0,0.0,-1.0
22200000,22200000,0.0020007505,0.059579607,-0.085542664,1.0,0.0,0.0,0.0,-1.0
22256000,22256000,0.0023839858,0.06008554,-0.085793614,1.0,0.0,0.0,0.0,-1.0
22304000,22304000,-0.0009106245,0.060726438,-0.08646976,1.0,0.0,0.0,0.0,-1.0
22356000,22356000,-0.0008963672,0.05671562,-0.087874465,1.0,0.0,0.0,0.0,-1.0
22404000,22404000,-0.0018476744,0.059775077,-0.08837222,1.0,0.0,0.0,0.0,-1.0
22456000,22456000,0.0019849662,0.060090266,-0.089789815,1.0,0.0,0.0,0.0,-1.0
22504000,22504000,0.0008867606,0.06124143,-0.08964867,1.0,0.0,0.0,0.0,-1.0
22556000,22556000,0.0012929611,0.059153974,-0.0905492,1.0,0.0,0.0,0.0,-1.0
22604000,22604000,-0.0010677885,0.06016861,-0.0915651,1.0,0.0,0.0,0.0,-1.0
22656000,22656000,-0.000954882,0.061293487,-0.09218579,1.0,0.0,0.0,0.0,-1.0
22704000,22704000,-0.0016188892,0.064544484,-0.09271054,1.0,0.0,0.0,0.0,-1.0
22756000,22756000,-0.00068118464,0.06063532,-0.093271084,1.0,0.0,0.0,0.0,-1.0
22804000,22804000,-0.0016296111,0.064732604,-0.09509434,1.0,0.0,0.0,0.0,-1.0
22856000,22856000,-0.0029357092,0.06237952,-0.09530632,1.0,0.0,0.0,0.0,-1.0
22904000,22904000,-0.0028667862,0.06405962,-0.09731818,1.0,0.0,0.0,0.0,-1.0
22956000,22956000,-0.0028164848,0.06505251,-0.09734168,1.0,0.0,0.0,0.0,-1.0
23004000,23004000,-0.0036555082,0.06426149,-0.098479465,1.0,0.0,0.0,0.0,-1.0
23056000,23056000,-0.0036649199,0.06455656,-0.099490955,1.0,0.0,0.0,0.0,-1.0
23104000,23104000,-0.004152664,0.06753733,-0.10020831,1.0,0.0,0.0,0.0,-1.0
23156000,23156000,-0.004001023,0.06576411,-0.10209359,1.0,0.0,0.0,0.0,-1.0
23204000,23204000,-0.003084277,0.06551047,-0.10044979,1.0,0.0,0.0,0.0,-1.0
23256000,23256000,-0.0030873423,0.06583628,-0.10226692,1.0,0.0,0.0,0.0,-1.0
23304000,23304000,-0.002594102,0.06680892,-0.103308864,1.0,0.0,0.0,0.0,-1.0
23356000,23356000,-0.0033223974,0.06732245,-0.10230184,1.0,0.0,0.0,0.0,-1.0
23404000,23404000,-0.0034876897,0.06690159,-0.10410864,1.0,0.0,0.0,0.0,-1.0
23456000,23456000,-0.0025210567,0.06614142,-0.10539726,1.0,0.0,0.0,0.0,-1.0
23500000,23500000,-0.0030322815,0.06754114,-0.10557661,1.0,0.0,0.0,0.0,-1.0
23552000,23552000,-0.0027506475,0.071336456,-0.10556664,1.0,0.0,0.0,0.0,-1.0
23604000,23604000,-0.0025259645,0.0720945,-0.106593564,1.0,0.0,0.0,0.0,-1.0
23656000,23656000,-0.005873963,0.070767425,-0.10762797,1.0,0.0,0.0,0.0,-1.0
23704000,23704000,-0.004661346,0.07114265,-0.10794879,1.0,0.0,0.0,0.0,-1.0
23756000,23756000,-0.0054151593,0.06952406,-0.10992309,1.0,0.0,0.0,0.0,-1.0
23804000,23804000,-0.0030190384,0.06862812,-0.11117152,1.0,0.0,0.0,0.0,-1.0
23856000,23856000,-0.004292086,0.07254647,-0.11079121,1.0,0.0,0.0,0.0,-1.0
23904000,23904000,-0.00398948,0.07105241,-0.11242646,1.0,0.0,0.0,0.0,-1.0
23956000,23956000,-0.0032971913,0.07176851,-0.11318613,1.0,0.0,0.0,0.0,-1.0
24004000,24004000,-0.0055653383,0.070102684,-0.11470829,1.0,0.0,0.0,0.0,-1.0
24056000,24056000,-0.0037356217,0.070453174,-0.11607111,1.0,0.0,0.0,0.0,-1.0
24104000,24104000,-0.003241642,0.071837835,-0.11558311,1.0,0.0,0.0,0.0,-1.0
24156000,24156000,-0.0039299503,0.07341885,-0.116555445,1.0,0.0,0.0,0.0,-1.0
24204000,24204000,-0.005361169,0.072863765,-0.11709606,1.0,0.0,0.0,0.0,-1.0
24256000,24256000,-0.0057378337,0.07447184,-0.117842086,1.0,0.0,0.0,0.0,-1.0
24304000,24304000,-0.004693126,0.07472879,-0.119223624,1.0,0.0,0.0,0.0,-1.0
24356000,24356000,-0.0051121204,0.07475804,-0.119629174,1.0,0.0,0.0,0.0,-1.0
24404000,24404000,-0.0047167395,0.07330187,-0.12138309,1.0,0.0,0.0,0.0,-1.0
24456000,24456000,-0.007823131,0.075225435,-0.12113205,1.0,0.0,0.0,0.0,-1.0
24500000,24500000,-0.007881783,0.07459876,-0.12241271,1.0,0.0,0.0,0.0,-1.0
24556000,24556000,-0.0038469168,0.07444256,-0.12257961,1.0,0.0,0.0,0.0,-1.0
24604000,24604000,-0.00439257,0.07613691,-0.12371773,1.0,0.0,0.0,0.0,-1.0
24656000,24656000,-0.0072327154,0.07514664,-0.12293677,1.0,0.0,0.0,0.0,-1.0
24704000,24704000,-0.0042740386,0.07524866,-0.12581512,1.0,0.0,0.0,0.0,-1.0
24756000,24756000,-0.004402898,0.07895311,-0.12503435,1.0,0.0,0.0,0.0,-1.0
24804000,24804000,-0.0051629627,0.074418634,-0.12594925,1.0,0.0,0.0,0.0,-1.0
24856000,24856000,-0.007700764,0.077296734,-0.12741531,1.0,0.0,0.0,0.0,-1.0
24904000,24904000,-0.0058763786,0.079183385,-0.12883788,1.0,0.0,0.0,0.0,-1.0
24956000,24956000,-0.0061055557,0.08094774,-0.12920874,1.0,0.0,0.0,0.0,-1.0
25000000,25000000,-0.00743111,0.07805636,-0.12983844,1.0,0.0,0.0,0.0,-1.0
25056000,25056000,-0.006314799,0.07920127,-0.1310307,1.0,0.0,0.0,0.0,-1.0
25104000,25104000,-0.008434807,0.07982126,-0.13270193,1.0,0.0,0.0,0.0,-1.0
25156000,25156000,-0.0046460303,0.082715094,-0.13234435,1.0,0.0,0.0,0.0,-1.0
25204000,25204000,-0.0062508537,0.081273995,-0.13464546,1.0,0.0,0.0,0.0,-1.0
25256000,25256000,-0.0052405875,0.0806605,-0.13451824,1.0,0.0,0.0,0.0,-1.0
25304000,25304000,-0.0071468274,0.084319785,-0.13644359,1.0,0.0,0.0,0.0,-1.0
25356000,25356000,-0.009251702,0.08132262,-0.13734804,1.0,0.0,0.0,0.0,-1.0
25404000,25404000,-0.008066398,0.08255752,-0.13753182,1.0,0.0,0.0,0.0,-1.0
25456000,25456000,-0.007859748,0.08092736,-0.13775252,1.0,0.0,0.0,0.0,-1.0
25504000,25504000,-0.007877644,0.08266153,-0.13804545,1.0,0.0,0.0,0.0,-1.0
25556000,25556000,-0.008425159,0.083815016,-0.13935782,1.0,0.0,0.0,0.0,-1.0
25604000,25604000,-0.010282027,0.08261482,-0.14069496,1.0,0.0,0.0,0.0,-1.0
25656000,25656000,-0.010219105,0.08404595,-0.14087933,1.0,0.0,0.0,0.0,-1.0
25704000,25704000,-0.009863242,0.08352853,-0.14240703,1.0,0.0,0.0,0.0,-1.0
25752000,25752000,-0.009065038,0.085617684,-0.14284861,1.0,0.0,0.0,0.0,-1.0
25804000,25804000,-0.010914298,0.08503942,-0.14461185,1.0,0.0,0.0,0.0,-1.0
25856000,25856000,-0.009930558,0.085292876,-0.14446196,1.0,0.0,0.0,0.0,-1.0
25904000,25904000,-0.011406825,0.084910005,-0.14604518,1.0,0.0,0.0,0.0,-1.0
25956000,25956000,-0.009144498,0.0876762,-0.14643654,1.0,0.0,0.0,0.0,-1.0
26004000,26004000,-0.010559381,0.0869092,-0.14658247,1.0,0.0,0.0,0.0,-1.0
26056000,26056000,-0.010922156,0.08706896,-0.14721712,1.0,0.0,0.0,0.0,-1.0
26104000,26104000,-0.0109082945,0.08703733,-0.14850289,1.0,0.0,0.0,0.0,-1.0
26156000,26156000,-0.010922735,0.08817012,-0.14965208,1.0,0.0,0.0,0.0,-1.0
26204000,26204000,-0.012487839,0.08743229,-0.14874613,1.0,0.0,0.0,0.0,-1.0
26256000,26256000,-0.011309646,0.08724513,-0.15058629,1.0,0.0,0.0,0.0,-1.0
26304000,26304000,-0.010968308,0.090779446,-0.15278162,1.0,0.0,0.0,0.0,-1.0
26356000,26356000,-0.010564242,0.08840502,-0.15248924,1.0,0.0,0.0,0.0,-1.0
26404000,26404000,-0.013425328,0.08895892,-0.15405868,1.0,0.0,0.0,0.0,-1.0
26456000,26456000,-0.010334504,0.08738022,-0.1540137,1.0,0.0,0.0,0.0,-1.0
26504000,26504000,-0.01242362,0.090584524,-0.15456758,1.0,0.0,0.0,0.0,-1.0
26556000,26556000,-0.011142599,0.0885889,-0.15668795,1.0,0.0,0.0,0.0,-1.0
26604000,26604000,-0.011657048,0.090660855,-0.1570682,1.0,0.0,0.0,0.0,-1.0
26656000,26656000,-0.01309286,0.09664558,-0.15697901,0.99987596,0.0,0.0,0.0,-1.0
26700000,26700000,-0.011360468,0.09141331,-0.15751846,1.0,0.0,0.0,0.0,-1.0
26756000,26756000,-0.012287271,0.09455756,-0.15805432,1.0,0.0,0.0,0.0,-1.0
26804000,26804000,-0.012253158,0.09208487,-0.1591872,1.0,0.0,0.0,0.0,-1.0
26856000,26856000,-0.01117788,0.09424602,-0.1612838,1.0,0.0,0.0,0.0,-1.0
26904000,26904000,-0.014363393,0.09303516,-0.16201064,1.0,0.0,0.0,0.0,-1.0
26956000,26956000,-0.0138015235,0.0945333,-0.16237178,1.0,0.0,0.0,0.0,-1.0
27004000,27004000,-0.0139446445,0.09310851,-0.1631018,1.0,0.0,0.0,0.0,-1.0
27056000,27056000,-0.013685239,0.09366109,-0.16384678,1.0,0.0,0.0,0.0,-1.0
27104000,27104000,-0.012278392,0.09623308,-0.16401562,1.0,0.0,0.0,0.0,-1.0
27152000,27152000,-0.012579589,0.09451347,-0.16605873,1.0,0.0,0.0,0.0,-1.0
27204000,27204000,-0.013854761,0.09463973,-0.16598253,1.0,0.0,0.0,0.0,-1.0
27256000,27256000,-0.015731245,0.09699379,-0.16700292,1.0,0.0,0.0,0.0,-1.0
27304000,27304000,-0.012983175,0.0938136,-0.16822633,1.0,0.0,0.0,0.0,-1.0
27356000,27356000,-0.014927039,0.093985565,-0.16923335,1.0,0.0,0.0,0.0,-1.0
27404000,27404000,-0.014685348,0.09500407,-0.17045364,1.0,0.0,0.0,0.0,-1.0
27456000,27456000,-0.019848796,0.101523094,-0.17030936,0.9999948,0.0,0.0,0.0,-1.0
27504000,27504000,-0.015923845,0.094254166,-0.17332219,1.0,0.0,0.0,0.0,-1.0
27556000,27556000,-0.015268623,0.09669889,-0.1719556,1.0,0.0,0.0,0.0,-1.0
27600000,27600000,-0.015306378,0.09908478,-0.17302439,1.0,0.0,0.0,0.0,-1.0
27656000,27656000,-0.015351988,0.09912462,-0.1733161,1.0,0.0,0.0,0.0,-1.0
27704000,27704000,-0.018311761,0.095405474,-0.14917915,0.5672494,0.0,0.0,0.0,-1.0
27756000,27756000,-0.052838422,0.1033348,-0.14145961,0.55754733,0.0,0.0,0.0,-1.0
27800000,27800000,-0.02917961,0.09536015,-0.14396489,0.541091,0.0,0.0,0.0,-1.0
27856000,27856000,-0.03247503,0.10764812,-0.14011085,0.52250046,0.0,0.0,0.0,-1.0
27900000,27900000,-0.02727873,0.0970682,-0.14096639,0.50906783,0.0,0.0,0.0,-1.0
27956000,27956000,-0.03200115,0.10250234,-0.14113775,0.48086825,0.0,0.0,0.0,-1.0
28004000,28004000,-0.03570648,0.10359378,-0.14104708,0.4631361,0.0,0.0,0.0,-1.0
28056000,28056000,-0.036530785,0.100330174,-0.14196932,0.42978016,0.0,0.0,0.0,-1.0
28104000,28104000,-0.03676272,0.104424916,-0.14306882,0.40520296,0.0,0.0,0.0,-1.0
28156000,28156000,-0.042663243,0.10688191,-0.14181268,0.3822798,0.0,0.0,0.0,-1.0
28204000,28204000,-0.045082603,0.11035605,-0.14146847,0.37168044,0.0,0.0,0.0,-1.0
28256000,28256000,-0.052881222,0.11421066,-0.1419142,0.3590488,0.0,0.0,0.0,-1.0
28304000,28304000,-0.049318355,0.116409115,-0.14136596,0.34978423,0.0,0.0,0.0,-1.0
28356000,28356000,-0.044895966,0.10446063,-0.14139207,0.33969125,0.0,0.0,0.0,-1.0
28404000,28404000,-0.046630114,0.10719148,-0.14150158,0.3327026,0.0,0.0,0.0,-1.0
28456000,28456000,-0.045372117,0.103621796,-0.14211562,0.32531187,0.0,0.0,0.0,-1.0
28500000,28500000,-0.045151632,0.1036909,-0.14222555,0.32465363,0.0,0.0,0.0,-1.0
28556000,28556000,-0.048615646,0.10488418,-0.14181359,0.3318715,0.0,0.0,0.0,-1.0
28604000,28604000,-0.04701584,0.104480796,-0.14023551,0.33588436,0.0,0.0,0.0,-1.0
28656000,28656000,-0.049512595,0.100024596,-0.14133574,0.33214846,0.0,0.0,0.0,-1.0
28704000,28704000,-0.051088672,0.10074845,-0.14159974,0.31912592,0.0,0.0,0.0,-1.0
28756000,28756000,-0.048029806,0.1025608,-0.13990217,0.3100879,0.0,0.0,0.0,-1.0
28804000,28804000,-0.05308561,0.10289298,-0.14186266,0.3051925,0.0,0.0,0.0,-1.0
28852000,28852000,-0.05439316,0.09854921,-0.1410626,0.30031425,0.0,0.0,0.0,-1.0
28904000,28904000,-0.055414896,0.10234483,-0.14109173,0.29504395,0.0,0.0,0.0,-1.0
28956000,28956000,-0.055205278,0.099274784,-0.14063403,0.29002696,0.0,0.0,0.0,-1.0
29004000,29004000,-0.055764224,0.09949336,-0.14201672,0.2851379,0.0,0.0,0.0,-1.0
29056000,29056000,-0.05748378,0.09943417,-0.1418599,0.28008577,0.0,0.0,0.0,-1.0
29100000,29100000,-0.059391446,0.09894777,-0.1404475,0.27546674,0.0,0.0,0.0,-1.0
29156000,29156000,-0.06080103,0.1003342,-0.14092135,0.27038646,0.0,0.0,0.0,-1.0
29204000,29204000,-0.06167718,0.099666096,-0.14082386,0.26585546,0.0,0.0,0.0,-1.0
29256000,29256000,-0.063158505,0.101364635,-0.14132813,0.26025572,0.0,0.0,0.0,-1.0
29300000,29300000,-0.06551377,0.09856593,-0.14007369,0.25572172,0.0,0.0,0.0,-1.0
29356000,29356000,-0.064429276,0.09719838,-0.14105552,0.25061536,0.0,0.0,0.0,-1.0
29404000,29404000,-0.06909852,0.095197685,-0.13983783,0.24600759,0.0,0.0,0.0,-1.0
29456000,29456000,-0.062704355,0.09523535,-0.14123444,0.24042636,0.0,0.0,0.0,-1.0
29504000,29504000,-0.06331968,0.09657916,-0.14094345,0.2365553,0.0,0.0,0.0,-1.0
29556000,29556000,-0.06335982,0.09839959,-0.14098813,0.23115186,0.0,0.0,0.0,-1.0
29604000,29604000,-0.06327418,0.09561526,-0.14157662,0.22625919,0.0,0.0,0.0,-1.0
29656000,29656000,-0.06296924,0.095566675,-0.13972802,0.22118719,0.0,0.0,0.0,-1.0
29704000,29704000,-0.06427021,0.09628894,-0.14030497,0.21687658,0.0,0.0,0.0,-1.0
29756000,29756000,-0.0678465,0.09433453,-0.1410652,0.21235114,0.0,0.0,0.0,-1.0
29804000,29804000,-0.06406459,0.09209843,-0.14164579,0.20686923,0.0,0.0,0.0,-1.0
29856000,29856000,-0.06768472,0.09259602,-0.14016762,0.20260014,0.0,0.0,0.0,-1.0
29904000,29904000,-0.054849047,0.09971275,-0.14146967,0.12,0.0,0.0,0.0,-1.0
29956000,29956000,-0.05382576,0.09873571,-0.14160763,0.12,0.0,0.0,0.0,-1.0
30004000,30004000,-0.055420134,0.09766488,-0.14100789,0.12,0.0,0.0,0.0,-1.0
30056000,30056000,-0.05369978,0.09893907,-0.14060307,0.12,0.0,0.0,0.0,-1.0
30104000,30104000,-0.054546606,0.10222428,-0.1408008,0.12,0.0,0.0,0.0,-1.0
30156000,30156000,-0.055679362,0.09950631,-0.14065874,0.12,0.0,0.0,0.0,-1.0
30204000,30204000,-0.05572589,0.09628743,-0.14107975,0.12,0.0,0.0,0.0,-1.0
30256000,30256000,-0.053684026,0.097259626,-0.14040023,0.12,0.0,0.0,0.0,-1.0
30304000,30304000,-0.050946962,0.1007818,-0.14095439,0.12,0.0,0.0,0.0,-1.0
30356000,30356000,-0.051646758,0.09782965,-0.14245376,0.12,0.0,0.0,0.0,-1.0
30404000,30404000,-0.056773636,0.10028439,-0.14177924,0.12,0.0,0.0,0.0,-1.0
30452000,30452000,-0.05547988,0.09799748,-0.14034884,0.12,0.0,0.0,0.0,-1.0
30504000,30504000,-0.05372946,0.09988588,-0.14230004,0.12,0.0,0.0,0.0,-1.0
30556000,30556000,-0.05365814,0.098204404,-0.14108628,0.12,0.0,0.0,0.0,-1.0
30604000,30604000,-0.054757737,0.09905906,-0.14168905,0.001,0.0,0.0,0.0,-1.0
30656000,30656000,-0.054311354,0.10120297,-0.14044297,0.001,0.0,0.0,0.0,-1.0
30704000,30704000,-0.05418078,0.094395384,-0.14085424,0.001,0.0,0.0,0.0,-1.0
30752000,30752000,-0.053479493,0.09994275,-0.14146347,0.001,0.0,0.0,0.0,-1.0
30804000,30804000,-0.05211005,0.098474145,-0.14173707,0.001,0.0,0.0,0.0,-1.0
30856000,30856000,-0.053187806,0.09863201,-0.14112736,0.001,0.0,0.0,0.0,-1.0
30904000,30904000,-0.055743683,0.098707445,-0.1415465,0.001,0.0,0.0,0.0,-1.0
30956000,30956000,-0.05472054,0.09609837,-0.14110774,0.001,0.0,0.0,0.0,-1.0
31004000,31004000,-0.049741965,0.0972952,-0.14164309,0.001,0.0,0.0,0.0,-1.0
31056000,31056000,-0.05242776,0.10050493,-0.14066973,0.001,0.0,0.0,0.0,-1.0
31104000,31104000,-0.052137565,0.098089434,-0.14089228,0.001,0.0,0.0,0.0,-1.0
31156000,31156000,-0.049968,0.09994527,-0.1414587,0.001,0.0,0.0,0.0,-1.0
31204000,31204000,-0.05353849,0.09526955,-0.14090514,0.001,0.0,0.0,0.0,-1.0
31256000,31256000,-0.053004187,0.09705817,-0.14145768,0.001,0.0,0.0,0.0,-1.0
31304000,31304000,-0.05319115,0.09943196,-0.14058575,0.001,0.0,0.0,0.0,-1.0
31356000,31356000,-0.05446737,0.10004808,-0.14294565,0.001,0.0,0.0,0.0,-1.0
31404000,31404000,-0.055660922,0.10060208,-0.14151694,0.001,0.0,0.0,0.0,-1.0
31456000,31456000,-0.051468745,0.098412566,-0.1407744,0.001,0.0,0.0,0.0,-1.0
31500000,31500000,-0.05172705,0.09932529,-0.1412209,0.001,0.0,0.0,0.0,-1.0
31556000,31556000,-0.054008752,0.099418566,-0.14028412,0.001,0.0,0.0,0.0,-1.0
31604000,31604000,-0.05294732,0.09841209,-0.13866176,0.001,0.0,0.0,0.0,-1.0
31656000,31656000,-0.052884065,0.0994025,-0.14200346,0.001,0.0,0.0,0.0,-1.0
31704000,31704000,-0.052319445,0.09774837,-0.14060722,0.001,0.0,0.0,0.0,-1.0
31756000,31756000,-0.051731892,0.09960303,-0.14138684,0.001,0.0,0.0,0.0,-1.0
31804000,31804000,-0.051226396,0.09532828,-0.14051075,0.001,0.0,0.0,0.0,-1.0
31856000,31856000,-0.05404248,0.09895755,-0.14132057,0.001,0.0,0.0,0.0,-1.0
31904000,31904000,-0.052337244,0.098099746,-0.14232701,0.001,0.0,0.0,0.0,-1.0
31956000,31956000,-0.05304415,0.10238982,-0.1399608,0.001,0.0,0.0,0.0,-1.0
32004000,32004000,-0.052780803,0.100098744,-0.14173552,0.001,0.0,0.0,0.0,-1.0
32056000,32056000,-0.0470129,0.097127035,-0.14228608,0.001,0.0,0.0,0.0,-1.0
32104000,32104000,-0.050513983,0.100472316,-0.14054927,0.001,0.0,0.0,0.0,-1.0
32156000,32156000,-0.051373553,0.097023346,-0.14241816,0.001,0.0,0.0,0.0,-1.0
32204000,32204000,-0.049516626,0.09845099,-0.14057754,0.001,0.0,0.0,0.0,-1.0
32256000,32256000,-0.051565118,0.10112178,-0.14093716,0.001,0.0,0.0,0.0,-1.0
32304000,32304000,-0.050488412,0.096120924,-0.14093538,0.001,0.0,0.0,0.0,-1.0
32356000,32356000,-0.049075752,0.10024461,-0.14048257,0.001,0.0,0.0,0.0,-1.0
32404000,32404000,-0.050486322,0.09790724,-0.14081745,0.001,0.0,0.0,0.0,-1.0
32456000,32456000,-0.05305556,0.099100076,-0.14065264,0.001,0.0,0.0,0.0,-1.0
32500000,32500000,-0.049900845,0.103030175,-0.14071518,0.001,0.0,0.0,0.0,-1.0
32556000,32556000,-0.052161545,0.09646155,-0.14135651,0.001,0.0,0.0,0.0,-1.0
32604000,32604000,-0.0011248166,-0.001078052,0.00054295623,0.001,0.0,0.0,0.0,-1.0
32656000,32656000,-0.0048423805,0.0020577428,0.00047958316,0.001,0.0,0.0,0.0,-1.0
32704000,32704000,-0.0009083154,-0.00076810486,-0.0008104484,0.001,0.0,0.0,0.0,-1.0
32756000,32756000,-0.0014370643,4.11139e-05,-3.218689e-05,0.001,0.0,0.0,0.0,-1.0
32804000,32804000,-0.0014701736,-0.00022493456,-0.00028777606,0.001,0.0,0.0,0.0,-1.0
32856000,32856000,-0.0023778705,-0.00013174415,0.00046594106,0.001,0.0,0.0,0.0,-1.0
32904000,32904000,-0.00066146994,0.0012877967,-0.0012840278,0.001,0.0,0.0,0.0,-1.0
32956000,32956000,-0.0007623475,-0.000784341,0.00060497486,0.001,0.0,0.0,0.0,-1.0
33000000,33000000,-0.0011778743,0.0018476206,-0.00017405019,0.001,0.0,0.0,0.0,-1.0
33056000,33056000,-0.0007749066,0.0018525928,0.00010171637,0.001,0.0,0.0,0.0,-1.0
33104000,33104000,-6.457662e-05,0.0027087193,0.00033398988,0.001,0.0,0.0,0.0,-1.0
33156000,33156000,0.0023753834,0.0017234999,-0.00020925727,0.001,0.0,0.0,0.0,-1.0
33204000,33204000,-0.0036288379,-0.0009289202,0.00088537904,0.001,0.0,0.0,0.0,-1.0
33256000,33256000,0.00097361475,0.0005535493,0.00015122273,0.001,0.0,0.0,0.0,-1.0
33304000,33304000,0.00054599275,0.0017642943,0.0002733243,0.001,0.0,0.0,0.0,-1.0
33356000,33356000,0.00026911972,-0.0004560908,-0.00054112094,0.001,0.0,0.0,0.0,-1.0
33404000,33404000,-0.001942561,0.0028101665,0.0002579042,0.001,0.0,0.0,0.0,-1.0
33456000,33456000,0.0018058079,-0.000218337,-0.00013594759,0.001,0.0,0.0,0.0,-1.0
33504000,33504000,0.0009716701,0.0011749106,0.00020535616,0.001,0.0,0.0,0.0,-1.0
33556000,33556000,-0.0010750013,0.000196261,-0.00032306853,0.001,0.0,0.0,0.0,-1.0
