timestamp,timestamp_sample,xyz[0],xyz[1],xyz[2]
216000,216000,-0.050227016,-1.3800523,-10.529377
220000,220000,0.0889527,-1.3426548,-10.330615
264000,264000,0.070044436,-1.0311465,-9.9956045
312000,312000,0.19862218,1.2265908,-8.848127
364000,364000,-0.0953799,1.0702337,-9.308084
416000,416000,0.83921736,-0.73023087,-11.500304
464000,464000,-0.037980314,-0.7520325,-9.388572
516000,516000,0.16170855,-0.8029024,-9.460319
568000,568000,0.14776094,0.928335,-8.898179
616000,616000,0.057909936,1.0419475,-9.768058
664000,664000,-0.01920914,-1.3993716,-9.807288
716000,716000,0.09549917,-1.1470809,-9.971668
764000,764000,-0.59455144,1.3650755,-9.34669
816000,816000,-0.18795064,1.1068933,-9.699735
868000,868000,0.23975897,-0.7800942,-9.023439
916000,916000,0.70339704,0.58324456,-10.349549
964000,964000,0.07939558,0.731864,-9.425216
1016000,1016000,-0.7871752,-0.7153438,-8.02332
1068000,1068000,0.43285105,0.034282118,-9.444162
1116000,1116000,0.11065995,0.5088785,-9.851674
1168000,1168000,0.9799498,0.3580408,-10.93452
1216000,1216000,-0.61648923,0.51062953,-9.322485
1264000,1264000,0.09029026,0.65481615,-10.04092
1312000,1312000,0.03266995,-0.66990227,-10.150138
1364000,1364000,-0.037840974,-0.61669767,-10.22261
1416000,1416000,0.04102439,-0.61324334,-10.201651
1468000,1468000,-0.01772814,-0.6158837,-10.133671
1516000,1516000,-0.11207656,-0.6353596,-10.131623
1564000,1564000,-0.061610974,-0.66636544,-10.130951
1612000,1612000,0.11441871,0.6688314,-10.223973
1664000,1664000,0.024199702,-0.5642857,-9.904792
1716000,1716000,-0.03361245,-0.58943564,-9.6828165
1768000,1768000,0.3017465,0.024456238,-9.288377
1816000,1816000,0.24150963,-0.2406524,-9.318004
1868000,1868000,0.2421861,-0.33307683,-9.426767
1916000,1916000,0.31488734,-0.34323305,-9.265933
1968000,1968000,0.578234,0.12143163,-10.282833
2012000,2012000,1.067324,0.0559212,-10.6237955
2068000,2068000,0.26819327,-0.3017171,-9.889606
2116000,2116000,0.90382534,-0.18722272,-11.04607
2168000,2168000,0.06404812,-0.050075836,-10.062707
2216000,2216000,-0.13716778,-0.72729695,-9.966898
2268000,2268000,0.065675244,0.53688455,-10.080622
2316000,2316000,0.008578622,0.015963102,-10.197311
2368000,2368000,-0.021655306,-0.012590624,-10.232404
2416000,2416000,-0.011908302,-0.6350398,-9.943228
2468000,2468000,0.23672704,-0.24885137,-9.6771345
2516000,2516000,-0.06124124,0.5952721,-9.580322
2568000,2568000,-0.10540881,-0.570641,-9.380444
2612000,2612000,0.13606003,-0.6180429,-9.571903
2664000,2664000,0.39212885,0.25002736,-9.429609
2716000,2716000,0.09519621,-0.08427728,-9.573571
2768000,2768000,0.13743204,0.34184656,-9.942679
2816000,2816000,0.083487034,0.64142406,-9.915296
2868000,2868000,-0.04395483,-0.5288568,-10.122556
2912000,2912000,0.034101278,-0.707868,-9.950394
2964000,2964000,0.092799485,-0.5377067,-10.0672655
3016000,3016000,0.06525625,0.15900345,-10.131444
3068000,3068000,0.04854316,0.54901767,-9.972872
3116000,3116000,0.50193834,-0.47830364,-10.51675
3168000,3168000,0.95747477,0.30998787,-10.808861
3212000,3212000,0.023021402,-0.2654566,-9.970034
3264000,3264000,0.111873865,0.4861924,-9.871602
3316000,3316000,-0.03268872,0.35881186,-9.39193
3368000,3368000,0.46153072,0.47286415,-9.468717
3412000,3412000,0.19128828,-0.5768919,-9.521782
3464000,3464000,0.14015067,0.22007221,-9.555781
3516000,3516000,0.3285432,0.6135105,-9.339804
3568000,3568000,0.27428845,0.25522137,-9.427922
3616000,3616000,0.18340777,-0.46408176,-9.583247
3664000,3664000,0.22449425,-0.6003194,-9.393689
3712000,3712000,-0.09736607,-0.012240101,-9.421698
3764000,3764000,0.078079365,0.19733147,-9.651896
3812000,3812000,0.4456014,-0.110475466,-9.280667
3864000,3864000,0.58586544,0.27531296,-10.212537
3916000,3916000,0.14692135,0.5595891,-9.9607315
3968000,3968000,0.67035574,-0.47082344,-10.666426
4012000,4012000,-1.1441308,0.25665626,-8.86965
4068000,4068000,0.32162488,0.23637609,-9.9193735
4112000,4112000,0.069838904,0.20928307,-10.033267
4164000,4164000,0.00890112,-0.608071,-10.047521
4216000,4216000,0.18106246,0.6320151,-9.953435
4268000,4268000,-0.019975187,-0.60271525,-9.672971
4316000,4316000,0.20471942,-0.311857,-9.435447
4368000,4368000,-0.08563194,0.056087956,-9.5276785
4416000,4416000,-0.029931538,0.23475555,-9.496493
4468000,4468000,0.29863006,-0.14420392,-9.572361
4516000,4516000,0.13217047,0.30858758,-9.441805
4568000,4568000,1.0056233,-0.4249378,-10.646322
4616000,4616000,0.21329159,-0.31651798,-9.86028
4668000,4668000,0.10192847,-0.28395236,-9.994688
4716000,4716000,-0.07486587,-0.5776593,-9.955353
4768000,4768000,-0.05998331,0.60965735,-9.911223
4816000,4816000,0.06544815,0.6575342,-10.145593
4868000,4868000,0.06574414,0.67918205,-10.092266
4912000,4912000,0.05765461,0.1954714,-10.285541
4968000,4968000,0.072152846,0.06600978,-10.082658
5016000,5016000,0.089509115,0.19492285,-10.105679
5068000,5068000,0.00977009,-0.060511105,-10.019631
5116000,5116000,0.16655633,0.03154479,-10.083806
5168000,5168000,0.050392665,-0.63500667,-9.8561945
5216000,5216000,0.07709458,0.51280475,-9.965033
5268000,5268000,0.24074042,0.41881722,-9.735326
5316000,5316000,0.09319451,-0.685088,-9.80652
5368000,5368000,0.07462426,-0.6186432,-9.906586
5412000,5412000,0.07070428,0.078042515,-10.069773
5464000,5464000,0.08434197,0.49326926,-9.848814
5516000,5516000,0.30509505,0.6436211,-9.243294
5568000,5568000,0.32095852,0.07186871,-9.22022
5612000,5612000,-0.08794327,0.29755098,-9.510407
5668000,5668000,0.15560219,-0.6629908,-9.529275
5716000,5716000,0.31731227,-0.04965083,-9.348709
5768000,5768000,-0.555319,0.20828068,-8.926324
5816000,5816000,0.22197513,-0.3624694,-9.663935
5868000,5868000,0.27630553,0.37989685,-9.900352
5916000,5916000,-1.1392167,0.045262575,-8.830434
5968000,5968000,0.07523818,0.5513782,-9.997503
6016000,6016000,0.024783159,-0.6132275,-10.060774
6068000,6068000,0.04812454,-0.5869297,-9.961439
6116000,6116000,0.1218737,0.35986444,-10.263037
6168000,6168000,0.120174006,0.52576715,-9.975582
6216000,6216000,0.07793886,0.39374125,-9.862715
6268000,6268000,0.37258902,-0.6082844,-9.3297825
6316000,6316000,0.22645855,-0.43688002,-9.386059
6368000,6368000,0.41231292,0.49684262,-9.171235
6412000,6412000,0.16264082,-0.54582304,-9.432929
6468000,6468000,0.0506959,0.13274579,-9.29881
6516000,6516000,0.30182406,-0.23670903,-9.223723
6568000,6568000,0.13975006,-0.23506229,-9.745978
6616000,6616000,0.08288791,0.49970928,-9.811075
6668000,6668000,0.05409997,-0.54460645,-10.05434
6716000,6716000,0.041444615,-0.6188686,-10.04092
6768000,6768000,-0.029160244,-0.6140993,-10.172058
6816000,6816000,0.04718043,-0.6039058,-10.134136
6868000,6868000,0.029518005,0.5608723,-10.241824
6916000,6916000,0.06858323,-0.64415133,-10.129692
6968000,6968000,0.15709446,-0.5218453,-9.988583
7016000,7016000,-0.20657635,0.53257996,-9.493007
7068000,7068000,-0.5822429,0.45800385,-8.96153
7116000,7116000,0.9706544,-0.12157231,-10.596441
7164000,7164000,0.7047801,-0.39063254,-10.247234
7216000,7216000,0.26025137,-0.5058244,-9.768922
7268000,7268000,0.3349434,-0.35520622,-9.271769
7316000,7316000,0.17456208,0.43622458,-9.480328
7368000,7368000,0.26235944,0.094194084,-9.475445
7416000,7416000,0.1031124,0.53579885,-9.587592
7468000,7468000,0.09485053,0.5408369,-9.905471
7512000,7512000,0.11787435,-0.5709444,-9.818204
7568000,7568000,0.021649562,-0.42988488,-10.143274
7616000,7616000,-0.06882092,-0.50786203,-10.106143
7668000,7668000,0.08359537,-0.2923786,-10.232771
7712000,7712000,-0.16816092,0.10046183,-9.67371
7768000,7768000,0.032469112,0.41482878,-10.029567
7816000,7816000,0.14265572,-0.33654526,-9.95867
7868000,7868000,0.12979783,-0.56922644,-9.829519
7916000,7916000,-1.1858772,-0.27799866,-8.661494
7964000,7964000,-0.7883297,-0.48694542,-9.184936
8016000,8016000,0.018170936,-0.64949024,-9.714934
8068000,8068000,0.2636079,0.31706557,-9.471668
8116000,8116000,0.06046835,-0.26383966,-9.666431
8168000,8168000,0.14263847,0.47331038,-9.417775
8212000,8212000,0.37562808,-0.5100735,-9.215378
8268000,8268000,-0.04303227,0.5118969,-9.606079
8316000,8316000,0.055882998,-0.23296835,-9.754711
8368000,8368000,0.02751085,-0.63674664,-9.835812
8412000,8412000,0.4378676,-0.2794965,-9.307869
8468000,8468000,0.09073017,-0.09913025,-9.973345
8516000,8516000,0.16342527,0.3800483,-9.956988
8568000,8568000,0.20023796,0.024519283,-9.92195
8616000,8616000,-0.6924116,-0.48453826,-9.262249
8668000,8668000,-0.00718419,-0.69118834,-9.88652
8712000,8712000,-0.014744626,0.3135933,-10.253351
8768000,8768000,0.036686197,0.56431305,-9.922547
8816000,8816000,0.20431703,0.0061005624,-9.670374
8868000,8868000,0.21120091,0.3333622,-9.314329
8912000,8912000,0.40445936,-0.23428419,-9.382316
8968000,8968000,0.434608,-0.29694706,-10.224367
9012000,9012000,0.50149,-0.44182166,-9.267629
9068000,9068000,-0.6534099,-0.44633266,-9.073964
9112000,9112000,0.13457303,-0.0061893193,-9.7113
9168000,9168000,0.04006784,-0.5899772,-10.060468
9216000,9216000,0.021483414,-0.25254175,-10.164284
9264000,9264000,0.020417146,0.32508564,-10.162338
9316000,9316000,-0.011116729,0.08765057,-10.207643
9368000,9368000,0.06896016,-0.48313317,-10.187413
9412000,9412000,0.030488713,0.7183466,-10.2341175
9468000,9468000,0.07403968,0.004209287,-10.167665
9512000,9512000,0.014995145,-0.6649811,-10.239456
9564000,9564000,0.0074642184,0.026228381,-10.073474
9612000,9612000,-0.036791135,-0.6116785,-10.029662
9668000,9668000,0.057342686,-0.29829305,-9.877479
9716000,9716000,0.19024915,0.24339801,-9.462939
9768000,9768000,0.15613861,0.15178108,-9.482175
9816000,9816000,0.7066352,-0.1958964,-9.943406
9868000,9868000,-0.575521,-0.5653736,-8.798754
9912000,9912000,0.18997426,-0.2032472,-9.530263
9968000,9968000,0.25884247,0.2366252,-9.283343
10016000,10016000,0.0021911033,-0.62263006,-9.56617
10068000,10068000,0.06364412,-0.5088081,-9.81568
10112000,10112000,0.08550991,-0.007015386,-9.736406
10168000,10168000,0.004280959,0.09721988,-10.103073
10216000,10216000,0.03511302,0.54549235,-9.523798
10268000,10268000,0.14767219,-0.6287962,-9.998695
10312000,10312000,0.22887126,0.027264278,-9.920438
10364000,10364000,0.11042546,0.0906324,-10.09869
10412000,10412000,0.023696959,-0.21819633,-10.206769
10468000,10468000,-0.0045532384,-0.12546857,-10.130229
10516000,10516000,0.033253882,-0.26491904,-10.210545
10568000,10568000,0.019675763,-0.46478894,-10.181717
10616000,10616000,-0.004788662,-0.65166694,-10.191245
10668000,10668000,0.044202723,-0.48829612,-9.828818
10716000,10716000,0.15555154,0.42364123,-9.830995
10768000,10768000,0.10494368,0.5209722,-9.642522
10816000,10816000,0.11924282,0.24240255,-9.578682
10868000,10868000,0.15336154,0.06771255,-9.498108
10916000,10916000,-0.2955943,0.25846112,-9.086478
10968000,10968000,0.13767011,-0.28021333,-9.399825
11016000,11016000,-0.51188517,-0.39380905,-8.685663
11068000,11068000,0.14790462,-0.03924472,-9.854261
11116000,11116000,0.05087541,0.61945283,-10.02069
11168000,11168000,0.0073578116,-0.6726183,-10.121186
11216000,11216000,0.054016177,0.10170199,-10.235741
11268000,11268000,0.05414874,-0.38814008,-10.200124
11312000,11312000,0.111978956,0.50749016,-10.156872
11368000,11368000,0.026867889,0.39524153,-10.287807
11416000,11416000,0.034903873,0.53028226,-10.457547
11464000,11464000,-0.016457088,-0.5295844,-10.233608
11516000,11516000,-0.01660827,-0.57525,-10.225137
11568000,11568000,-0.07631607,0.0067178328,-10.255135
11616000,11616000,-0.0047072996,-0.6981576,-10.250883
11668000,11668000,-0.026742684,0.6255546,-10.214769
11716000,11716000,0.0017791458,0.35821763,-10.087643
11764000,11764000,0.05222753,0.44796327,-10.002736
11816000,11816000,0.12371703,-0.3229045,-9.935295
11868000,11868000,0.03210154,-0.70507085,-9.585964
11916000,11916000,-0.10253647,0.32467005,-9.267052
11968000,11968000,0.12244851,-0.44530872,-9.416406
12016000,12016000,0.09944987,-0.030282823,-9.448283
12068000,12068000,0.45040768,-0.50423765,-9.075565
12116000,12116000,0.23925091,-0.55170876,-9.287231
12168000,12168000,0.2753355,-0.5202517,-9.783327
12216000,12216000,0.03798088,-0.33013564,-9.798979
12264000,12264000,-0.0029473226,-0.5899,-9.860778
12316000,12316000,-0.0071200724,-0.3633744,-10.040397
12364000,12364000,-0.07338639,-0.03630416,-10.044294
12416000,12416000,0.13856736,0.6579286,-10.207546
12468000,12468000,0.10569809,0.49457243,-10.150538
12516000,12516000,0.11290502,0.46658263,-10.030097
12568000,12568000,0.18748596,0.1757726,-9.682896
12612000,12612000,0.9058351,-0.18210094,-10.925306
12668000,12668000,-0.0025351082,-0.63636035,-9.562277
12716000,12716000,0.12847409,0.45016736,-9.626992
12768000,12768000,0.38251662,0.46146664,-9.226952
12812000,12812000,0.22668995,-0.37907937,-9.435518
12864000,12864000,0.010257096,-0.52441007,-9.618596
12912000,12912000,0.2200402,-0.634666,-9.3903
12968000,12968000,0.052034047,-0.4106248,-9.865425
13016000,13016000,0.017087637,-0.6470056,-9.93852
13068000,13068000,0.08323836,-0.03558481,-10.036991
13116000,13116000,0.24578768,0.33497712,-9.625016
13168000,13168000,-0.19048955,-0.05883291,-9.706966
13216000,13216000,0.67637646,-0.5600783,-10.536097
13264000,13264000,0.89877725,0.28555116,-10.925609
13316000,13316000,0.09685333,-0.091131225,-10.065841
13364000,13364000,0.15266213,0.26398963,-10.240763
13412000,13412000,0.01465122,-0.67419934,-10.108518
13468000,13468000,0.09390511,0.5492845,-10.069903
13516000,13516000,0.08760768,0.49753422,-10.05146
13568000,13568000,0.020359803,-0.548911,-9.89683
13616000,13616000,-0.01899618,-0.59704167,-10.023388
13668000,13668000,0.14011762,0.7127361,-9.831205
13716000,13716000,-0.017564354,-0.07953412,-9.76497
13768000,13768000,0.36459655,0.3116455,-9.262315
13816000,13816000,-0.109182544,-0.053374875,-9.627517
13868000,13868000,0.22878316,0.6017843,-9.456757
13912000,13912000,0.707565,0.10203723,-9.318431
13968000,13968000,0.47829175,-0.3359357,-10.276552
14016000,14016000,0.9808781,0.013636773,-10.541742
14068000,14068000,-1.1623144,-0.21509194,-8.657101
14116000,14116000,0.05829435,0.45913234,-9.961264
14168000,14168000,-0.043911844,-0.59634286,-10.102129
14212000,14212000,0.042636756,0.64310217,-10.164004
14268000,14268000,-0.018154548,-0.5988403,-10.201393
14316000,14316000,0.120602235,0.51939625,-10.14167
14368000,14368000,-0.026600692,-0.34741753,-10.001078
14416000,14416000,0.106193684,0.3019566,-9.873422
14468000,14468000,0.23357855,0.49130893,-9.478756
14516000,14516000,0.6994797,-0.6292034,-10.191763
14568000,14568000,0.033179905,-0.6476912,-9.417848
14616000,14616000,0.872802,0.32641983,-10.414829
14668000,14668000,0.12265798,-0.32912737,-9.466036
14716000,14716000,0.24119844,0.32181495,-9.273605
14768000,14768000,0.14842348,0.50334454,-9.625329
14816000,14816000,0.016902925,-0.5837829,-9.909106
14868000,14868000,-0.02847754,-0.62024766,-10.077097
14916000,14916000,0.0041671367,-0.40058032,-10.067366
14968000,14968000,0.082569025,-0.61500573,-10.10388
15016000,15016000,-0.043670483,-0.39611793,-10.0114975
15068000,15068000,0.047523364,0.6142796,-10.169236
15116000,15116000,0.030572534,0.0859698,-10.168203
15168000,15168000,-0.09819479,-0.4712891,-10.088903
15212000,15212000,0.20160256,0.3648044,-9.960276
15268000,15268000,0.11040783,-0.56550235,-9.740609
15312000,15312000,-0.68775856,-0.2660072,-9.347636
15364000,15364000,0.5786823,0.28634503,-10.480907
15416000,15416000,0.10557932,0.5059911,-9.8802595
15468000,15468000,0.21465792,-0.5504274,-9.923157
15516000,15516000,0.012774198,-0.5678426,-9.923429
15568000,15568000,0.07706911,-0.5905203,-9.626661
15616000,15616000,0.1905876,0.56062716,-9.497847
15664000,15664000,0.1886018,-0.62380695,-9.469172
15716000,15716000,-0.12107785,-0.62062085,-9.488268
15768000,15768000,-0.1415238,-0.70206356,-9.491729
15816000,15816000,-0.054674923,0.6030684,-9.52496
15868000,15868000,0.17508206,0.1944658,-9.427649
15912000,15912000,0.5457143,-0.4393024,-9.014409
15968000,15968000,0.3206654,-0.16928977,-9.486169
16016000,16016000,0.5717231,-0.42174223,-10.357041
16068000,16068000,-0.11859085,0.51862663,-9.826166
16112000,16112000,0.08270404,0.60621953,-9.874168
16168000,16168000,-0.069812134,0.5115675,-10.159916
16216000,16216000,-0.010825964,-0.17097092,-10.113397
16268000,16268000,0.037291642,0.50507325,-10.0627985
16316000,16316000,0.21751133,-0.17933325,-9.9635315
16368000,16368000,-0.026859393,0.4361991,-9.745119
16416000,16416000,0.03987517,0.3421426,-9.851763
16468000,16468000,0.1202532,0.4620233,-10.025467
16516000,16516000,0.20654225,-0.5994893,-10.064172
16568000,16568000,0.03169045,-0.14051375,-9.851982
16612000,16612000,0.050238702,-0.4187902,-9.749528
16668000,16668000,0.606654,0.23810752,-9.871944
16712000,16712000,0.13681652,-0.56088126,-9.619199
16768000,16768000,0.13180485,-0.09017223,-10.178855
16816000,16816000,0.12142332,0.4209864,-10.268904
16868000,16868000,0.06432202,0.178183,-9.80419
16916000,16916000,0.14314798,0.08729767,-9.707068
16968000,16968000,0.23407915,0.01606285,-9.40979
17016000,17016000,-0.046499576,-0.027272256,-9.592516
17068000,17068000,0.13546774,-0.020391848,-9.826148
17116000,17116000,0.2735309,-0.16559505,-9.984275
17164000,17164000,0.34533823,0.16947651,-10.288184
17212000,17212000,-0.87405705,-0.03865998,-9.062
17264000,17264000,0.67591184,0.07879614,-10.627649
17312000,17312000,-0.89878803,0.024337687,-9.024
17368000,17368000,0.6454535,-0.021030895,-10.178371
17416000,17416000,0.08353891,0.05041482,-9.052903
17468000,17468000,0.119746216,-0.15423493,-9.473473
17516000,17516000,0.22061649,0.17280254,-9.622323
17568000,17568000,0.1621037,-0.07911552,-9.891127
17612000,17612000,0.15638638,-0.070837185,-9.839965
17668000,17668000,-0.10302435,0.22692592,-10.103661
17716000,17716000,0.01885368,-0.043051116,-10.125296
17768000,17768000,0.28889883,0.3215477,-10.393651
17816000,17816000,-0.8877164,0.022670422,-9.051242
17868000,17868000,-0.46012574,0.10229771,-9.073667
17916000,17916000,0.40031755,0.026221836,-9.30346
17964000,17964000,-0.1185708,0.18962885,-9.512453
18016000,18016000,0.22949702,-0.106731154,-9.56002
18068000,18068000,0.075577356,0.0064087235,-9.88507
18116000,18116000,0.060878072,-0.111170754,-9.898012
18168000,18168000,-0.3836455,-0.2509265,-9.58131
18216000,18216000,0.015091079,0.086890824,-10.034394
18268000,18268000,0.32703996,-0.36552685,-9.973022
18316000,18316000,-0.68353873,-0.19998077,-9.048821
18368000,18368000,0.09602861,-0.06552898,-9.644854
18416000,18416000,0.39286274,-0.26143196,-9.622304
18464000,18464000,0.5900647,-0.35668594,-9.340419
18516000,18516000,0.14300048,-0.10544272,-9.713542
18564000,18564000,0.13099442,-0.3090755,-9.745027
18616000,18616000,0.040656645,-0.0053916946,-9.8969965
18668000,18668000,0.016911052,0.13541229,-10.042793
18716000,18716000,-0.7237459,0.010689588,-9.251573
18768000,18768000,0.88484603,-0.27255636,-9.233266
18816000,18816000,0.24013616,0.026702033,-10.45996
18868000,18868000,0.14682755,0.04019478,-10.454391
18916000,18916000,0.0708339,0.031898327,-10.322816
18968000,18968000,-0.09074944,0.13733743,-10.294745
19012000,19012000,-0.16560753,0.13844453,-10.249024
19068000,19068000,-2.7839596,0.12052387,-11.271355
19112000,19112000,-0.64176595,0.14048482,-10.068067
19168000,19168000,-0.64630127,0.09762311,-10.008648
19212000,19212000,-0.5130857,0.14360005,-10.095417
19268000,19268000,-0.28780246,0.14126818,-10.001244
19316000,19316000,-0.1502256,0.101264074,-9.219494
19364000,19364000,-0.05214352,0.07179137,-8.641993
19412000,19412000,-0.08564823,0.029585663,-8.432486
19468000,19468000,-0.19215226,0.008746962,-8.467282
19516000,19516000,-0.12247198,-0.023440208,-8.760312
19568000,19568000,-0.12976933,0.0103867585,-9.152282
19616000,19616000,-0.16474804,-0.034230556,-9.415438
19668000,19668000,-0.20198615,0.0008323922,-9.914011
19716000,19716000,-0.15430875,-0.049041227,-10.266162
19768000,19768000,-0.08034019,-0.074582666,-11.036948
19816000,19816000,-0.10941985,-0.041675385,-11.072224
19868000,19868000,-0.14594273,-0.06366722,-10.73927
19916000,19916000,-0.16003196,-0.032542992,-10.464758
19968000,19968000,-0.104585536,-0.13638441,-10.522244
20016000,20016000,-0.087124296,-0.11526797,-10.451939
20068000,20068000,-0.12861134,-0.08555774,-10.369038
20112000,20112000,-0.089422666,-0.07323435,-10.291009
20168000,20168000,-0.09977281,-0.12208568,-10.258178
20216000,20216000,-0.1053124,-0.110977724,-10.370822
20268000,20268000,-0.06664705,-0.087351896,-10.29983
20316000,20316000,-0.090014204,-0.082441956,-10.007275
20368000,20368000,-0.06639423,-0.08045034,-9.985463
20416000,20416000,-0.111429036,-0.08070709,-9.644946
20468000,20468000,-0.107362166,-0.07443405,-9.701223
20516000,20516000,-0.10549415,-0.06678633,-9.682567
20568000,20568000,-0.1451962,-0.06590903,-9.618226
20616000,20616000,-0.12050929,-0.044219557,-9.685685
20668000,20668000,-0.087427445,-0.07468511,-9.89467
20716000,20716000,-0.10574867,-0.089200936,-9.853331
20768000,20768000,-0.1588433,-0.07583171,-9.993638
20816000,20816000,-0.13820724,-0.040356673,-10.082566
20868000,20868000,-0.15883698,-0.050270583,-10.090577
20916000,20916000,-0.121821344,-0.037962023,-10.160987
20968000,20968000,-0.18483423,-0.07216652,-9.827551
21016000,21016000,-0.09412709,-0.042791143,-10.432427
21068000,21068000,-0.12068863,0.0009182381,-9.763752
21116000,21116000,-0.116858825,-0.11072796,-9.910623
21168000,21168000,-0.10665785,-0.0107663805,-10.315126
21216000,21216000,-0.120748386,-0.044314213,-9.451172
21268000,21268000,-0.123374365,-0.06854426,-10.406908
21316000,21316000,-0.110284165,-0.024010694,-10.008308
21368000,21368000,-0.120026514,-0.063165516,-9.69646
21416000,21416000,-0.07553277,-0.07292605,-10.189848
21468000,21468000,-0.08573299,-0.06224241,-9.989793
21512000,21512000,-0.10884787,-0.105461165,-9.911441
21568000,21568000,-0.08428196,-0.06142056,-10.028279
21616000,21616000,-0.06656387,-0.09036017,-10.016797
21668000,21668000,-0.059100144,-0.07537407,-9.87918
21712000,21712000,-0.047503803,-0.06691036,-9.880697
21768000,21768000,-0.04492113,-0.07851197,-9.9523535
21816000,21816000,0.054739177,-0.07110617,-9.991175
21868000,21868000,0.03509674,-0.081833884,-9.970674
21912000,21912000,0.07186539,-0.036392286,-9.996618
21968000,21968000,0.08878762,-0.10373627,-10.045088
22016000,22016000,0.11663584,-0.07670029,-10.242073
22068000,22068000,0.17926951,-0.065069996,-10.376207
22116000,22116000,0.17582986,-0.11976403,-10.3359
22164000,22164000,0.15535496,-0.11566066,-10.307928
22216000,22216000,0.20275384,-0.05494439,-10.19588
22268000,22268000,0.26043817,-0.083093956,-10.071384
22316000,22316000,0.25939682,-0.14008908,-9.921844
22368000,22368000,0.2658442,-0.095366254,-9.79969
22416000,22416000,0.22420132,-0.12924108,-9.701968
22468000,22468000,0.24542195,-0.120266676,-9.57491
22516000,22516000,0.2255209,-0.12605269,-9.580632
22564000,22564000,0.24709906,-0.13745108,-9.679654
22612000,22612000,0.2329874,-0.110787064,-9.689809
22668000,22668000,0.2933396,-0.15661511,-9.8389845
22716000,22716000,0.28162217,-0.14461757,-9.818389
22768000,22768000,0.3114542,-0.14209798,-9.911807
22816000,22816000,0.29972017,-0.18310596,-9.925005
22868000,22868000,0.32560697,-0.18051395,-9.945981
22916000,22916000,0.28016913,-0.17923388,-9.867731
22968000,22968000,0.3248545,-0.1610993,-9.937874
23016000,23016000,0.25368056,-0.1799923,-9.893604
23068000,23068000,0.33485726,-0.18154012,-9.862248
23116000,23116000,0.30866423,-0.14218724,-9.870435
23168000,23168000,0.30514327,-0.18414728,-9.8306675
23216000,23216000,0.24545877,-0.18184678,-9.799261
23264000,23264000,0.2692545,-0.21233459,-9.532888
23316000,23316000,0.27400613,-0.15840867,-9.46011
23364000,23364000,0.2674167,-0.21811253,-9.409753
23416000,23416000,0.25709796,-0.17317349,-9.361475
23468000,23468000,0.2183275,-0.14272554,-9.22761
23512000,23512000,0.262009,-0.16937578,-9.303321
23564000,23564000,0.26218966,-0.1606172,-9.230612
23616000,23616000,0.22899514,-0.19060922,-9.245421
23668000,23668000,0.21399026,-0.15517451,-9.2429085
23716000,23716000,0.19715275,-0.15680791,-9.230649
23768000,23768000,0.13291898,-0.13905819,-9.19936
23812000,23812000,0.13568346,-0.11074025,-9.256252
23868000,23868000,0.17228353,-0.16906634,-9.288896
23912000,23912000,0.18006593,-0.13943647,-9.254142
23968000,23968000,0.121776484,-0.13112979,-9.267544
24012000,24012000,0.110137336,-0.17236553,-9.375653
24068000,24068000,0.12253427,-0.15637523,-9.338829
24116000,24116000,0.092869155,-0.13091467,-9.386443
24164000,24164000,0.12746742,-0.103215694,-9.397832
24216000,24216000,0.08041417,-0.13484086,-9.44546
24268000,24268000,0.053711988,-0.1580841,-9.445528
24316000,24316000,0.008063508,-0.098269425,-9.513033
24364000,24364000,0.016460577,-0.12461826,-9.7732525
24412000,24412000,0.082756236,-0.12932874,-10.041769
24464000,24464000,0.065253355,-0.11967433,-10.135069
24516000,24516000,0.08609737,-0.12650111,-10.338009
24568000,24568000,0.09995679,-0.05641972,-10.954938
24612000,24612000,0.0820382,-0.05427376,-10.7486925
24664000,24664000,0.050680578,-0.082106195,-10.449005
24716000,24716000,0.055796724,-0.11218857,-10.138643
24768000,24768000,0.03237136,-0.060922675,-9.974844
24816000,24816000,0.035363104,-0.09288874,-9.789527
24868000,24868000,-0.011402106,-0.09238554,-9.74941
24916000,24916000,0.009340263,-0.124923006,-9.666162
24964000,24964000,0.026683843,-0.10505165,-9.778694
25016000,25016000,0.004875612,-0.10758011,-9.842726
25068000,25068000,0.04279532,-0.064304195,-9.853515
25116000,25116000,0.013116434,-0.08325014,-9.851724
25168000,25168000,0.017293777,-0.056843318,-9.596219
25216000,25216000,-0.023319425,-0.02876712,-9.393231
25268000,25268000,0.017698297,-0.084844045,-9.297686
25316000,25316000,0.004229403,-0.08998744,-9.229691
25364000,25364000,0.024180114,-0.057374567,-9.189878
25412000,25412000,-0.019851977,-0.04423476,-9.2245
25468000,25468000,-0.045326516,-0.08274544,-9.23169
25516000,25516000,-0.014846144,-0.071878254,-9.240788
25564000,25564000,0.05548762,-0.06849802,-9.341396
25616000,25616000,-0.022499992,-0.08629047,-9.374575
25664000,25664000,0.005606978,-0.101734355,-9.428274
25716000,25716000,-0.0070525347,-0.062217835,-9.402287
25764000,25764000,-0.02042936,-0.020218447,-9.422865
25816000,25816000,-0.023861153,-0.029927565,-9.503746
25868000,25868000,-0.016250122,-0.10378501,-9.488525
25916000,25916000,0.003363988,-0.0738048,-9.487956
25964000,25964000,-0.027071694,-0.04920439,-9.504749
26012000,26012000,-0.0752921,-0.044389058,-9.539124
26068000,26068000,-0.037754312,-0.097928815,-9.600648
26116000,26116000,0.0095829,-0.06359262,-9.542748
26168000,26168000,-0.021186346,-0.0900492,-9.592526
26216000,26216000,-0.034252454,-0.036155265,-9.643723
26268000,26268000,-0.010486782,-0.040932454,-9.602208
26312000,26312000,-0.03648106,-0.029368248,-9.646878
26368000,26368000,-0.039428193,-0.1289926,-9.7122135
26416000,26416000,0.0067060967,0.00081863394,-9.672903
26464000,26464000,-0.07380844,-0.07886551,-9.740804
26516000,26516000,0.0038874443,-0.026826419,-9.72068
26564000,26564000,-0.025499348,-0.024010234,-9.715069
26616000,26616000,-0.014472014,-0.057385366,-9.7383995
26668000,26668000,-0.051730234,-0.046553854,-9.723913
26712000,26712000,-0.042169336,-0.07834955,-9.691094
26768000,26768000,-0.050649676,-0.0009108509,-10.547894
26816000,26816000,0.090666585,-0.044934247,-11.026958
26868000,26868000,0.09514517,-0.07959978,-10.42324
26916000,26916000,-0.128868,-0.041678395,-8.592846
26968000,26968000,-0.10012103,-0.034927502,-8.433314
27016000,27016000,-0.16038954,-0.065856434,-8.68521
27068000,27068000,-0.19108629,-0.009223703,-9.079536
27116000,27116000,-0.11913203,-0.04825826,-9.607039
27164000,27164000,-0.030816454,-0.11751131,-10.276816
27216000,27216000,-0.09199557,-0.018795803,-10.315998
27264000,27264000,-0.09362522,-0.0309153,-10.618606
27316000,27316000,-0.055939537,-0.04580232,-10.874408
27368000,27368000,0.20013666,-0.028795483,-11.875607
27416000,27416000,-0.058608755,-0.024214609,-9.828421
27468000,27468000,-0.13369277,-0.03014416,-9.449298
27516000,27516000,-0.14992534,-0.07611551,-9.479409
27564000,27564000,-0.13296594,-0.04454261,-9.543387
27616000,27616000,-0.13237901,-0.047631033,-9.706166
27664000,27664000,-0.124435686,-0.08248735,-9.958712
27716000,27716000,-0.10810257,-0.042573866,-10.178685
27768000,27768000,-0.017215043,-0.024957107,-10.342308
27816000,27816000,-0.104618564,-0.09987055,-10.508841
27868000,27868000,-0.039700653,-0.07996782,-10.561549
27912000,27912000,-0.03766185,-0.11032511,-10.524015
27968000,27968000,-0.03418604,-0.08997621,-10.346655
28016000,28016000,0.01759129,-0.07219705,-9.839323
28064000,28064000,-0.055000804,-0.044082858,-9.464031
28116000,28116000,-0.11100042,-0.0449871,-9.43079
28168000,28168000,-0.13470596,-0.08347708,-9.536673
28216000,28216000,-0.038147405,-0.034076933,-9.600186
28268000,28268000,-0.10395456,-0.051120277,-9.525238
28316000,28316000,-0.12544721,-0.07230052,-9.358095
28364000,28364000,-0.08262384,-0.02206508,-9.678867
28416000,28416000,-0.13583058,-0.020646157,-9.876213
28464000,28464000,-0.13615073,-0.057548754,-10.150765
28512000,28512000,-0.053368878,-0.019819772,-10.4208145
28568000,28568000,-0.040369473,-0.08191818,-10.500865
28612000,28612000,-0.08053394,-0.04108387,-10.572034
28668000,28668000,-0.12086529,-0.034010146,-10.489361
28716000,28716000,-0.064662725,-0.06890263,-10.269187
28768000,28768000,-0.071674645,-0.054626204,-9.966841
28816000,28816000,-0.11225728,-0.09673933,-9.816293
28868000,28868000,-0.052839693,-0.06948753,-9.771619
28916000,28916000,-0.052923825,-0.015058355,-8.8392935
28968000,28968000,-0.10091905,-0.07337537,-9.778103
29016000,29016000,-0.070245855,-0.087496914,-9.8155365
29068000,29068000,-0.057794943,-0.08689025,-8.221297
29116000,29116000,-0.107257,-0.110318914,-8.572175
29168000,29168000,-0.16135615,-0.057910983,-9.291271
29216000,29216000,-0.16389807,-0.07539814,-9.568316
29268000,29268000,-0.11831031,-0.073609576,-9.760839
29316000,29316000,-0.09405934,-0.0634232,-9.930418
29364000,29364000,-0.092359245,-0.07612822,-10.114427
29416000,29416000,-0.082471535,-0.04968754,-10.341228
29464000,29464000,-0.09508698,-0.036455296,-10.419081
29516000,29516000,-0.089793846,-0.04742185,-10.463702
29568000,29568000,-0.12301199,0.018886782,-10.36579
29612000,29612000,-0.060796246,-0.02982471,-10.1643
29668000,29668000,-0.12275787,-0.008036406,-9.885503
29716000,29716000,-0.13978067,-0.027325429,-9.794187
29768000,29768000,-0.030368088,-0.03815266,-7.8803363
29816000,29816000,-0.05697953,-0.044230558,-9.985734
29868000,29868000,-0.05194135,0.0026350983,-10.000362
29912000,29912000,-0.047033988,-0.0349194,-9.933189
29968000,29968000,-0.09968314,-0.0979426,-9.997856
30016000,30016000,-0.10069964,-0.070246555,-9.929411
30068000,30068000,-0.09436505,-0.080366574,-9.878307
30116000,30116000,-0.06842593,-0.027357925,-9.825419
30168000,30168000,-0.046524454,-0.047708914,-9.786928
30216000,30216000,-0.059999086,-0.009168169,-9.737702
30268000,30268000,-0.083154924,-0.09934685,-9.75262
30316000,30316000,-0.088133976,-0.039530735,-9.73942
30368000,30368000,-0.06282814,-0.059446782,-9.73203
30416000,30416000,-0.071456835,-0.028254021,-9.701506
30468000,30468000,-0.13831517,-0.016822346,-9.825725
30516000,30516000,-0.07941429,-0.08098608,-9.739708
30564000,30564000,-0.08478293,-0.0064031,-9.764826
30616000,30616000,-0.081035495,-0.026168706,-8.082678
30668000,30668000,-0.095211215,-0.026894432,-9.8041315
30716000,30716000,-0.030583614,-0.08111507,-10.194663
30764000,30764000,-0.0846769,-0.06539803,-10.098449
30816000,30816000,-0.013806865,0.0047490504,-8.344431
30868000,30868000,-0.08294746,-0.106722474,-9.773136
30916000,30916000,-0.10840713,-0.024107177,-10.097852
30968000,30968000,-0.06657445,-0.038536232,-10.14734
31012000,31012000,-0.07524294,-0.034034252,-10.17445
31068000,31068000,-0.08069843,0.008650503,-10.165537
31116000,31116000,-0.09129657,-0.05408165,-10.261124
31164000,31164000,-0.04516887,-0.06573349,-10.158999
31216000,31216000,-0.06854079,0.009940104,-8.250813
31264000,31264000,-0.002983006,-0.017845515,-6.2682896
31316000,31316000,-0.03799187,-0.02413876,-8.646159
31368000,31368000,-0.0941564,-0.050792582,-10.06984
31416000,31416000,-0.09735685,-0.051884856,-10.229617
31464000,31464000,-0.047295738,-0.076247774,-10.281785
31516000,31516000,-0.13238871,-0.053559523,-10.152647
31568000,31568000,-0.08626979,-0.048279922,-10.123305
31616000,31616000,-0.06809478,-0.012996152,-10.109089
31668000,31668000,-0.08146088,0.005524756,-8.130674
31712000,31712000,-0.11529481,-0.019711304,-10.0638685
31768000,31768000,-0.07862232,-0.08360566,-10.158226
31816000,31816000,-0.017741352,-0.04313677,-10.223671
31868000,31868000,0.015477935,0.01560025,-7.481138
31912000,31912000,-0.06525144,-0.06485866,-9.98144
31968000,31968000,-0.11746555,-0.0008672988,-8.507289
32016000,32016000,-0.056189705,-0.022604987,-10.334232
32068000,32068000,-0.07941462,-0.034798652,-9.844667
32116000,32116000,-0.099068746,-0.016007505,-9.073405
32168000,32168000,-0.054042887,0.017410059,-9.974351
32216000,32216000,-0.11389761,-0.036552638,-10.246977
32264000,32264000,-0.052410856,-0.011093475,-10.210683
32316000,32316000,-0.10648671,0.015800966,-10.157275
32368000,32368000,-0.06576989,-0.04617352,-10.108643
32416000,32416000,-0.12305452,-0.014721108,-8.658894
32468000,32468000,-0.06611706,-0.040561806,-10.049008
32516000,32516000,-0.10695426,-0.057879735,-10.261433
32568000,32568000,-0.086971626,-0.014852235,-10.277668
32616000,32616000,-0.075310394,0.057719067,-10.304542
32668000,32668000,-0.03994205,-0.029301902,-10.24173
32716000,32716000,-0.086675346,0.03039423,-10.2407255
32764000,32764000,-0.11299207,0.015195349,-10.249558
32812000,32812000,-0.10154606,0.026358588,-10.199871
32868000,32868000,-0.09170786,-0.046968326,-10.284003
32916000,32916000,-0.11437005,0.0054004625,-10.216224
32968000,32968000,-0.04359832,0.0007135358,-10.188924
33016000,33016000,-0.088836916,0.020532662,-10.206774
33068000,33068000,-0.09711852,0.02958061,-10.182986
33116000,33116000,-0.12755391,-0.029139975,-10.123361
33168000,33168000,-0.06627843,-0.0075706267,-9.945788
33216000,33216000,-0.06323527,-0.009434111,-9.910796
33268000,33268000,-0.08217752,-0.019290406,-9.809231
33316000,33316000,-0.068348035,0.024456741,-9.7831955
33368000,33368000,-0.029577786,-0.060934648,-9.759828
33416000,33416000,-0.070834905,0.017830174,-9.778208
33468000,33468000,-0.09888412,-0.011695016,-9.758606
33516000,33516000,-0.10723145,0.056980908,-9.780983
33568000,33568000,-0.04616332,0.015325014,-9.787615
33616000,33616000,-0.08038354,-0.02337577,-8.273976
33668000,33668000,-0.020511225,-0.017862646,-9.869983
33716000,33716000,-0.08136897,-0.017936748,-10.302485
33768000,33768000,-0.07516162,0.010911512,-10.191328
33816000,33816000,-0.03703554,-0.008520147,-10.026719
33868000,33868000,-0.04911456,0.039200645,-9.869393
33916000,33916000,-0.089891866,0.008925864,-9.844705
33968000,33968000,-0.10347953,-0.037084382,-9.833677
34016000,34016000,-0.092725866,0.05357132,-9.819072
34068000,34068000,-0.12212426,-0.008144077,-9.715377
34116000,34116000,-0.087254025,0.005142665,-9.822814
34164000,34164000,-0.09834897,0.031211449,-9.729842
34216000,34216000,-0.092859544,-0.032646984,-9.770612
34268000,34268000,-0.07895882,-0.0068515036,-9.744668
34316000,34316000,-0.07340151,-0.013197123,-9.826074
34368000,34368000,-0.10599965,0.019467434,-9.813255
34416000,34416000,-0.06648574,-0.029078897,-9.785828
34468000,34468000,-0.037517592,-0.027127411,-9.7442465
34516000,34516000,-0.0570963,0.03031265,-9.8018875
34564000,34564000,-0.060394574,0.020682383,-9.816995
34616000,34616000,-0.08732519,0.04274619,-9.821224
34668000,34668000,-0.08390153,-0.032522224,-9.783259
34712000,34712000,-0.046111032,-0.026661258,-9.756898
34768000,34768000,-0.11805066,-0.15981601,-8.711104
34816000,34816000,-0.12401729,-0.029350538,-7.920291
34864000,34864000,-0.015584798,0.20737371,-9.502568
34912000,34912000,-0.020246444,0.110486016,-10.007882
34968000,34968000,-0.010949935,0.1037603,-10.383135
35016000,35016000,-0.011815177,0.076413326,-10.666227
35068000,35068000,0.0028282586,0.060294904,-10.560576
35112000,35112000,0.024351,0.063506424,-10.37515
35168000,35168000,-0.058621768,0.016422514,-10.110064
35216000,35216000,0.035289295,0.05596056,-9.915132
35268000,35268000,-0.05249637,0.031616405,-9.297456
35316000,35316000,-0.085967906,0.06169505,-8.118116
35364000,35364000,-0.002350604,0.221841,-9.760443
35416000,35416000,0.007186059,0.19956589,-10.077509
35468000,35468000,-0.020661006,0.019585514,-9.694955
35516000,35516000,-0.026248466,0.0017837158,-8.563562
35564000,35564000,0.06332943,0.21078818,-10.093003
35616000,35616000,0.037367444,0.13311622,-10.384621
35664000,35664000,0.035565857,0.08529225,-10.355803
35712000,35712000,0.00085861,0.14349958,-10.196489
35768000,35768000,0.025744628,0.09785588,-10.075282
35816000,35816000,-0.006768066,0.056127068,-9.958819
35868000,35868000,-0.058613826,-0.06918215,-8.177449
35916000,35916000,-0.026746651,0.18183167,-9.763805
35968000,35968000,0.010123861,0.08708374,-10.140726
36016000,36016000,0.010122115,0.16733304,-10.267663
36068000,36068000,0.031117572,0.19097663,-10.259389
36116000,36116000,-0.013956471,0.07957235,-10.169088
36168000,36168000,-0.00041153832,0.089868,-10.114917
36212000,36212000,-0.015745532,0.09868361,-10.128542
36268000,36268000,-0.0309455,0.044991255,-10.167178
36312000,36312000,-0.023707116,0.14432015,-10.009208
36364000,36364000,0.031042187,0.08847632,-9.87666
36412000,36412000,-0.019190578,0.05031524,-9.834543
36464000,36464000,-0.026421756,0.12882437,-9.853208
36516000,36516000,0.001914035,0.15027636,-9.781199
36568000,36568000,0.019558847,0.09745666,-9.812362
36616000,36616000,0.015547787,0.098476596,-9.770692
36668000,36668000,-0.079382926,-0.008641847,-7.7196546
36716000,36716000,0.043797873,0.22073257,-10.148334
36764000,36764000,0.015968526,0.13818961,-10.306048
36816000,36816000,0.0025190813,0.12986568,-10.123023
36868000,36868000,-0.08289957,-0.023067657,-7.7954435
36916000,36916000,0.018119091,0.14570342,-10.297485
36964000,36964000,0.034924675,0.14175436,-10.309862
37016000,37016000,-0.053499814,0.16218692,-10.122918
37064000,37064000,0.009744068,0.12508962,-9.963512
37112000,37112000,-0.016866747,0.06385057,-9.904609
37164000,37164000,0.020757064,0.05601583,-9.861422
37216000,37216000,-0.018965399,-0.0035797332,-8.266574
37268000,37268000,0.053745817,0.176778,-9.652016
37312000,37312000,0.0038032273,0.10426795,-10.318551
37368000,37368000,-0.016849268,0.12368203,-10.31124
37416000,37416000,-0.0034315055,0.11359365,-10.182278
37468000,37468000,0.005016586,0.06863833,-9.933926
37516000,37516000,-0.020966422,0.082260214,-9.927653
37564000,37564000,0.016632635,0.10383685,-9.874591
37612000,37612000,0.012483994,0.08459118,-9.815767
37668000,37668000,0.029563153,0.13497832,-9.84541
37716000,37716000,-0.04473897,0.08712584,-9.754912
37768000,37768000,0.025157206,0.12070766,-9.7914295
37816000,37816000,-0.010800284,0.09073959,-9.780423
37868000,37868000,0.0060693845,0.06576918,-9.766475
37916000,37916000,0.018101878,0.137972,-9.851413
37968000,37968000,-0.03617698,0.087675236,-9.766207
38016000,38016000,-0.022114204,0.09596299,-9.778567
38068000,38068000,-0.04201152,0.068041466,-9.793342
38116000,38116000,0.004235664,0.12283832,-9.830715
38168000,38168000,0.043795694,0.13388517,-9.801993
38216000,38216000,-0.012693205,0.084535286,-9.779366
38268000,38268000,-0.025425438,0.09659359,-9.76048
38316000,38316000,-0.0007398621,0.07294046,-9.773546
38368000,38368000,-0.029110502,0.052906394,-9.838093
38416000,38416000,-0.003919176,0.1132489,-9.748697
38464000,38464000,-0.023294097,0.061956972,-9.781577
38516000,38516000,-0.03290521,0.06425727,-9.847449
38568000,38568000,0.025810262,0.0839483,-9.779844
38616000,38616000,0.01665011,0.074466,-9.862805
38668000,38668000,-0.015384422,0.04521439,-9.811264
38712000,38712000,0.01153507,0.035242125,-9.844667
38768000,38768000,-0.027328929,0.026551198,-9.815385
38816000,38816000,0.015056197,0.15612034,-9.769092
38868000,38868000,-0.04254439,0.074902445,-9.802127
38916000,38916000,-0.027059661,0.09250322,-9.791467
38964000,38964000,-0.053816084,0.07025992,-9.794271
39016000,39016000,-0.033622283,0.056234665,-9.826526
39064000,39064000,-0.016862303,0.09439572,-9.553639
39116000,39116000,-0.020563012,0.064078726,-5.99098
39168000,39168000,0.047987428,0.13816133,-10.5717535
39212000,39212000,0.068086885,0.12191611,-10.994178
39268000,39268000,0.04194386,0.1193001,-10.744685
39312000,39312000,0.1016562,0.14793664,-10.58056
39368000,39368000,0.0016183363,0.061213978,-9.670907
39412000,39412000,0.03534467,0.10414997,-10.095603
39464000,39464000,-0.008557779,0.0900663,-10.042695
39516000,39516000,-0.014902185,0.09206527,-9.943877
39564000,39564000,-0.08125759,0.08287059,-7.110771
39616000,39616000,0.037540685,0.038052488,-10.214161
39668000,39668000,0.010147525,0.06432742,-10.303448
39716000,39716000,0.059224945,0.09520075,-10.346874
39768000,39768000,-0.032391418,0.098405905,-10.346756
39816000,39816000,-0.014281947,0.06969267,-10.245241
39868000,39868000,0.045790892,0.098950006,-10.0785
39916000,39916000,-0.023565289,0.06819282,-9.911259
39968000,39968000,0.04255151,0.06686001,-9.862428
40012000,40012000,-0.009890327,0.1222934,-9.92644
40064000,40064000,-0.025172025,0.16877814,-7.293492
40116000,40116000,0.06472606,0.08698816,-10.209941
40168000,40168000,0.0750635,0.14164183,-10.287592
40216000,40216000,0.001975078,0.11515913,-10.153487
40268000,40268000,0.062301368,0.06797853,-9.988724
40316000,40316000,0.020421747,0.036449727,-9.924021
40368000,40368000,0.04583143,0.12040393,-9.93894
40416000,40416000,0.0036786674,0.08230646,-9.8403
40468000,40468000,0.0278016,0.08077474,-9.829082
40516000,40516000,-0.040415734,0.119236074,-8.262957
40564000,40564000,0.00810284,0.06740088,-9.66299
40616000,40616000,0.011474586,0.09986717,-9.012805
40668000,40668000,0.07134206,0.11527602,-9.974195
40716000,40716000,0.049307797,0.11760064,-9.062866
40768000,40768000,0.10048591,0.10814356,-10.783145
40816000,40816000,0.043050755,0.10367548,-10.712634
40864000,40864000,0.072917834,0.14019364,-10.527804
40916000,40916000,0.007402399,0.14141272,-8.829134
40968000,40968000,0.005492147,0.04655709,-9.951056
41016000,41016000,0.049730577,0.112772055,-10.23118
41068000,41068000,0.021638399,0.09111798,-10.060505
41116000,41116000,0.02714744,0.086706966,-10.001374
41168000,41168000,0.056290064,0.052666567,-10.044456
41212000,41212000,0.0027348667,0.15374766,-10.001744
41268000,41268000,-0.031757947,0.07540508,-10.057823
41316000,41316000,0.040181544,0.10310638,-10.098539
41368000,41368000,0.024830803,0.10645886,-9.925695
41416000,41416000,-0.0050374367,0.11068962,-9.907637
41468000,41468000,-0.06700586,0.08992184,-9.297362
41516000,41516000,-0.008447696,0.08058812,-8.9842615
41568000,41568000,0.058438342,0.059232563,-10.399454
41616000,41616000,0.08048988,0.056177795,-10.2368355
41664000,41664000,0.025808103,0.09702766,-10.164821
41716000,41716000,0.08934413,0.16995154,-10.047392
41768000,41768000,-0.02583144,0.10519031,-9.896158
41816000,41816000,0.028130166,0.12113224,-9.892364
41864000,41864000,-0.02096354,0.112636775,-9.896587
41916000,41916000,-0.02832503,0.16220689,-8.667289
41968000,41968000,0.051116012,0.0892078,-10.067566
42016000,42016000,-0.0044393223,0.04886607,-10.190981
42068000,42068000,0.031638812,0.10935561,-10.098871
42116000,42116000,0.031722818,0.09456708,-9.984981
42168000,42168000,0.01826607,0.13688348,-9.883996
42216000,42216000,0.006008493,0.1542128,-9.886109
42268000,42268000,0.0070699956,0.11628186,-9.8512335
42316000,42316000,0.004819983,0.07712698,-9.829852
42368000,42368000,0.026607832,0.15495794,-9.792622
42416000,42416000,0.01320511,0.11768421,-9.851887
42464000,42464000,-0.072020024,0.20873109,-7.8377466
42516000,42516000,0.023197317,0.01638145,-10.071683
42568000,42568000,0.04128232,0.10674544,-10.145708
42616000,42616000,0.04878803,0.05304457,-10.048334
42664000,42664000,-0.019010194,0.113392614,-9.957731
42712000,42712000,-3.9669005e-05,0.093931325,-9.930996
42764000,42764000,-0.031555686,0.18167607,-9.160962
42816000,42816000,-0.009946992,0.13299303,-9.558657
42868000,42868000,0.0016584705,0.082421295,-9.849407
42916000,42916000,-0.005994449,0.07613111,-9.969771
42968000,42968000,0.032816567,-0.005094579,-10.095293
43016000,43016000,0.036601182,0.011090252,-10.038072
43064000,43064000,0.10735832,0.057237916,-9.989999
43116000,43116000,0.046498217,0.024106588,-9.903596
43168000,43168000,-0.06209004,0.17407463,-7.539435
43212000,43212000,0.13645658,-0.037215006,-10.25686
43268000,43268000,0.13945681,0.053972024,-10.349485
43316000,43316000,0.107810244,0.021410324,-10.152266
43368000,43368000,0.042076297,0.10473491,-9.323101
43412000,43412000,0.015288591,0.090735324,-7.8128633
43468000,43468000,0.20561565,0.023337169,-10.753382
43516000,43516000,0.11923548,0.04599529,-10.596561
43568000,43568000,0.11527637,0.069774255,-10.322112
43616000,43616000,0.11566524,0.02722777,-10.135857
43664000,43664000,0.07861568,0.04092902,-9.640066
43716000,43716000,0.008547003,0.04024011,-8.249389
43768000,43768000,0.034684207,0.08783589,-7.9976187
43816000,43816000,0.10963076,0.055839114,-9.117054
43868000,43868000,0.26852167,-0.071738645,-11.12948
43916000,43916000,0.240644,-0.07028105,-11.426536
43968000,43968000,0.25397533,-0.041308943,-10.859057
44016000,44016000,0.16332474,0.021455325,-10.454228
44068000,44068000,0.16420507,0.011860068,-10.155377
44116000,44116000,0.15576945,-0.0052390285,-9.829046
44168000,44168000,0.11174882,0.020708803,-9.60089
44216000,44216000,0.11817468,0.0074855317,-9.421109
44268000,44268000,0.09038032,0.041231923,-9.359154
44316000,44316000,0.04499933,0.072109774,-7.9519014
44368000,44368000,0.15474805,-0.0865989,-9.678682
44412000,44412000,0.20166409,-0.052014444,-10.255091
44468000,44468000,0.18334045,-0.05350538,-10.415599
44516000,44516000,0.16206811,-0.0038625847,-10.670323
44568000,44568000,0.16904046,-0.033538684,-10.537739
44616000,44616000,0.13772708,0.023290137,-10.321888
44668000,44668000,0.12728557,0.03348989,-10.147381
44716000,44716000,0.1536817,-0.032152906,-9.913773
44768000,44768000,0.102791205,0.06958816,-9.293295
44812000,44812000,0.04515387,0.056693897,-8.12859
44868000,44868000,0.17003347,-0.018995412,-10.493053
44916000,44916000,0.17282937,-0.042448644,-10.481878
44968000,44968000,0.13708657,-0.056619003,-10.239753
45016000,45016000,0.070296824,0.06908075,-8.915875
45068000,45068000,0.19026218,-0.07856772,-10.379903
45116000,45116000,0.15647659,0.0012558002,-10.305452
45168000,45168000,0.18390311,-0.01683552,-10.093825
45216000,45216000,0.10897978,-0.0054939,-9.98731
45268000,45268000,0.12845416,0.03595405,-9.86397
45316000,45316000,0.11776743,0.039468132,-9.886291
45368000,45368000,0.1538297,0.0009780404,-9.869519
45416000,45416000,0.053240854,0.055848133,-8.563606
45468000,45468000,0.14398044,-0.048749898,-9.873065
45516000,45516000,0.14732836,-0.027499627,-10.300469
45568000,45568000,0.19210063,0.0028535833,-10.199507
45612000,45612000,0.10564832,-0.024751592,-10.081497
45664000,45664000,0.1921984,0.040488195,-9.975347
45716000,45716000,0.08482678,0.0383092,-9.906777
45768000,45768000,0.11962105,0.00064366,-9.837851
45816000,45816000,0.16463517,0.040274926,-9.84699
45864000,45864000,0.14930092,0.026772141,-9.780052
45916000,45916000,0.04172321,0.072992615,-8.802011
45968000,45968000,0.11227284,-0.021993248,-9.907464
46016000,46016000,0.007454879,0.05728216,-9.118048
46068000,46068000,0.14637055,-0.1124333,-10.176213
46116000,46116000,0.19829242,-0.050010506,-10.278019
46168000,46168000,0.11132501,0.021096837,-9.821827
46216000,46216000,0.058625374,0.0833434,-8.372391
46268000,46268000,0.13597092,-0.06728368,-9.404614
46312000,46312000,0.16692263,-0.0766872,-10.406534
46364000,46364000,0.2458654,-0.17458342,-10.59694
46416000,46416000,0.27221352,-0.023357289,-10.536384
46468000,46468000,0.18522145,-0.03703364,-10.230404
46516000,46516000,0.16026972,-0.023787685,-10.063917
46568000,46568000,0.15011919,0.011738265,-9.905488
46616000,46616000,0.09939195,0.0051513235,-8.988377
46668000,46668000,0.11492118,-0.053641584,-9.705263
46716000,46716000,0.15306892,-0.007092543,-9.677306
46764000,46764000,0.14334884,-0.009928304,-9.795703
46816000,46816000,0.099334545,0.052373428,-9.040668
46868000,46868000,0.15588838,-0.09634296,-9.762858
46916000,46916000,0.2088222,-0.061563797,-10.172853
46968000,46968000,0.20836212,0.012837939,-9.886898
47012000,47012000,0.12064818,-0.041531462,-9.54579
47064000,47064000,0.18343168,-0.055025224,-10.503684
47112000,47112000,0.21829697,0.012401947,-10.514962
47168000,47168000,0.15589386,-0.032220446,-10.043287
47212000,47212000,0.13612562,0.0460586,-9.543341
47268000,47268000,0.0748161,0.06165097,-9.366513
47312000,47312000,0.13143446,-0.019262299,-9.50526
47364000,47364000,0.16319218,-0.114185706,-10.199087
47416000,47416000,0.18357593,-0.028858488,-10.340004
47468000,47468000,0.14003773,-0.052875727,-10.125687
47516000,47516000,0.13244607,0.06198024,-9.530935
47568000,47568000,0.118462056,-0.0703093,-9.835096
47616000,47616000,0.18082306,-0.042043604,-10.010316
47668000,47668000,0.1147916,-0.022734785,-9.971427
47716000,47716000,0.08815856,-0.03842995,-9.888961
47768000,47768000,0.09088748,-0.00011786678,-9.890169
47816000,47816000,0.08094746,0.038615823,-9.426323
47864000,47864000,0.15568605,0.056193966,-9.075419
47916000,47916000,0.107022226,-0.08991222,-9.900233
47968000,47968000,0.10125883,-0.025201889,-9.596744
48016000,48016000,0.18847005,-0.10278897,-10.08126
48068000,48068000,0.13108708,-0.0253702,-10.077098
48116000,48116000,0.15304014,-0.030338394,-10.016513
48168000,48168000,0.11254193,-0.053990316,-9.868516
48212000,48212000,0.09302702,0.020726513,-9.821861
48268000,48268000,0.074949056,-0.01613146,-9.687028
48316000,48316000,0.07898688,-0.07857421,-9.4812565
48368000,48368000,0.100085266,-0.07980177,-9.9613
48416000,48416000,0.097619705,0.008623787,-9.956412
48468000,48468000,0.1147312,0.035276756,-9.777209
48516000,48516000,0.1530729,0.025836196,-9.144113
48568000,48568000,0.13567631,-0.1202704,-9.3868475
48612000,48612000,0.11985436,-0.082517095,-9.8461
48664000,48664000,0.11268592,-0.0060751736,-9.711245
48716000,48716000,0.079860926,-0.004148208,-9.7645235
48768000,48768000,0.07194864,0.01214731,-9.822377
48816000,48816000,0.120867,-0.07650226,-9.767365
48868000,48868000,0.12760165,-0.035746157,-9.743957
48916000,48916000,0.080624975,-0.025584415,-9.840658
48968000,48968000,0.07023826,-0.034705628,-9.52877
49016000,49016000,0.053515658,0.01312028,-9.891528
49068000,49068000,0.09874862,-0.0012533346,-9.801645
49116000,49116000,0.06375499,-0.11699198,-9.471353
49168000,49168000,0.046437327,-0.106097266,-9.799444
49216000,49216000,0.06991522,0.004951235,-9.956732
49268000,49268000,0.14816682,-0.052107554,-10.036494
49316000,49316000,0.07645631,-0.030893464,-10.160683
49364000,49364000,0.05620202,-0.005490981,-10.269836
49416000,49416000,0.058145754,-0.029803367,-10.261416
49468000,49468000,0.14952889,0.0019802563,-10.035463
49516000,49516000,0.16139664,-0.08171005,-9.9441595
49568000,49568000,0.07881654,-0.07121771,-9.861433
49616000,49616000,0.064811714,0.013822275,-9.663755
49664000,49664000,0.08418934,-0.07654439,-9.576667
49712000,49712000,0.028931748,-0.098901205,-9.556191
49768000,49768000,0.05860275,-0.043811392,-9.665027
49816000,49816000,0.050326984,0.031474125,-9.789044
49864000,49864000,0.091789275,-0.038863517,-10.017565
49916000,49916000,0.113173544,0.03556277,-10.110324
49968000,49968000,0.07855697,-0.0276034,-9.936659
50012000,50012000,0.06258932,-0.03172431,-9.846734
50068000,50068000,0.15177193,-0.002709955,-9.712432
50116000,50116000,0.0033939993,-0.0877584,-9.301166
50164000,50164000,0.037277337,-0.09522101,-9.588403
50216000,50216000,0.07141589,0.022740664,-9.947011
50264000,50264000,0.14345981,0.03516654,-9.912767
50316000,50316000,0.06482409,-0.08424057,-9.478063
50368000,50368000,0.13867433,-0.0037162048,-9.841957
50416000,50416000,0.037073318,-0.041349176,-9.406136
50468000,50468000,-0.04079506,-0.0016073199,-8.769503
50512000,50512000,-0.05534511,0.048201833,-9.242322
50568000,50568000,0.026721997,-0.059688997,-9.657682
50612000,50612000,0.057795588,-0.024780726,-10.038257
50668000,50668000,0.09535511,0.024274517,-10.627587
50716000,50716000,0.062045626,-0.03772973,-10.640861
50764000,50764000,0.12364875,0.0996878,-10.644884
50812000,50812000,0.17584954,0.16402042,-10.095594
50868000,50868000,0.10532089,-0.20856024,-9.312808
50916000,50916000,0.07620229,-0.14584708,-9.670671
50968000,50968000,0.019157756,-0.11049036,-9.692441
51016000,51016000,0.0032895315,-0.09446241,-9.759608
51068000,51068000,0.058527447,0.17803973,-8.8908415
51116000,51116000,-0.025130799,-0.23175351,-8.681276
51168000,51168000,0.024512162,-0.11371745,-9.444814
51212000,51212000,0.0054885745,-0.08427569,-9.6382675
51268000,51268000,0.031179143,-0.043953743,-9.551735
51316000,51316000,0.015528363,-0.045126315,-9.103571
51368000,51368000,-0.026498681,-0.2741056,-9.082442
51416000,51416000,0.024713548,-0.19162695,-9.816099
51468000,51468000,0.009391107,-0.18978432,-10.247017
51516000,51516000,0.046555005,0.039447345,-9.872443
51568000,51568000,0.028170988,-0.3524672,-9.27757
51616000,51616000,-0.0019713072,-0.23553975,-9.918942
51668000,51668000,0.043191392,-0.027907463,-9.782925
51716000,51716000,-0.027116988,-0.25168267,-9.695093
51768000,51768000,0.065320134,-0.20301117,-9.994903
51816000,51816000,-0.030466428,-0.17469507,-9.946431
51868000,51868000,0.037415277,-0.064605266,-9.827217
51916000,51916000,-0.0007224915,-0.13294204,-9.867384
51968000,51968000,-0.012410835,-0.104527876,-9.838721
52016000,52016000,-0.024872718,-0.11424651,-10.036225
52068000,52068000,-0.005928125,-0.16578273,-10.127809
52116000,52116000,0.01823367,-0.124722116,-10.111596
52168000,52168000,-0.039109148,-0.10554783,-10.087409
52216000,52216000,-0.01901135,-0.17133163,-10.134494
52268000,52268000,-0.009584294,-0.10350407,-10.190792
52316000,52316000,0.018086083,-0.12608181,-10.124105
52368000,52368000,-0.017945515,-0.079386145,-10.1217165
52416000,52416000,0.013553976,-0.14738186,-10.177224
52468000,52468000,0.010502082,-0.07209083,-10.112314
52512000,52512000,0.037276614,-0.14133035,-10.152539
52568000,52568000,0.01241562,-0.10998796,-10.10705
52616000,52616000,0.038134113,-0.17649198,-10.067236
52668000,52668000,-0.018878529,-0.122486934,-10.1440525
52716000,52716000,0.004449282,-0.12161113,-10.173392
52768000,52768000,0.03176797,-0.1046073,-10.229552
52812000,52812000,0.027364343,-0.16739482,-10.185557
52868000,52868000,0.01645713,-0.10147737,-10.116891
52912000,52912000,0.007516725,-0.09143382,-10.171979
52968000,52968000,0.052364405,-0.043980654,-10.138919
53012000,53012000,0.03306411,-0.04422488,-9.98367
53068000,53068000,0.023484318,-0.19550481,-9.3710165
53112000,53112000,0.0075786235,-0.10236111,-9.703551
53164000,53164000,0.007290192,-0.2303166,-8.842016
53216000,53216000,-0.046927903,-0.17171246,-9.444029
53268000,53268000,-0.050490424,-0.25566185,-9.046563
53312000,53312000,-0.079301775,-0.14375605,-9.724826
53368000,53368000,-0.0049726353,-0.097515054,-9.90998
53416000,53416000,0.01000699,-0.11506808,-9.856665
53468000,53468000,-0.012779511,-0.11450166,-10.017677
53512000,53512000,-0.007362958,-0.10646766,-10.146173
53568000,53568000,0.0358498,-0.12314767,-10.352878
53616000,53616000,0.029792473,-0.14032267,-10.374246
53668000,53668000,0.08364982,-0.08559687,-10.423637
53716000,53716000,0.041739974,-0.14150327,-10.133895
53764000,53764000,-0.03011211,-0.23884825,-9.456601
53812000,53812000,0.0021048775,-0.20471473,-9.72778
53868000,53868000,0.006121134,-0.17418882,-9.775216
53916000,53916000,-0.013502959,-0.1409528,-9.837366
53964000,53964000,0.0036663453,-0.15924552,-9.933938
54016000,54016000,-0.040540766,-0.13001777,-9.923694
54064000,54064000,0.045329362,-0.028753381,-10.072247
54116000,54116000,0.038119763,-0.06798639,-10.322993
54168000,54168000,-0.018249007,-0.16179654,-9.708484
54216000,54216000,-0.02263567,-0.17253935,-9.937783
54268000,54268000,0.012661606,-0.05754583,-10.513312
54316000,54316000,-0.008790977,-0.22934982,-9.436377
54368000,54368000,-0.0020784247,-0.17934112,-9.682736
54416000,54416000,-0.037610434,-0.13147728,-9.836103
54468000,54468000,-0.011458147,-0.089684285,-9.97664
54512000,54512000,-0.010312487,-0.13597775,-10.034628
54568000,54568000,-0.018037057,-0.13630001,-10.09005
54616000,54616000,-0.027107313,-0.113592625,-9.992579
54668000,54668000,-0.013167387,-0.13194269,-9.844846
54716000,54716000,-0.035167538,-0.19259487,-9.866161
54768000,54768000,-0.026374135,-0.07719019,-9.722169
54816000,54816000,0.07672683,-0.090368256,-10.470952
54868000,54868000,0.018109187,-0.17719312,-9.903418
54916000,54916000,0.028959213,-0.14119795,-9.502126
54968000,54968000,0.05920341,-0.16193926,-9.727474
55016000,55016000,-0.014106002,-0.17504007,-10.117317
55068000,55068000,-0.07249825,-0.18067479,-9.348888
55112000,55112000,-0.04963124,-0.15373987,-9.377939
55168000,55168000,-0.009589209,-0.16616796,-9.4696245
55216000,55216000,0.0058934693,-0.12656114,-9.586032
55268000,55268000,0.057713468,-0.12549084,-10.492753
55312000,55312000,-0.015062461,-0.16797039,-9.732136
55368000,55368000,-0.03295184,-0.14749993,-9.470964
55416000,55416000,-0.04187075,-0.090429984,-9.479924
55468000,55468000,-0.015932238,-0.17213608,-9.598111
55512000,55512000,0.006504874,-0.17665845,-9.631712
55568000,55568000,0.00914452,-0.17233315,-9.730953
55616000,55616000,0.06826895,-0.14365342,-10.091958
55664000,55664000,0.026564011,-0.1383201,-9.694632
55712000,55712000,-0.031993963,-0.15269414,-9.647472
55768000,55768000,-0.032576647,-0.089133255,-9.632008
55816000,55816000,-0.0082548065,-0.1591392,-9.700208
55868000,55868000,-0.0014090084,-0.113241084,-9.7410965
55916000,55916000,0.0067378306,-0.12086278,-9.702418
55964000,55964000,0.008066426,-0.1536623,-9.680823
56012000,56012000,0.03740622,-0.106594026,-9.730258
56064000,56064000,0.0014109679,-0.17281073,-9.72882
56116000,56116000,0.034977093,-0.15986335,-9.764383
56168000,56168000,-0.0030144162,-0.13872914,-9.784028
56216000,56216000,-0.019889252,-0.14012913,-9.753515
56268000,56268000,-0.035056733,-0.14631563,-9.775028
56316000,56316000,0.021821871,-0.16562219,-9.737208
56364000,56364000,-0.03063793,-0.18042567,-9.727379
56416000,56416000,0.0638036,-0.11264769,-9.74095
56468000,56468000,0.04425638,-0.122928515,-9.647466
56512000,56512000,0.05093958,-0.20945156,-9.433082
56568000,56568000,-0.028333617,-0.04065415,-9.104667
56616000,56616000,0.00013361195,-0.053170074,-9.406486
56668000,56668000,-0.023324179,-0.073088415,-9.614248
56716000,56716000,-0.065398656,-0.1388912,-9.851522
56768000,56768000,0.03548925,-0.221001,-9.948667
56816000,56816000,-0.010149268,-0.06997865,-9.763762
56868000,56868000,0.02886972,-0.1186991,-10.09344
56916000,56916000,0.0022492856,-0.16151282,-10.157421
56968000,56968000,-0.044566575,-0.1812864,-10.088752
57012000,57012000,0.015818499,-0.17855859,-9.970847
57068000,57068000,0.02087444,-0.09446416,-9.807902
57112000,57112000,-0.015637975,-0.17570399,-9.815904
57168000,57168000,0.040414184,-0.10472092,-9.8132515
57216000,57216000,-0.046239756,-0.16843168,-9.76936
57268000,57268000,0.02302747,-0.15413278,-9.764526
57316000,57316000,-0.0030732092,-0.08794964,-9.773936
57368000,57368000,-0.030542234,-0.13037464,-9.798516
57416000,57416000,0.039518762,-0.14508949,-9.481205
57468000,57468000,0.00045891324,-0.04638399,-9.449486
57512000,57512000,0.009701807,-0.12187601,-9.786157
57568000,57568000,-0.017370846,-0.11669643,-9.874475
57616000,57616000,-0.02916875,-0.15520114,-10.017662
57668000,57668000,0.024888843,-0.19979395,-9.762556
57716000,57716000,0.023259552,-0.14867587,-9.347427
57768000,57768000,-0.02773361,-0.11923087,-9.6090355
57816000,57816000,-0.018953811,-0.10220789,-9.27527
57868000,57868000,-0.07858319,-0.072073765,-9.551377
57916000,57916000,-0.027525932,-0.04747236,-9.876215
57964000,57964000,-0.019201761,-0.13300127,-10.051845
58012000,58012000,-0.03972853,-0.07878903,-10.181287
58068000,58068000,-0.042865682,-0.08972225,-10.177403
58116000,58116000,-0.013706106,-0.1298768,-10.134836
58168000,58168000,0.041836772,-0.1406168,-9.99971
58216000,58216000,0.048728038,-0.077550955,-9.875886
58264000,58264000,-0.03601894,-0.09850121,-9.867248
58316000,58316000,-0.00050921476,-0.13746086,-9.786324
58368000,58368000,-0.058026735,-0.08666106,-9.810371
58416000,58416000,0.043520782,-0.0826515,-9.789843
58468000,58468000,0.02040655,-0.14319184,-9.820027
58512000,58512000,-0.05275823,-0.18393795,-9.528331
58568000,58568000,0.026732143,-0.18157867,-8.820848
58616000,58616000,-0.034424383,0.033008102,-8.9558
58668000,58668000,0.028088175,-0.05551386,-9.610509
58716000,58716000,0.0059049875,-0.07093502,-9.870258
58768000,58768000,0.049735643,-0.2854781,-9.951289
58816000,58816000,0.043157067,-0.13892226,-9.743868
58868000,58868000,0.13726255,-0.32784328,-10.124657
58912000,58912000,-0.11600678,0.25304037,-7.13005
58964000,58964000,-0.1376354,0.11985193,-7.6987963
59016000,59016000,-0.18086666,0.08350684,-8.288986
59068000,59068000,-0.073022194,-0.05988586,-9.197111
59116000,59116000,0.020590253,-0.22415887,-10.432082
59168000,59168000,-0.17470686,0.31717017,-7.4884267
59216000,59216000,-0.2320893,0.17574675,-7.935974
59264000,59264000,-0.17455153,0.10213995,-8.959283
59312000,59312000,-0.16901863,0.041976176,-9.408188
59368000,59368000,-0.09433977,-0.04160926,-9.521033
59416000,59416000,-0.13767472,0.002873315,-10.204182
59468000,59468000,-0.033722926,0.013979333,-10.366353
59516000,59516000,-0.083238006,0.03209171,-10.443607
59568000,59568000,-0.08307318,0.029653985,-10.370057
59616000,59616000,-0.035409857,-0.015135732,-10.493769
59668000,59668000,-0.13018349,-0.013511946,-10.140667
59716000,59716000,-0.12479657,0.049618404,-10.046642
59768000,59768000,-0.09612971,0.06065135,-10.029549
59816000,59816000,-0.1648855,0.08142894,-9.86977
59868000,59868000,-0.072103284,0.041575354,-9.823441
59916000,59916000,-0.1406618,0.05418296,-9.90765
59968000,59968000,-0.089045875,0.07337538,-9.920357
60016000,60016000,-0.10725228,0.04448354,-9.965332
60068000,60068000,-0.08229852,0.045620915,-10.017032
60116000,60116000,-0.102695905,0.04820946,-10.025601
60168000,60168000,-0.080981,0.060971998,-10.116376
60216000,60216000,-0.05633858,0.0258709,-10.162157
60268000,60268000,-0.051634673,0.052567873,-10.162258
60316000,60316000,-0.076170795,0.023230271,-10.185857
60368000,60368000,-0.060348246,0.04030533,-10.239217
60416000,60416000,-0.095495425,0.08027766,-10.175548
60464000,60464000,-0.072273746,0.10132844,-10.165728
60516000,60516000,-0.08763924,0.07494261,-10.127941
60564000,60564000,-0.18253873,0.045570582,-10.06647
60616000,60616000,-0.115166984,0.058483995,-10.101472
60664000,60664000,-0.08301591,0.05943402,-10.078273
60712000,60712000,-0.10219836,0.051559884,-10.106495
60768000,60768000,-0.13115296,0.049002152,-10.056456
60812000,60812000,-0.12405177,0.033567987,-10.130335
60868000,60868000,-0.08791606,0.079544514,-10.184944
60916000,60916000,-0.10583391,0.014819143,-10.1801195
60968000,60968000,-0.07208399,0.052094456,-10.270821
61012000,61012000,-0.07348651,0.09057648,-10.256888
61064000,61064000,-0.1101149,0.094657175,-10.2491865
61116000,61116000,-0.086838625,0.055007793,-10.200435
61168000,61168000,-0.06653258,0.08502117,-10.257028
61216000,61216000,-0.10835817,0.06258642,-10.174116
61268000,61268000,-0.14331527,0.069742985,-10.218932
61316000,61316000,-0.096778855,0.09603242,-10.222499
61368000,61368000,-0.12802528,0.045082714,-10.249875
61412000,61412000,-0.07127697,0.06662818,-10.202242
61468000,61468000,-0.08965579,0.06500299,-10.208286
61516000,61516000,-0.11824755,0.084933594,-10.20567
61568000,61568000,-0.124536894,0.075760834,-10.148328
61616000,61616000,-0.14347163,0.055509787,-10.184856
61668000,61668000,-0.10176907,0.090229295,-10.181292
61716000,61716000,-0.058044724,0.03030558,-10.175
61764000,61764000,-0.13831803,0.068370305,-10.077956
61816000,61816000,-0.098489724,0.08546323,-10.0277
61868000,61868000,-0.1013976,0.12008532,-9.829545
61916000,61916000,-0.07321893,0.11098386,-9.791953
61968000,61968000,-0.11014544,0.027855756,-9.77988
62016000,62016000,-0.11311673,0.07866953,-9.776945
62068000,62068000,-0.07082062,0.060754474,-10.018076
62116000,62116000,-0.104869194,0.04933901,-9.993786
62164000,62164000,-0.12802814,0.103529274,-9.714284
62216000,62216000,-0.06902349,0.07667289,-9.600474
62264000,62264000,-0.097064815,0.07792813,-9.575195
62312000,62312000,-0.082255766,0.081028655,-9.709826
62364000,62364000,-0.106787704,0.046720084,-9.733117
62416000,62416000,-0.02644106,-0.098161526,-10.096693
62468000,62468000,-0.10967039,0.23402645,-9.207849
62516000,62516000,-0.13280411,0.097507276,-9.472505
62568000,62568000,0.0013242317,-0.0974099,-10.171104
62616000,62616000,-0.17645845,0.22085166,-8.444132
62668000,62668000,-0.123245955,0.13158104,-9.255115
62716000,62716000,-0.16154712,0.15354028,-9.609434
62768000,62768000,-0.17007849,0.12799488,-9.92592
62812000,62812000,-0.16573092,0.07246576,-9.942802
62868000,62868000,-0.11570961,0.077758804,-10.130668
62916000,62916000,-0.11672241,0.02048336,-10.197899
62968000,62968000,-0.13691022,0.07916423,-10.169809
63012000,63012000,-0.16198234,0.08174076,-10.034583
63064000,63064000,-0.08403379,0.09312313,-9.89633
63112000,63112000,-0.13938344,0.08872443,-9.791145
63168000,63168000,-0.0665583,0.07857446,-9.75304
63212000,63212000,-0.102248795,0.10647188,-9.737431
63268000,63268000,-0.1318862,0.06513758,-9.739761
63316000,63316000,-0.16837503,0.056893058,-9.674681
63368000,63368000,-0.018595133,-0.19320293,-10.111147
63416000,63416000,-0.12807396,0.29649097,-8.67228
63468000,63468000,-0.14966671,0.13454594,-9.325215
63512000,63512000,-0.16106303,0.10428766,-9.584356
63568000,63568000,-0.10953208,0.04194587,-9.851253
63616000,63616000,-0.08528472,-0.08580099,-10.127838
63668000,63668000,-0.16232061,0.24681866,-8.523476
63716000,63716000,-0.17130744,0.22510993,-9.062478
63768000,63768000,-0.11121594,-0.058138385,-9.694273
63812000,63812000,-0.16451758,0.2581491,-9.126793
63868000,63868000,-0.20798509,0.09045937,-9.974045
63912000,63912000,-0.13843776,0.11144453,-10.070281
63968000,63968000,-0.10534366,0.101426765,-10.201757
64016000,64016000,-0.099470705,0.06492992,-10.248702
64064000,64064000,-0.09766052,0.087346025,-10.341652
64116000,64116000,-0.14819247,0.05252521,-10.407777
64164000,64164000,-0.09489843,0.1200677,-10.405196
64216000,64216000,-0.11636423,0.093618885,-10.301719
64268000,64268000,-0.09226098,0.09990696,-10.108157
64316000,64316000,-0.15576395,0.10625758,-9.952662
64368000,64368000,-0.13277288,0.09326871,-9.846068
64416000,64416000,-0.087634385,0.02993404,-9.75486
64468000,64468000,-0.11133328,0.23787597,-9.435607
64516000,64516000,-0.15599754,0.09728062,-9.784664
64564000,64564000,-0.058223825,0.0036993031,-9.6591
64612000,64612000,-0.15376973,0.1856518,-9.523798
64668000,64668000,-0.15627714,0.1337537,-10.011488
64712000,64712000,-0.11343883,0.11516391,-9.967341
64764000,64764000,-0.16010602,0.111135125,-9.90885
64816000,64816000,-0.17068912,0.044641383,-9.807558
64868000,64868000,-0.10933286,-0.035732042,-9.584653
64916000,64916000,-0.11340119,0.07802,-9.904644
64964000,64964000,-0.11070489,0.1908531,-9.813497
65016000,65016000,-0.08727084,0.13870087,-9.811704
65068000,65068000,-0.15892228,0.10627321,-9.804057
65112000,65112000,-0.06889584,0.09973221,-9.835656
65168000,65168000,-0.10766453,0.09961379,-9.7207
65216000,65216000,-0.119723655,0.112118006,-9.794584
65268000,65268000,-0.1418339,0.078620955,-9.723195
65316000,65316000,-0.105386876,0.09665437,-9.726447
65368000,65368000,-0.15354115,0.058071434,-9.499112
65416000,65416000,-0.10048431,0.17549998,-9.8789625
65468000,65468000,-0.12193456,0.1965308,-9.872799
65512000,65512000,-0.13062371,0.1206412,-9.754666
65568000,65568000,-0.14576048,0.009137877,-9.676123
65612000,65612000,-0.101801544,0.117122225,-9.8602495
65664000,65664000,-0.120964855,0.07260285,-9.809831
65716000,65716000,-0.1317736,0.11806177,-9.752909
65768000,65768000,-0.14938755,0.016197402,-9.597461
65816000,65816000,-0.13539922,0.07385185,-9.856155
65868000,65868000,-0.1081109,0.096484564,-9.805559
65916000,65916000,-0.03127373,0.076006405,-9.79839
65968000,65968000,-0.14983732,0.13652048,-9.84154
66016000,66016000,-0.11430806,0.07984774,-9.7867155
66068000,66068000,-0.14819373,0.12010148,-9.764729
66116000,66116000,-0.18373463,0.14380391,-9.787313
66164000,66164000,-0.13057092,0.10127168,-9.734937
66216000,66216000,-0.101165384,0.05128785,-9.77791
66268000,66268000,-0.12621674,0.0732576,-9.727499
66316000,66316000,-0.18422711,0.07303009,-9.731237
66368000,66368000,-0.11243478,0.09811677,-9.605272
66416000,66416000,-0.13854817,0.07307759,-9.7195215
66468000,66468000,-0.07608085,0.034917668,-9.873543
66516000,66516000,-0.10443738,0.030593982,-9.875473
66568000,66568000,-0.14136073,0.078481756,-9.837029
66616000,66616000,-0.111713745,0.11124615,-9.786041
66668000,66668000,-0.07966651,0.0607708,-9.778389
66716000,66716000,-0.09658674,0.07858093,-9.79875
66764000,66764000,-0.23184022,0.21294239,-8.303202
66816000,66816000,-0.22026554,0.27164286,-7.0538898
66868000,66868000,-0.18039654,0.033009123,-7.2773223
66916000,66916000,0.027429948,-0.16425669,-9.964847
66968000,66968000,0.054288603,-0.097769745,-10.502941
67012000,67012000,0.05067227,-0.09171556,-10.71631
67068000,67068000,0.08894237,-0.062172975,-11.0695915
67116000,67116000,0.028780807,-0.044749916,-10.32828
67168000,67168000,0.1353011,-0.12333684,-11.380992
67216000,67216000,0.06944424,-0.042714078,-11.075997
67268000,67268000,-0.12525645,0.2617508,-6.5679493
67312000,67312000,0.029920476,-0.2459633,-9.685939
67368000,67368000,0.064359635,-0.13414015,-10.109732
67416000,67416000,0.043793004,-0.0816677,-9.829286
67468000,67468000,0.054589532,-0.10491185,-9.659054
67512000,67512000,0.07102166,-0.077347904,-9.486145
67568000,67568000,-0.01465237,-0.086266324,-9.536142
67616000,67616000,0.0521546,-0.13291898,-9.661436
67668000,67668000,0.068115726,-0.086067624,-9.624755
67716000,67716000,0.035728566,-0.060704008,-9.872677
67768000,67768000,0.10070049,-0.08322422,-10.085462
67816000,67816000,0.053449612,-0.1329694,-10.207517
67868000,67868000,0.08859767,-0.10113616,-10.311793
67916000,67916000,0.06945188,-0.11548662,-10.385026
67968000,67968000,0.106365316,-0.13091646,-10.468798
68016000,68016000,0.08693168,-0.113521345,-10.32813
68064000,68064000,0.057473775,-0.105690196,-10.285556
68116000,68116000,0.02782769,-0.10004646,-10.19791
68168000,68168000,0.048603527,-0.069790624,-10.002467
68212000,68212000,0.10622495,-0.080199055,-10.261492
68268000,68268000,0.04932171,-0.134752,-10.259298
68316000,68316000,0.042930674,-0.14095592,-10.112682
68368000,68368000,0.060988966,-0.102829345,-10.122877
68416000,68416000,0.029687796,-0.12216321,-10.220245
68468000,68468000,-0.061278626,0.03115388,-7.85098
68516000,68516000,0.09537409,-0.1878367,-10.244014
68568000,68568000,0.015958996,-0.06408267,-9.110453
68612000,68612000,0.10151279,-0.1417734,-10.078615
68668000,68668000,0.16342467,-0.22268799,-10.65932
68712000,68712000,0.17673829,-0.088916436,-10.909996
68768000,68768000,0.12827368,-0.11947145,-10.4980545
68816000,68816000,0.040833935,-0.032553524,-10.181464
68868000,68868000,0.12369671,-0.12726419,-9.98695
68916000,68916000,0.0709579,-0.075432114,-9.890028
68964000,68964000,0.0918809,-0.16266702,-9.769715
69016000,69016000,0.07995242,-0.13865247,-9.74385
69064000,69064000,0.100167915,-0.12739287,-9.799146
69116000,69116000,0.019306462,-0.134244,-9.758199
69168000,69168000,0.02145022,-0.15466441,-9.728979
69212000,69212000,0.07659645,-0.15987708,-9.706524
69268000,69268000,0.05547132,-0.15851161,-9.7791195
69316000,69316000,0.07381026,-0.16678956,-9.758064
69368000,69368000,0.033283032,-0.10556916,-9.806354
69416000,69416000,0.08885466,-0.1503673,-9.737783
69468000,69468000,0.071759045,-0.10359172,-9.719965
69516000,69516000,-0.09011533,0.13147089,-7.1576786
69568000,69568000,0.18696503,-0.3913272,-10.3098
69612000,69612000,0.18939516,-0.23087183,-10.85785
69668000,69668000,0.1322803,-0.20287186,-10.532425
69716000,69716000,0.12732413,-0.187386,-10.1696
69768000,69768000,0.08041471,-0.16209668,-9.985027
69816000,69816000,0.11209285,-0.12473896,-9.852832
69868000,69868000,0.11857167,-0.1259696,-9.850873
69916000,69916000,0.064299576,-0.15733393,-9.713355
69968000,69968000,0.009207535,-0.13517334,-9.775209
70016000,70016000,0.03809852,-0.1392611,-9.815044
70068000,70068000,-0.037736747,-0.0035214177,-8.024761
70116000,70116000,0.07310427,-0.18198048,-10.02141
70168000,70168000,0.105487056,-0.20961294,-10.256343
70216000,70216000,0.09504779,-0.19252206,-10.12816
70264000,70264000,0.09811041,-0.11750428,-10.065383
70312000,70312000,0.07105748,-0.100444555,-9.251635
70368000,70368000,0.107180186,-0.22531828,-9.993355
70412000,70412000,0.15374775,-0.18943934,-10.242997
70468000,70468000,0.09000198,-0.16198727,-10.037972
70516000,70516000,0.123059474,-0.10332389,-10.002133
70568000,70568000,0.1362918,-0.143338,-9.941197
70616000,70616000,0.13448861,-0.14510927,-9.827769
70668000,70668000,0.09873668,-0.11163167,-9.819418
70716000,70716000,0.039780125,-0.1674152,-9.794705
70768000,70768000,0.048087534,-0.14680602,-9.828033
70812000,70812000,0.09724277,-0.16720289,-9.736415
70868000,70868000,0.103570625,-0.13526994,-9.808115
70916000,70916000,0.064272895,-0.11714995,-9.801589
70968000,70968000,0.062653504,-0.11592352,-9.812512
71016000,71016000,0.11600419,-0.12131867,-9.822179
71068000,71068000,0.09716045,-0.13901018,-9.762382
71116000,71116000,0.034139104,-0.084415786,-9.188619
71168000,71168000,0.07023848,-0.15490535,-9.804574
71216000,71216000,0.120774694,-0.15314524,-9.6940155
71268000,71268000,0.1367665,-0.23531078,-10.273912
71312000,71312000,0.12734166,-0.20331733,-10.096902
71368000,71368000,0.100338854,-0.16679086,-9.987101
71416000,71416000,0.10960274,-0.13988444,-9.877431
71468000,71468000,0.08091539,-0.1682649,-9.86386
71516000,71516000,0.08341446,-0.1145753,-9.796906
71568000,71568000,0.07122147,-0.15535872,-9.775587
71616000,71616000,0.08866449,-0.17976338,-9.799587
71664000,71664000,0.038782105,-0.12552664,-9.736329
71716000,71716000,-0.0330333,-0.100643195,-9.442446
71768000,71768000,0.064546086,-0.20212562,-10.092021
71816000,71816000,0.027200172,-0.16009639,-10.069019
71868000,71868000,0.10747628,-0.16068129,-9.917696
71912000,71912000,0.062256057,-0.13583401,-9.8347435
71968000,71968000,0.091682196,-0.13164337,-9.8085375
72016000,72016000,0.037603118,-0.14526334,-9.673414
72064000,72064000,0.09339636,-0.15760073,-9.891666
72112000,72112000,0.051742285,-0.18253505,-9.910243
72168000,72168000,0.107743524,-0.1243906,-9.923905
72216000,72216000,0.09615913,-0.19284078,-9.895415
72268000,72268000,0.07875774,-0.14837842,-9.82034
72316000,72316000,0.11085674,-0.21295975,-9.823924
72364000,72364000,0.047061753,-0.16458085,-9.802488
72416000,72416000,0.039626382,-0.16682014,-9.802098
72468000,72468000,0.03717695,-0.14949001,-9.81473
72516000,72516000,0.088189736,-0.21287154,-9.792968
72564000,72564000,0.031447254,-0.10417078,-9.812081
72616000,72616000,0.06241014,-0.14168186,-9.804243
72664000,72664000,0.05519933,-0.10837141,-9.8048315
72716000,72716000,0.0898441,-0.10841821,-9.997921
72768000,72768000,0.06784387,-0.09781209,-9.843858
72816000,72816000,0.010872019,-0.17936228,-9.942446
72868000,72868000,0.035612248,-0.10946426,-9.898232
72912000,72912000,0.08700424,-0.14969705,-10.003819
72968000,72968000,0.05746766,-0.11458274,-9.8342285
73016000,73016000,0.038980857,-0.16316041,-9.926549
73068000,73068000,0.020358646,-0.05935236,-9.835874
73116000,73116000,0.05136273,-0.14531492,-9.713758
73168000,73168000,0.051450014,-0.19975148,-9.629248
73216000,73216000,0.069168024,-0.16623417,-9.754583
73268000,73268000,0.015002221,-0.15128525,-9.77093
73316000,73316000,0.10616422,-0.20605674,-9.825271
73364000,73364000,0.041857406,-0.09826231,-9.80329
73416000,73416000,0.036288697,-0.1287299,-9.794405
73468000,73468000,0.09329471,-0.22153488,-10.198654
73516000,73516000,0.0751186,-0.10948728,-9.896154
73568000,73568000,0.068213046,-0.047004256,-9.655627
73612000,73612000,0.049017638,-0.102065474,-9.722044
73668000,73668000,0.07170953,-0.16804567,-9.843156
73712000,73712000,0.041566618,-0.12711792,-9.806166
73768000,73768000,0.08948215,-0.17185812,-9.809707
73816000,73816000,0.03533486,-0.16678554,-9.755103
73864000,73864000,0.0798758,-0.20617348,-9.778908
73912000,73912000,0.03294037,-0.16238728,-9.856003
73968000,73968000,0.11265733,-0.14034352,-9.792419
74016000,74016000,0.06223762,-0.122560024,-9.829765
74068000,74068000,0.04989301,-0.24358714,-10.45007
74112000,74112000,0.083683416,-0.10895767,-10.002525
74168000,74168000,0.03237083,-0.025042253,-9.312881
74216000,74216000,-0.037097327,-0.047801968,-9.361289
74268000,74268000,0.031332113,-0.13895176,-9.65164
74312000,74312000,0.01541358,-0.15218332,-9.840798
74368000,74368000,-0.0067068376,-0.14896989,-9.916226
74416000,74416000,0.051751982,-0.16739093,-10.016769
74464000,74464000,0.06668726,-0.07311931,-9.975819
74516000,74516000,0.040497955,-0.17274886,-10.200549
74568000,74568000,0.038066413,-0.102812804,-10.078871
74616000,74616000,0.05404385,-0.12093407,-10.156137
74668000,74668000,0.059510846,-0.13314754,-9.654424
74716000,74716000,0.010776647,-0.12013861,-9.584307
74768000,74768000,0.034816504,-0.08692885,-9.670364
74812000,74812000,0.09034871,-0.120592535,-9.690351
74868000,74868000,0.05386334,-0.17492305,-9.746776
74916000,74916000,0.016019776,-0.12348685,-9.775869
74968000,74968000,0.04772198,-0.15364651,-9.782808
75012000,75012000,0.04157485,-0.13707554,-9.79291
75064000,75064000,0.02909126,-0.1645695,-9.844482
75116000,75116000,0.03695098,-0.1500702,-9.820771
75164000,75164000,0.057388995,-0.15290292,-9.824958
75216000,75216000,0.10483531,-0.1416689,-9.795997
75268000,75268000,0.005785644,-0.15070476,-9.825288
75316000,75316000,0.061128724,-0.0973443,-9.884584
75368000,75368000,0.1135834,-0.14284366,-9.833416
75416000,75416000,0.07685097,-0.140932,-9.808725
75468000,75468000,0.013547682,-0.14428842,-9.803401
75516000,75516000,0.096995644,-0.15459439,-9.804065
75568000,75568000,0.039056867,-0.15558784,-9.835633
75616000,75616000,0.056373212,-0.13034329,-9.819794
75668000,75668000,0.0077476865,-0.15580995,-9.796375
75716000,75716000,0.0666289,-0.1671191,-9.951388
75768000,75768000,0.046230182,-0.08178758,-9.104376
75816000,75816000,0.102048986,-0.17764254,-9.693971
75868000,75868000,0.09279607,-0.1729329,-9.185669
75916000,75916000,0.078960985,-0.118128695,-8.804972
75964000,75964000,0.06766602,-0.16636896,-8.563867
76016000,76016000,0.026893623,-0.08717275,-8.18479
76068000,76068000,0.03523128,-0.1384119,-8.002013
76116000,76116000,-0.002692289,-0.07311066,-7.817357
76168000,76168000,0.02244075,-0.13751705,-7.9953837
76212000,76212000,-0.008677719,-0.052787166,-8.4705305
76268000,76268000,0.04852139,-0.11622634,-9.080957
76316000,76316000,-0.022173835,-0.10098005,-9.421588
76368000,76368000,-0.003944896,0.011137341,-9.660773
76416000,76416000,-0.08818259,-0.027975036,-9.410939
76468000,76468000,-0.14472751,-0.02255017,-9.090041
76516000,76516000,-0.09682876,0.025075305,-9.145603
76568000,76568000,-0.13030723,-0.026233356,-9.151211
76612000,76612000,-0.08993578,0.0055664135,-9.321127
76664000,76664000,-0.054714184,-0.117643535,-9.597321
76716000,76716000,-0.014844005,-0.088602304,-9.842667
76768000,76768000,-0.007934946,-0.08599427,-10.228953
76816000,76816000,-0.007001886,-0.10178546,-10.418569
76868000,76868000,-0.034437746,0.006272107,-10.490032
76916000,76916000,0.012187931,-0.0072289603,-10.410546
76968000,76968000,-0.05909502,-0.005965135,-10.179196
77016000,77016000,-0.07696076,-0.030471893,-9.980643
77068000,77068000,-0.032571666,-0.041382216,-9.770786
77116000,77116000,-0.0569932,-0.032040995,-9.691099
77168000,77168000,-0.0750925,-0.04857934,-9.512727
77216000,77216000,-0.10275571,-0.025362136,-9.50107
77268000,77268000,-4.7741413,0.27751324,-14.058854
77312000,77312000,-0.3205403,-0.07512423,-12.057266
77368000,77368000,0.017332042,-0.11893115,-7.332775
77416000,77416000,-0.00097441394,-0.01864608,-7.5080404
77464000,77464000,-0.08382244,-0.045310106,-7.961139
77512000,77512000,-0.036133863,-0.06346032,-8.618947
77568000,77568000,-0.30277103,-0.0259197,-9.03776
77616000,77616000,0.46217966,-0.043643646,-9.600794
77668000,77668000,0.056810252,-0.25475565,-8.018947
77716000,77716000,-0.2814191,-0.0055258055,-7.6718802
77764000,77764000,-0.07429671,0.5895598,-9.384509
77812000,77812000,-0.03012987,-0.43144366,-10.481792
77864000,77864000,0.012595229,0.20096332,-9.818116
77916000,77916000,-0.007923923,-0.31929094,-9.731002
77968000,77968000,0.14517029,0.17292334,-9.673085
78016000,78016000,0.111546084,-0.0009109369,-9.743573
78068000,78068000,-0.34889287,-0.06492451,-9.353133
78116000,78116000,0.053059552,0.002977451,-9.886759
78168000,78168000,-0.096640244,0.08407973,-9.797103
78212000,78212000,0.19801983,-0.061085653,-9.597441
