timestamp,timestamp_sample,vibe[0],vibe[1],vibe[2],output_tracking_error[0],output_tracking_error[1],output_tracking_error[2],control_mode_flags,filter_fault_flags,pos_horiz_accuracy,pos_vert_accuracy,mag_test_ratio,vel_test_ratio,pos_test_ratio,hgt_test_ratio,tas_test_ratio,hagl_test_ratio,beta_test_ratio,time_slip,accel_device_id,gyro_device_id,baro_device_id,mag_device_id,gps_check_fail_flags,innovation_check_flags,solution_status_flags,reset_count_vel_ne,reset_count_vel_d,reset_count_pos_ne,reset_count_pod_d,reset_count_quat,pre_flt_fail_innov_heading,pre_flt_fail_innov_vel_horiz,pre_flt_fail_innov_vel_vert,pre_flt_fail_innov_height,pre_flt_fail_mag_field_disturbed,health_flags,timeout_flags
696000,696000,2.5008667e-08,6.393271e-05,0.00286048,0.00016423916,0.011949885,7.9376834e-05,512,0,0.70622146,3.5000029,0.0,nan,nan,1.1754944e-38,0.0,0.0,0.0,0.0,1310996,1310996,6620172,197388,0,0,228,1,0,1,0,1,0,0,0,0,0,0,0
708000,708000,2.4294522e-08,6.3013715e-05,0.002790373,0.000121064455,0.019421538,0.00023690132,512,0,0.7097526,3.5000114,0.0,nan,nan,1.1754944e-38,0.0,0.0,0.0,0.0,1310996,1310996,6620172,197388,0,0,228,1,0,1,0,1,0,0,0,0,0,0,0
900000,900000,1.521463e-08,4.8922393e-05,0.0019012798,0.0005774312,0.0063471845,0.0039581964,512,0,0.63064706,1.7504698,0.0,nan,nan,0.0012926642,0.0,0.0,0.0,0.0,1310996,1310996,6620172,197388,0,0,228,1,0,1,0,1,0,0,0,0,0,0,0
1092000,1092000,9.61058e-09,3.954036e-05,0.0013642295,0.00018994143,0.0028356744,0.006370218,512,0,1.2165899,1.3251052,0.0,nan,nan,0.0018142487,0.0,0.0,0.0,0.0,1310996,1310996,6620172,197388,0,0,228,1,0,1,0,1,0,0,0,0,0,0,0
1292000,1292000,6.067934e-09,3.6653433e-05,0.0010147205,2.4166928e-05,0.0012175911,0.012242309,512,0,1.013186,1.1136287,0.0,nan,nan,0.003910467,0.0,0.0,0.0,0.0,1310996,1310996,6620172,197388,0,0,228,1,0,1,0,1,0,0,0,0,0,0,0
1492000,1492000,3.929499e-09,3.480414e-05,0.00080310635,2.1884394e-05,0.0007838,0.0039703175,512,0,0.869934,0.9499775,0.0,nan,nan,0.0011413104,0.0,0.0,0.0,0.0,1310996,1310996,6620172,197388,0,0,228,1,0,1,0,1,0,0,0,0,0,0,0
1692000,1692000,2.5631308e-09,3.2238244e-05,0.00066371105,1.2042568e-05,0.0012978285,0.0035161173,512,0,0.7565397,0.87680197,0.0,nan,nan,0.00032417415,0.0,0.0,0.0,0.0,1310996,1310996,6620172,197388,0,0,228,1,0,1,0,1,0,0,0,0,0,0,0
1892000,1892000,1.7973875e-09,3.1840744e-05,0.0006506171,4.485341e-05,0.0013680983,0.0021591817,512,0,0.68846136,0.8287849,0.0,nan,nan,0.0012269254,0.0,0.0,0.0,0.0,1310996,1310996,6620172,197388,0,0,228,1,0,1,0,1,0,0,0,0,0,0,0
2092000,2092000,1.3062336e-09,2.9823588e-05,0.00061867555,0.00013665819,0.0023086679,0.0048677674,512,0,0.65635765,0.799445,0.0,nan,nan,0.0018343368,0.0,0.0,0.0,0.0,1310996,1310996,6620172,197388,0,0,228,1,0,1,0,1,0,0,0,0,0,0,0
2292000,2292000,1.0198954e-09,2.8466537e-05,0.0006265619,0.00029986523,0.0028105355,0.0026059372,512,0,0.6494517,0.78427714,0.0,nan,nan,0.00481105,0.0,0.0,0.0,0.0,1310996,1310996,6620172,197388,0,0,228,1,0,1,0,1,0,0,0,0,0,0,0
2492000,2492000,9.069754e-10,3.0540905e-05,0.0005939246,0.00040057526,0.0038319144,0.0046991175,512,0,0.6538648,0.7804031,0.0,nan,nan,0.0014003799,0.0,0.0,0.0,0.0,1310996,1310996,6620172,197388,0,0,228,1,0,1,0,1,0,0,0,0,0,0,0
2692000,2692000,7.8597157e-10,3.0431089e-05,0.00060806976,0.0003223654,0.0029588754,0.002831189,512,0,0.65646863,0.7660828,0.0,nan,nan,0.00020248751,0.0,0.0,0.0,0.0,1310996,1310996,6620172,197388,0,0,228,1,0,1,0,1,0,0,0,0,0,0,0
2892000,2892000,7.527254e-10,3.0417668e-05,0.0005533875,0.00014672609,0.001659271,0.0017013814,512,0,0.65066975,0.776638,0.0,nan,nan,0.0031447576,0.0,0.0,0.0,0.0,1310996,1310996,6620172,197388,0,0,228,1,0,1,0,1,0,0,0,0,0,0,0
3092000,3092000,6.6397937e-10,2.9638562e-05,0.0006186307,0.00012058498,0.0014436194,0.0009877803,512,0,0.63729334,0.7909452,0.0,nan,nan,3.399256e-06,0.0,0.0,0.0,0.0,1310996,1310996,6620172,197388,0,0,228,1,0,1,0,1,0,0,0,0,0,0,0
3292000,3292000,6.050371e-10,2.8960334e-05,0.0005819002,0.0004069869,0.0042668446,0.0026283816,512,0,0.619505,0.8076724,0.0,nan,nan,0.0015317923,0.0,0.0,0.0,0.0,1310996,1310996,6620172,197388,0,0,228,1,0,1,0,1,0,0,0,0,0,0,0
3492000,3492000,6.0724914e-10,2.8458162e-05,0.00060758373,0.0005665496,0.007914223,0.008902423,512,0,0.60018855,0.8252077,0.0,nan,nan,0.005500763,0.0,0.0,0.0,0.0,1310996,1310996,6620172,197388,0,0,228,1,0,1,0,1,0,0,0,0,0,0,0
3692000,3692000,6.4346567e-10,2.9759842e-05,0.00057634036,0.0007391883,0.00974333,0.009399429,512,0,0.5811798,0.8426883,0.0,nan,nan,0.0063878214,0.0,0.0,0.0,0.0,1310996,1310996,6620172,197388,0,0,228,1,0,1,0,1,0,0,0,0,0,0,0
3892000,3892000,6.4433675e-10,2.9314988e-05,0.0006296326,0.00076407584,0.010114083,0.008448308,512,0,0.563417,0.83430046,0.0,nan,nan,0.001319309,0.0,0.0,0.0,0.0,1310996,1310996,6620172,197388,0,0,228,1,0,1,0,1,0,0,0,0,0,0,0
4092000,4092000,6.595088e-10,2.9221397e-05,0.00072940707,0.0007307312,0.009996739,0.008308782,512,0,0.54709697,0.8483106,0.0,nan,nan,0.0022584104,0.0,0.0,0.0,0.0,1310996,1310996,6620172,197388,0,0,228,1,0,1,0,1,0,0,0,0,0,0,0
4292000,4292000,6.17888e-10,2.8908935e-05,0.00069714553,0.00090200163,0.011720927,0.010453293,512,0,0.5322007,0.860278,0.0,nan,nan,0.0018217295,0.0,0.0,0.0,0.0,1310996,1310996,6620172,197388,0,0,228,1,0,1,0,1,0,0,0,0,0,0,0
4492000,4492000,5.881564e-10,2.8570335e-05,0.00065594097,0.0011318931,0.013926682,0.011698026,512,0,0.5185629,0.8706856,0.0,nan,nan,0.004766068,0.0,0.0,0.0,0.0,1310996,1310996,6620172,197388,0,0,228,1,0,1,0,1,0,0,0,0,0,0,0
4692000,4692000,5.412305e-10,2.8169397e-05,0.00066044903,0.0011853001,0.014698469,0.012424043,512,0,0.5060209,0.879282,0.0,nan,nan,0.002162486,0.0,0.0,0.0,0.0,1310996,1310996,6620172,197388,0,0,228,1,0,1,0,1,0,0,0,0,0,0,0
4892000,4892000,6.0076366e-10,2.8007835e-05,0.000591058,0.0010118658,0.013090125,0.011432146,512,0,0.49432555,0.85908425,0.0,nan,nan,0.005549959,0.0,0.0,0.0,0.0,1310996,1310996,6620172,197388,0,0,228,1,0,1,0,1,0,0,0,0,0,0,0
5092000,5092000,6.349092e-10,2.9644616e-05,0.0006525697,0.0007271889,0.009628079,0.009595994,512,0,0.48329055,0.8644891,0.0,nan,nan,0.0033908875,0.0,0.0,0.0,0.0,1310996,1310996,6620172,197388,0,0,228,1,0,1,0,1,0,0,0,0,0,0,0
5292000,5292000,6.398874e-10,2.9886301e-05,0.0006632655,0.00021828646,0.0022416897,0.0026853948,512,0,0.6432714,0.8686531,0.0,nan,nan,0.0009432294,0.0,0.0,0.0,0.0,1310996,1310996,6620172,197388,0,0,228,1,0,1,0,1,0,0,0,0,0,0,0
5492000,5492000,6.4575106e-10,3.0187728e-05,0.0006181273,0.00012944345,0.0017906836,0.002078554,512,0,0.6252958,0.87198573,0.0,nan,nan,0.0041737687,0.0,0.0,0.0,0.0,1310996,1310996,6620172,197388,0,0,228,1,0,1,0,1,0,0,0,0,0,0,0
5692000,5692000,6.5876776e-10,3.0493731e-05,0.000620501,0.00011960665,0.0026084103,0.002305283,512,0,0.6080171,0.8741521,0.0,nan,nan,0.0008943774,0.0,0.0,0.0,0.0,1310996,1310996,6620172,197388,0,0,228,1,0,1,0,1,0,0,0,0,0,0,0
5892000,5892000,6.9291023e-10,3.0991978e-05,0.00060661655,7.994967e-05,0.0039588255,0.004167187,512,0,0.5913704,0.8758008,0.0,nan,nan,0.0005986033,0.0,0.0,0.0,0.0,1310996,1310996,6620172,197388,0,0,228,1,0,1,0,1,0,0,0,0,0,0,0
6092000,6092000,6.3854616e-10,3.0000194e-05,0.0006156663,0.00014941879,0.0057104584,0.005787253,512,0,0.57538205,0.85051763,0.0,nan,nan,0.00034000946,0.0,0.0,0.0,0.0,1310996,1310996,6620172,197388,0,0,228,1,0,1,0,1,0,0,0,0,0,0,0
6292000,6292000,6.2553845e-10,2.9366007e-05,0.00068752933,0.00026108773,0.0075427275,0.007914461,512,0,0.5600403,0.8513807,0.0,nan,nan,0.0006632503,0.0,0.0,0.0,0.0,1310996,1310996,6620172,197388,0,0,228,1,0,1,0,1,0,0,0,0,0,0,0
6492000,6492000,5.8519734e-10,2.9229042e-05,0.0007090881,0.00031700652,0.008645433,0.009136099,512,0,0.54533195,0.85180527,0.0,nan,nan,0.0031698265,0.0,0.0,0.0,0.0,1310996,1310996,6620172,197388,0,0,228,1,0,1,0,1,0,0,0,0,0,0,0
6692000,6692000,5.5194693e-10,2.8047652e-05,0.0006571863,0.00039748973,0.009688568,0.010952273,512,0,0.53125113,0.85207886,0.0,nan,nan,0.00081423536,0.0,0.0,0.0,0.0,1310996,1310996,6620172,197388,0,0,228,1,0,1,0,1,0,0,0,0,0,0,0
6892000,6892000,5.8974897e-10,2.9070525e-05,0.00062960264,0.0004708163,0.010247322,0.011112965,512,0,0.51781803,0.8518137,0.0,nan,nan,0.0012987342,0.0,0.0,0.0,0.0,1310996,1310996,6620172,197388,0,0,228,1,0,1,0,1,0,0,0,0,0,0,0
7092000,7092000,5.903857e-10,2.945534e-05,0.00061917276,0.0032083609,0.010951301,0.012506798,531,0,0.5037911,0.8515061,0.009738563,nan,nan,6.774892e-05,0.0,0.0,0.0,0.0,1310996,1310996,6620172,197388,0,0,229,1,0,1,0,2,0,0,0,0,0,0,0
7292000,7292000,5.7276406e-10,2.8602282e-05,0.00059025205,0.00052312843,0.010567203,0.020753743,535,0,1.0003004,0.79818773,0.0075817844,1.1754944e-38,1.1754944e-38,0.0022480309,0.0,0.0,0.0,0.0,1310996,1310996,6620172,197388,0,0,895,2,1,2,0,2,0,0,0,0,0,0,0
7492000,7492000,5.9785726e-10,2.7946306e-05,0.00062826846,0.0028838401,0.0041817003,0.010573871,535,0,1.0032855,0.7463422,0.011693477,1.1754944e-38,1.1754944e-38,0.0033206823,0.0,0.0,0.0,0.0,1310996,1310996,6620172,197388,0,0,895,2,1,2,0,2,0,0,0,0,0,0,0
7692000,7692000,5.9745847e-10,2.9091785e-05,0.00058464427,0.00090290414,0.007885519,0.008321257,535,0,0.8208536,0.70462275,0.0030337789,0.017709684,0.00052160426,0.002593119,0.0,0.0,0.0,0.0,1310996,1310996,6620172,197388,0,0,895,2,1,2,0,2,0,0,0,0,0,0,0
7892000,7892000,7.0176254e-10,3.0676256e-05,0.000531207,0.00044766988,0.002540246,0.0049852,535,0,0.8287645,0.67544967,0.011639625,0.017709684,0.00052160426,0.0048139477,0.0,0.0,0.0,0.0,1310996,1310996,6620172,197388,0,0,895,2,1,2,0,2,0,0,0,0,0,0,0
8092000,8092000,7.3487255e-10,3.1407206e-05,0.00065572397,0.0017001687,0.013526165,0.007990055,535,0,0.71865994,0.6461516,0.029613795,0.019052584,0.0016817985,0.0009890568,0.0,0.0,0.0,0.0,1310996,1310996,6620172,197388,0,0,895,2,1,2,0,2,0,0,0,0,0,0,0
8292000,8292000,6.8129474e-10,2.9866127e-05,0.0005973845,0.0008131998,0.0057604266,0.0054079015,535,0,0.73195034,0.6299619,0.0053872284,0.019052584,0.0016817985,0.0027779262,0.0,0.0,0.0,0.0,1310996,1310996,6620172,197388,0,0,895,2,1,2,0,2,0,0,0,0,0,0,0
8492000,8492000,6.3523226e-10,2.9482186e-05,0.0006627218,0.0011264435,0.010487354,0.00675389,535,0,0.653262,0.5981149,0.020050552,0.0131237665,0.001292301,0.00041408854,0.0,0.0,0.0,0.0,1310996,1310996,6620172,197388,0,0,895,2,1,2,0,2,0,0,0,0,0,0,0
8692000,8692000,5.9117866e-10,2.8782046e-05,0.0006177306,0.0011320341,0.0033380259,0.004941576,535,0,0.6710301,0.59058756,0.034733593,0.0131237665,0.001292301,0.0017035508,0.0,0.0,0.0,0.0,1310996,1310996,6620172,197388,0,0,895,2,1,2,0,2,0,0,0,0,0,0,0
8892000,8892000,6.134089e-10,2.8162309e-05,0.0006378227,0.0011473121,0.010832755,0.0076116393,535,0,0.6084577,0.5721663,0.005835793,0.01607782,0.001316698,0.0052737542,0.0,0.0,0.0,0.0,1310996,1310996,6620172,197388,0,0,895,2,1,2,0,2,0,0,0,0,0,0,0
9092000,9092000,5.877604e-10,2.7516937e-05,0.0006666258,0.00055427896,0.0029448583,0.0026657744,535,0,0.62933415,0.5699766,0.019737672,0.01607782,0.001316698,0.0017673998,0.0,0.0,0.0,0.0,1310996,1310996,6620172,197388,0,0,895,2,1,2,0,2,0,0,0,0,0,0,0
9292000,9292000,5.571169e-10,2.7320591e-05,0.0007475111,0.00075563375,0.0074625155,0.007015815,535,0,0.5763952,0.5537284,0.019287556,0.020081019,0.00085852324,0.001265898,0.0,0.0,0.0,0.0,1310996,1310996,6620172,197388,0,0,895,2,1,2,0,2,0,0,0,0,0,0,0
9492000,9492000,6.464597e-10,2.8672894e-05,0.00078785775,0.00024936371,0.00058182504,0.0018277017,535,0,0.5993438,0.5484211,0.0033677027,0.020081019,0.00085852324,0.0002824606,0.0,0.0,0.0,0.0,1310996,1310996,6620172,197388,0,0,895,2,1,2,0,2,0,0,0,0,0,0,0
9692000,9692000,6.9062084e-10,2.9215304e-05,0.0007527174,0.00040441,0.005403614,0.0080449525,535,0,0.55281526,0.53420025,0.009504658,0.020796489,0.00049276603,0.004703471,0.0,0.0,0.0,0.0,1310996,1310996,6620172,197388,0,0,895,2,1,2,0,2,0,0,0,0,0,0,0
9892000,9892000,6.2878125e-10,2.8468392e-05,0.00074968126,0.00029701093,0.0047691115,0.0053333454,535,0,0.5771484,0.5383231,0.0022377125,0.020796489,0.00049276603,0.003064023,0.0,0.0,0.0,0.0,1310996,1310996,6620172,197388,0,0,895,2,1,2,0,2,0,0,0,0,0,0,0
10092000,10092000,5.9587946e-10,2.8182683e-05,0.00076198735,0.0003814993,0.0075696465,0.008192022,535,0,0.53515923,0.5250743,0.021652663,0.01258765,0.00043856728,0.0022416983,0.0,0.0,0.0,0.0,1310996,1310996,6620172,197388,0,0,895,2,1,2,0,2,0,0,0,0,0,0,0
10292000,10292000,6.4000444e-10,2.9049235e-05,0.000635059,7.777454e-05,0.0060238256,0.0069395583,535,0,0.56041825,0.531071,0.0045482153,0.01258765,0.00043856728,0.0014637152,0.0,0.0,0.0,0.0,1310996,1310996,6620172,197388,0,0,895,2,1,2,0,2,0,0,0,0,0,0,0
10492000,10492000,6.2645716e-10,2.8962168e-05,0.00065705547,0.000463006,0.0048957937,0.005552561,535,0,0.52177423,0.51857734,0.011587325,0.010384844,0.0004476867,0.004481668,0.0,0.0,0.0,0.0,1310996,1310996,6620172,197388,0,0,895,2,1,2,0,2,0,0,0,0,0,0,0
10692000,10692000,6.0173355e-10,2.9339217e-05,0.0006838288,0.00016750624,0.0035055503,0.004258599,535,0,0.5476644,0.52005607,0.015258465,0.010384844,0.0004476867,0.005935741,0.0,0.0,0.0,0.0,1310996,1310996,6620172,197388,0,0,895,2,1,2,0,2,0,0,0,0,0,0,0
10892000,10892000,6.318375e-10,2.9462088e-05,0.0006529273,0.0004270465,0.004032145,0.007343483,535,0,0.51153713,0.50854456,0.00025432982,0.017299257,0.00018351633,0.0017789308,0.0,0.0,0.0,0.0,1310996,1310996,6620172,197388,0,0,895,2,1,2,0,2,0,0,0,0,0,0,0
11092000,11092000,6.0425787e-10,2.83358e-05,0.0006834214,8.531668e-05,0.0016699252,0.002245425,535,0,0.5378589,0.51658535,0.021531193,0.017299257,0.00018351633,0.0017146014,0.0,0.0,0.0,0.0,1310996,1310996,6620172,197388,0,0,895,2,1,2,0,2,0,0,0,0,0,0,0
11292000,11292000,6.205682e-10,2.8697228e-05,0.0007564977,0.0008652403,0.008653081,0.012579006,535,0,0.5036512,0.50553834,0.016188847,0.024859343,0.000957837,0.0027458011,0.0,0.0,0.0,0.0,1310996,1310996,6620172,197388,0,0,895,2,1,2,0,2,0,0,0,0,0,0,0
11492000,11492000,6.0060856e-10,2.8979817e-05,0.000729497,0.00037739833,0.0012424473,0.0017560788,535,0,0.5302823,0.5142364,0.0163745,0.024859343,0.000957837,0.004820522,0.0,0.0,0.0,0.0,1310996,1310996,6620172,197388,0,0,895,2,1,2,0,2,0,0,0,0,0,0,0
11692000,11692000,5.174512e-10,2.7485785e-05,0.00061719876,0.00026821232,0.0042676223,0.0075441836,535,0,0.49753624,0.50357914,0.008792989,0.022131497,9.1097805e-05,0.0014707476,0.0,0.0,0.0,0.0,1310996,1310996,6620172,197388,0,0,895,2,1,2,0,2,0,0,0,0,0,0,0
11892000,11892000,5.3842214e-10,2.7880278e-05,0.00060070324,0.0003463353,0.0028282825,0.0043081027,535,0,0.52439386,0.5072844,0.0133219715,0.022131497,9.1097805e-05,0.005561118,0.0,0.0,0.0,0.0,1310996,1310996,6620172,197388,0,0,895,2,1,2,0,2,0,0,0,0,0,0,0
12092000,12092000,5.906578e-10,2.9791448e-05,0.0007963868,0.0010306785,0.009933777,0.014056089,535,0,0.49277267,0.49728432,0.0019859732,0.025736779,0.0016233827,0.0061972565,0.0,0.0,0.0,0.0,1310996,1310996,6620172,197388,0,0,895,2,1,2,0,2,0,0,0,0,0,0,0
12292000,12292000,5.8068367e-10,2.8594148e-05,0.0006437365,0.00042349435,0.00190538,0.0027809497,535,0,0.51978934,0.5064323,0.024225397,0.025736779,0.0016233827,0.0023262359,0.0,0.0,0.0,0.0,1310996,1310996,6620172,197388,0,0,895,2,1,2,0,2,0,0,0,0,0,0,0
12492000,12492000,5.130099e-10,2.6787076e-05,0.0005751283,0.0007210848,0.0048669484,0.0047690584,535,0,0.48904946,0.49671948,0.010303687,0.01704308,0.00018623145,0.00088226557,0.0,0.0,0.0,0.0,1310996,1310996,6620172,197388,0,0,895,2,1,2,0,2,0,0,0,0,0,0,0
12692000,12692000,5.21313e-10,2.7260885e-05,0.0006171363,0.000103416496,0.0020071869,0.003799924,535,0,0.5161885,0.50603646,0.010391452,0.01704308,0.00018623145,0.0041820817,0.0,0.0,0.0,0.0,1310996,1310996,6620172,197388,0,0,895,2,1,2,0,2,0,0,0,0,0,0,0
12892000,12892000,5.6869576e-10,2.6665355e-05,0.0006967958,0.0003665917,0.0056911623,0.010561461,535,0,0.48612925,0.4916341,0.036825463,0.029258914,0.00035407412,0.0014054296,0.0,0.0,0.0,0.0,1310996,1310996,6620172,197388,0,0,895,2,1,2,0,2,0,0,0,0,0,0,0
13092000,13092000,5.889262e-10,2.7788103e-05,0.0007370688,0.0002894222,0.003370401,0.0036262774,535,0,0.51334924,0.5007466,0.012753996,0.029258914,0.00035407412,0.0022713128,0.0,0.0,0.0,0.0,1310996,1310996,6620172,197388,0,0,895,2,1,2,0,2,0,0,0,0,0,0,0
13292000,13292000,5.568485e-10,2.6797466e-05,0.00069188443,0.00044388772,0.0062322444,0.01234595,535,0,0.48383737,0.49180725,0.0014923586,0.030848725,0.00038819225,0.003886857,0.0,0.0,0.0,0.0,1310996,1310996,6620172,197388,0,0,895,2,1,2,0,2,0,0,0,0,0,0,0
13492000,13492000,5.538604e-10,2.708565e-05,0.00060853607,0.00014977551,0.004110174,0.00545125,535,0,0.5111058,0.5009343,0.022664633,0.030848725,0.00038819225,0.0034920499,0.0,0.0,0.0,0.0,1310996,1310996,6620172,197388,0,0,895,2,1,2,0,2,0,0,0,0,0,0,0
13692000,13692000,6.2473243e-10,2.9123341e-05,0.0005813482,0.00053755456,0.0057880287,0.010176728,535,0,0.482036,0.49218544,0.014607474,0.02993819,0.000105506064,0.0029045767,0.0,0.0,0.0,0.0,1310996,1310996,6620172,197388,0,0,895,2,1,2,0,2,0,0,0,0,0,0,0
13892000,13892000,5.697008e-10,2.8433578e-05,0.0005247711,0.00041981897,0.0036095227,0.0037929062,535,0,0.50932837,0.50127435,0.023930697,0.02993819,0.000105506064,0.0025912072,0.0,0.0,0.0,0.0,1310996,1310996,6620172,197388,0,0,895,2,1,2,0,2,0,0,0,0,0,0,0
14092000,14092000,5.586623e-10,2.8826144e-05,0.00050573767,0.0007916976,0.006906098,0.010483048,535,0,0.48062035,0.48791653,0.02005353,0.032654997,0.0008709102,0.0034122232,0.0,0.0,0.0,0.0,1310996,1310996,6620172,197388,0,0,895,2,1,2,0,2,0,0,0,0,0,0,0
14292000,14292000,5.896526e-10,2.8199705e-05,0.00056429044,0.00022275826,0.00074770546,0.0011794124,535,0,0.5079078,0.49668667,0.003984254,0.032654997,0.0008709102,0.0056225555,0.0,0.0,0.0,0.0,1310996,1310996,6620172,197388,0,0,895,2,1,2,0,2,0,0,0,0,0,0,0
14492000,14492000,6.439013e-10,2.8291337e-05,0.0007190261,0.0005772982,0.004456585,0.009213654,535,0,0.47950587,0.48857734,0.008969097,0.027562901,0.000632813,0.0056609297,0.0,0.0,0.0,0.0,1310996,1310996,6620172,197388,0,0,895,2,1,2,0,2,0,0,0,0,0,0,0
14692000,14692000,6.589317e-10,2.8959235e-05,0.000716228,0.000110844994,0.0023949672,0.0028973033,1049111,0,0.50675666,0.4972238,0.0014945542,0.027562901,0.000632813,0.00045923,0.0,0.0,0.0,0.0,1310996,1310996,6620172,197388,0,0,895,2,1,2,0,2,0,0,0,0,0,0,0
14892000,14892000,7.2717343e-10,3.0208339e-05,0.0006840052,0.0002345966,0.004877207,0.004790973,1049111,0,0.47862938,0.48929444,0.0058402293,0.01951637,0.0011255235,0.0042709964,0.0,0.0,0.0,0.0,1310996,1310996,6620172,197388,0,0,895,2,1,2,0,2,0,0,0,0,0,0,0
15092000,15092000,6.392365e-10,2.799257e-05,0.00060025265,0.0005481254,0.005552118,0.0074942294,1049111,0,0.50582826,0.49781877,0.015798897,0.01951637,0.0011255235,0.003808767,0.0,0.0,0.0,0.0,1310996,1310996,6620172,197388,0,0,895,2,1,2,0,2,0,0,0,0,0,0,0
15292000,15292000,6.5805145e-10,2.7943652e-05,0.0005935343,0.00059686217,0.004874023,0.009265547,1049111,0,0.47793725,0.48532724,0.008377281,0.0354861,0.00067622215,1.1754944e-38,0.0,0.0,0.0,0.0,1310996,1310996,6620172,197388,0,0,895,2,1,2,0,2,0,0,0,0,0,0,0
15492000,15492000,6.3165323e-10,2.7873655e-05,0.00052904023,0.00021947183,0.0041688955,0.0055603758,1049111,0,0.50506645,0.49349165,0.01074366,0.0354861,0.00067622215,1.1754944e-38,0.0,0.0,0.0,0.0,1310996,1310996,6620172,197388,0,0,895,2,1,2,0,2,0,0,0,0,0,0,0
15692000,15692000,6.379518e-10,2.8999235e-05,0.0006021614,0.0003802773,0.0059092683,0.0136162015,1049111,0,0.47738916,0.48612055,0.0066155544,0.044956654,0.0005546762,0.006639018,0.0,0.0,0.0,0.0,1310996,1310996,6620172,197388,0,0,895,2,1,2,0,2,0,0,0,0,0,0,0
15892000,15892000,7.162267e-10,3.0902953e-05,0.0005903687,0.000513972,0.0018667494,0.001718502,1049111,0,0.5044388,0.4941193,0.030408202,0.044956654,0.0005546762,0.0006872018,0.0,0.0,0.0,0.0,1310996,1310996,6620172,197388,0,0,895,2,1,2,0,2,0,0,0,0,0,0,0
16092000,16092000,6.6186306e-10,2.9644269e-05,0.00057014724,0.00037549302,0.0038575598,0.007910127,1049111,0,0.47695902,0.4869062,0.0052689128,0.03687549,0.0015949376,1.1754944e-38,0.0,0.0,0.0,0.0,1310996,1310996,6620172,197388,0,0,895,2,1,2,0,2,0,0,0,0,0,0,0
16292000,16292000,5.464544e-10,2.663788e-05,0.00053725415,0.0004598927,0.005177052,0.012359935,1049111,0,0.45721573,0.48087513,0.01470298,0.03661969,0.0011830664,0.0075519844,0.0,0.0,0.0,0.0,1310996,1310996,6620172,197388,0,0,895,2,1,2,0,2,0,0,0,0,0,0,0
16492000,16492000,5.571358e-10,2.7082413e-05,0.0005179158,0.00045331067,0.0027790575,0.0029877524,1049239,0,0.48088223,0.4836599,0.012852689,0.03661969,0.0011830664,1.1754944e-38,0.0,0.0,0.0,0.0,1310996,1310996,6620172,197388,0,0,895,2,1,2,0,2,0,0,0,0,0,0,0
16692000,16692000,5.5589955e-10,2.7703887e-05,0.0005847248,0.00030720673,0.0044714427,0.0074705747,1049239,0,0.4598681,0.4778195,0.008794322,0.0350125,0.0012613465,0.00069798046,0.0,0.0,0.0,0.0,1310996,1310996,6620172,197388,0,0,895,2,1,2,0,2,0,0,0,0,0,0,0
16892000,16892000,5.6914934e-10,2.8468903e-05,0.00062003685,0.00018790855,0.0034224538,0.006335984,1049239,0,0.48468554,0.48500478,0.013759585,0.0350125,0.0012613465,0.004962203,0.0,0.0,0.0,0.0,1310996,1310996,6620172,197388,0,0,895,2,1,2,0,2,0,0,0,0,0,0,0
17092000,17092000,5.64206e-10,2.873503e-05,0.000617071,0.00034749327,0.0046484685,0.005983247,1049239,0,0.46231854,0.47916043,0.0087653855,0.03324,0.0010454644,0.0038839153,0.0,0.0,0.0,0.0,1310996,1310996,6620172,197388,0,0,895,2,1,2,0,2,0,0,0,0,0,0,0
17292000,17292000,5.601147e-10,2.870173e-05,0.0006735223,9.512265e-05,0.00496544,0.0070257518,1049239,0,0.48834807,0.486254,0.01734457,0.03324,0.0010454644,0.0043735625,0.0,0.0,0.0,0.0,1310996,1310996,6620172,197388,0,0,895,2,1,2,0,2,0,0,0,0,0,0,0
17492000,17492000,5.860975e-10,2.8916986e-05,0.000584052,0.0002358018,0.008566274,0.009025178,1049239,0,0.46449828,0.47595668,0.028018605,0.036604557,0.00087967806,0.0023893567,0.0,0.0,0.0,0.0,1310996,1310996,6620172,197388,0,0,895,2,1,2,0,2,0,0,0,0,0,0,0
17692000,17692000,5.064484e-10,2.6821263e-05,0.00057894236,4.093577e-05,0.0060706167,0.009079525,1049239,0,0.49156117,0.48276785,0.013494477,0.036604557,0.00087967806,0.0039208913,0.0,0.0,0.0,0.0,1310996,1310996,6620172,197388,0,0,895,2,1,2,0,2,0,0,0,0,0,0,0
17892000,17892000,5.1276194e-10,2.7814174e-05,0.0005638505,0.00021144013,0.01098946,0.0110495305,1049239,0,0.4664234,0.47715324,0.007790743,0.029644264,0.00074800616,0.0048928927,0.0,0.0,0.0,0.0,1310996,1310996,6620172,197388,0,0,895,2,1,2,0,2,0,0,0,0,0,0,0
18092000,18092000,5.390765e-10,2.7993934e-05,0.00052605564,4.3501863e-05,0.006467048,0.009455335,1049239,0,0.49411598,0.4838523,0.004019961,0.029644264,0.00074800616,1.1754944e-38,0.0,0.0,0.0,0.0,1310996,1310996,6620172,197388,0,0,895,2,1,2,0,2,0,0,0,0,0,0,0
18292000,18292000,5.646665e-10,2.843653e-05,0.0005060684,0.00051865674,0.005476614,0.0064245253,1049239,0,0.46809614,0.47826537,0.031662922,0.03524431,0.0005774027,0.0032689474,0.0,0.0,0.0,0.0,1310996,1310996,6620172,197388,0,0,895,2,1,2,0,2,0,0,0,0,0,0,0
18492000,18492000,5.575034e-10,2.8439916e-05,0.00055376376,1.7096232e-05,0.003786362,0.0062109465,1049239,0,0.49604475,0.48482636,0.002763689,0.03524431,0.0005774027,0.006949338,0.0,0.0,0.0,0.0,1310996,1310996,6620172,197388,0,0,895,2,1,2,0,2,0,0,0,0,0,0,0
18692000,18692000,5.6844446e-10,2.8561513e-05,0.0005200466,6.178337e-05,0.004094223,0.00776407,1049239,0,0.4695235,0.4748641,0.012109655,0.036050636,0.00071856205,0.007111364,0.0,0.0,0.0,0.0,1310996,1310996,6620172,197388,0,0,895,2,1,2,0,2,0,0,0,0,0,0,0
18892000,18892000,3.353394e-09,3.9492377e-05,0.0009534654,0.0004237132,0.0029950128,0.004663527,1049239,0,0.49747878,0.48114094,0.0064216238,0.036050636,0.00071856205,0.003985054,0.0,0.0,0.0,0.0,1310996,1310996,6620172,197388,0,0,895,2,1,2,0,2,0,0,0,0,0,0,0
19092000,19092000,3.2564804e-09,3.551703e-05,0.0007689599,0.00016383361,0.0013969898,0.0044759973,1049239,0,0.4707242,0.47584164,0.0037803203,0.033424176,0.002488858,0.0058226907,0.0,0.0,0.0,0.0,1310996,1310996,6620172,197388,0,0,895,2,1,2,0,2,0,0,0,0,0,0,0
19292000,19292000,3.0086735e-09,3.1864914e-05,0.00056884886,0.00039807922,0.0025880262,0.0041448944,1049239,0,0.49851272,0.48199674,0.019484246,0.033424176,0.002488858,0.0044585527,0.0,0.0,0.0,0.0,1310996,1310996,6620172,197388,0,0,895,2,1,2,0,2,0,0,0,0,0,0,0
19492000,19492000,3.4868277e-09,3.0280156e-05,0.00044716115,2.2072492e-05,0.0022923644,0.0019033382,1049239,0,0.4716911,0.47674266,0.018631587,0.020268656,0.0010170327,0.0070220567,0.0,0.0,0.0,0.0,1310996,1310996,6620172,197388,0,0,895,2,1,2,0,2,0,0,0,0,0,0,0
19692000,19692000,3.4143661e-09,2.8849145e-05,0.0003877724,3.532607e-05,0.0032583086,0.005875791,1049239,0,0.49928507,0.4827575,0.018476149,0.020268656,0.0010170327,0.005813143,0.0,0.0,0.0,0.0,1310996,1310996,6620172,197388,0,0,895,2,1,2,0,2,0,0,0,0,0,0,0
19892000,19892000,3.5630563e-09,2.8075252e-05,0.00032465614,0.00026510598,0.003960737,0.008846626,1049239,0,0.4724772,0.47318804,0.025727969,0.032894474,0.0012656868,0.007934291,0.0,0.0,0.0,0.0,1310996,1310996,6620172,197388,0,0,895,2,1,2,0,2,0,0,0,0,0,0,0
20092000,20092000,3.3039311e-09,2.7023305e-05,0.00030201333,0.00017015894,0.002376463,0.0028639717,1049239,0,0.499791,0.47893903,0.00982098,0.032894474,0.0012656868,0.0064453916,0.0,0.0,0.0,0.0,1310996,1310996,6620172,197388,0,0,895,2,1,2,0,2,0,0,0,0,0,0,0
20292000,20292000,2.5982685e-09,2.8253908e-05,0.00030050802,2.6753127e-05,0.0025479686,0.0071481746,663,0,0.4731357,0.47398257,0.0121548595,0.03386134,0.0014585487,0.004615283,0.0,0.0,0.0,0.0,1310996,1310996,6620172,197388,0,0,895,2,1,2,0,2,0,0,0,0,0,0,0
20492000,20492000,2.8894114e-09,2.7109461e-05,0.0002851363,0.00021629594,0.002152467,0.0031583235,663,0,0.5000748,0.47962382,0.0061015678,0.03386134,0.0014585487,0.0076570427,0.0,0.0,0.0,0.0,1310996,1310996,6620172,197388,0,0,895,2,1,2,0,2,0,0,0,0,0,0,0
20692000,20692000,3.3004939e-09,2.7688502e-05,0.00027608484,0.000118876545,0.0021503728,0.00709097,663,0,0.47366196,0.47471803,0.016815584,0.041575026,0.0013258574,0.0063521154,0.0,0.0,0.0,0.0,1310996,1310996,6620172,197388,0,0,895,2,1,2,0,2,0,0,0,0,0,0,0
20892000,20892000,2.8055778e-09,2.8482817e-05,0.00027299448,0.00020435532,0.0023269218,0.0053207623,663,0,0.50018644,0.48023933,0.0101475995,0.041575026,0.0013258574,0.0014599535,0.0,0.0,0.0,0.0,1310996,1310996,6620172,197388,0,0,895,2,1,2,0,2,0,0,0,0,0,0,0
21092000,21092000,3.0712053e-09,2.8367158e-05,0.00026072707,0.00038540637,0.0021113157,0.004732557,663,0,0.47405517,0.47107834,0.026478112,0.029082887,0.0019447283,0.012127061,0.0,0.0,0.0,0.0,1310996,1310996,6620172,197388,0,0,895,2,1,2,0,2,0,0,0,0,0,0,0
21292000,21292000,3.5236984e-09,2.766727e-05,0.00028017507,0.00021180288,0.0022649479,0.0037360475,663,0,0.50015944,0.47637576,0.0078018405,0.029082887,0.0019447283,0.005193648,0.0,0.0,0.0,0.0,1310996,1310996,6620172,197388,0,0,895,2,1,2,0,2,0,0,0,0,0,0,0
21492000,21492000,2.8598872e-09,2.7020142e-05,0.0002818193,0.0004993562,0.0017412265,0.0036395534,663,0,0.47432417,0.47175536,0.03372698,0.02924089,0.0019923516,0.003902118,0.0,0.0,0.0,0.0,1310996,1310996,6620172,197388,0,0,831,2,1,2,0,2,0,0,0,0,0,0,0
21692000,21692000,3.0225233e-09,2.65786e-05,0.00026173875,0.00027884543,0.0025314416,0.0044398913,663,0,0.50001997,0.47695717,0.0012650478,0.02924089,0.0019923516,0.0058297487,0.0,0.0,0.0,0.0,1310996,1310996,6620172,197388,0,0,831,2,1,2,0,2,0,0,0,0,0,0,0
21892000,21892000,4.0023425e-09,2.6829835e-05,0.0002530468,4.469095e-05,0.0021686798,0.004538024,663,0,0.47448045,0.47240078,0.0029536982,0.037988886,0.0008016661,0.0036084913,0.0,0.0,0.0,0.0,1310996,1310996,6620172,197388,0,0,831,2,1,2,0,2,0,0,0,0,0,0,0
22092000,22092000,3.662719e-09,2.6669786e-05,0.00025809545,7.653601e-05,0.002185453,0.003884821,663,0,0.4997928,0.4731359,0.008021452,0.037988886,0.0008016661,0.0035265507,0.0,0.0,0.0,0.0,1310996,1310996,6620172,197388,0,0,831,2,1,2,0,2,0,0,0,0,0,0,0
22292000,22292000,3.1751106e-09,2.6266225e-05,0.0002717969,0.0002268317,0.0016037067,0.006178881,663,0,0.47453967,0.4687645,0.009472643,0.038274262,0.0021580802,0.0036205987,0.0,0.0,0.0,0.0,1310996,1310996,6620172,197388,0,0,831,2,1,2,0,2,0,0,0,0,0,0,0
22492000,22492000,4.4556034e-09,2.6225716e-05,0.00027055788,4.0979387e-05,0.0014427535,0.00083168474,663,0,0.49950072,0.47370857,0.02263109,0.038274262,0.0021580802,0.010042775,0.0,0.0,0.0,0.0,1310996,1310996,6620172,197388,0,0,831,2,1,2,0,2,0,0,0,0,0,0,0
22692000,22692000,4.9643e-09,2.6619296e-05,0.0002759579,0.004893701,0.003736785,0.007736055,8389271,0,0.47451255,0.46939483,0.013362532,0.026464084,0.0028316046,0.008796964,0.0,0.0,0.0,0.0,1310996,1310996,6620172,197388,0,0,831,2,1,2,0,3,0,0,0,0,0,0,0
22892000,22892000,3.859549e-09,2.6606533e-05,0.00026396112,0.008845317,0.0027997007,0.006540202,8389271,0,0.4988518,0.47429982,0.023060836,0.026464084,0.0028316046,0.004606896,0.0,0.0,0.0,0.0,1310996,1310996,6620172,197388,0,0,831,2,1,2,0,3,0,0,0,0,0,0,0
23092000,23092000,5.2635105e-09,2.6467318e-05,0.0002701438,0.0032100277,0.005145541,0.011338373,8389271,0,0.47460833,0.47003964,0.02777713,0.042378094,0.004884904,0.0066593527,0.0,0.0,0.0,0.0,1310996,1310996,6620172,197388,0,0,831,2,1,2,0,3,0,0,0,0,0,0,0
23292000,23292000,6.4548322e-09,2.6712669e-05,0.00026732986,0.0023568447,0.0020008504,0.004460299,8389271,0,0.4981399,0.47058985,0.017718058,0.042378094,0.004884904,0.009600919,0.0,0.0,0.0,0.0,1310996,1310996,6620172,197388,0,0,831,2,1,2,0,3,0,0,0,0,0,0,0
23492000,23492000,5.480124e-09,2.7949394e-05,0.00029000067,0.0011053878,0.008012119,0.011955698,8389271,0,0.4743051,0.4664935,0.008738281,0.023774644,0.0045290594,0.008154403,0.0,0.0,0.0,0.0,1310996,1310996,6620172,197388,0,0,831,2,1,2,0,3,0,0,0,0,0,0,0
23692000,23692000,6.547309e-09,2.7547016e-05,0.00028277797,0.0011901946,0.0034790514,0.0050834725,8389271,0,0.49785468,0.47122893,0.0036830879,0.023774644,0.0045290594,0.009603067,0.0,0.0,0.0,0.0,1310996,1310996,6620172,197388,0,0,831,2,1,2,0,3,0,0,0,0,0,0,0
23892000,23892000,7.8937195e-09,2.6853664e-05,0.0002931415,0.00079199456,0.011849168,0.01363959,8389271,0,0.4738342,0.46717745,0.022361144,0.022718452,0.004985293,0.008801157,0.0,0.0,0.0,0.0,1310996,1310996,6620172,197388,0,0,831,2,1,2,0,3,0,0,0,0,0,0,0
24092000,24092000,6.5374595e-09,2.7979955e-05,0.00027047328,0.00025583335,0.0044637085,0.007469674,8389271,0,0.49803317,0.4719121,0.0079749795,0.022718452,0.004985293,0.009250916,0.0,0.0,0.0,0.0,1310996,1310996,6620172,197388,0,0,831,2,1,2,0,3,0,0,0,0,0,0,0
24292000,24292000,6.7484507e-09,2.7617054e-05,0.00028085875,0.0007033943,0.01473023,0.016189493,8389271,0,0.47352862,0.46790048,0.020872476,0.03762582,0.00429058,0.008203691,0.0,0.0,0.0,0.0,1310996,1310996,6620172,197388,0,0,831,2,1,2,0,3,0,0,0,0,0,0,0
24492000,24492000,9.783363e-09,2.7291606e-05,0.00026664292,0.00025783846,0.0049870955,0.006215471,8389271,0,0.4984334,0.4683781,0.026564637,0.03762582,0.00429058,0.0064875735,0.0,0.0,0.0,0.0,1310996,1310996,6620172,197388,0,0,831,2,1,2,0,3,0,0,0,0,0,0,0
24692000,24692000,9.5279615e-09,2.7952896e-05,0.000264991,0.0006668199,0.004314688,0.0056519737,8389271,0,0.47342956,0.46450827,0.008301853,0.021413535,0.004418623,0.006625309,0.0,0.0,0.0,0.0,1310996,1310996,6620172,197388,0,0,831,2,1,2,0,3,0,0,0,0,0,0,0
24892000,24892000,8.128529e-09,2.8578252e-05,0.00025740295,7.959515e-05,0.0026338585,0.0043920493,8389271,0,0.49889395,0.46914724,0.0151429735,0.021413535,0.004418623,0.006230309,0.0,0.0,0.0,0.0,1310996,1310996,6620172,197388,0,0,831,2,1,2,0,3,0,0,0,0,0,0,0
25092000,25092000,1.053921e-08,2.6968637e-05,0.00025556763,0.0004534728,0.006137526,0.0072207055,8389271,0,0.47348773,0.4653075,0.006843932,0.02728433,0.0040990664,0.012821071,0.0,0.0,0.0,0.0,1310996,1310996,6620172,197388,0,0,831,2,1,2,0,3,0,0,0,0,0,0,0
25292000,25292000,1.1534965e-08,2.8682156e-05,0.0002532865,9.2687966e-05,0.0019276723,0.0044320715,8389271,0,0.49929363,0.4699759,0.03308773,0.02728433,0.0040990664,0.0050087827,0.0,0.0,0.0,0.0,1310996,1310996,6620172,197388,0,0,831,2,1,2,0,3,0,0,0,0,0,0,0
25492000,25492000,8.55972e-09,2.8195684e-05,0.0002551098,0.00037767927,0.002089038,0.0036876446,8389271,0,0.47364023,0.4620656,0.016046837,0.021763027,0.0018284149,0.009249727,0.0,0.0,0.0,0.0,1310996,1310996,6620172,197388,0,0,831,2,1,2,0,3,0,0,0,0,0,0,0
25692000,25692000,1.09958895e-08,2.7992142e-05,0.0002610586,0.00046453535,0.0027221825,0.005510804,8389271,0,0.4995799,0.46664637,0.0030038753,0.021763027,0.0018284149,0.0058226176,0.0,0.0,0.0,0.0,1310996,1310996,6620172,197388,0,0,831,2,1,2,0,3,0,0,0,0,0,0,0
25892000,25892000,1.276015e-08,2.691684e-05,0.0002612072,0.00021431435,0.004692061,0.0071287835,8389271,0,0.47383222,0.4629514,0.024472697,0.034190062,0.0005601948,0.0067002475,0.0,0.0,0.0,0.0,1310996,1310996,6620172,197388,0,0,831,2,1,2,0,3,0,0,0,0,0,0,0
26092000,26092000,9.596926e-09,2.7591735e-05,0.0002600613,0.00031772666,0.004558755,0.007507931,8389271,0,0.49974582,0.4675756,0.017343428,0.034190062,0.0005601948,0.0062429905,0.0,0.0,0.0,0.0,1310996,1310996,6620172,197388,0,0,831,2,1,2,0,3,0,0,0,0,0,0,0
26292000,26292000,1.28688695e-08,2.83868e-05,0.0002649546,0.00013436332,0.005920893,0.008769978,8389271,0,0.4740259,0.4638807,0.009638554,0.025001066,0.0021501463,0.0070150597,0.0,0.0,0.0,0.0,1310996,1310996,6620172,197388,0,0,831,2,1,2,0,3,0,0,0,0,0,0,0
26492000,26492000,1.6362343e-08,2.7528748e-05,0.00027958374,3.2808013e-05,0.005473827,0.008664619,8389271,0,0.49979198,0.46855295,0.02598914,0.025001066,0.0021501463,0.0061308173,0.0,0.0,0.0,0.0,1310996,1310996,6620172,197388,0,0,831,2,1,2,0,3,0,0,0,0,0,0,0
26692000,26692000,1.2415214e-08,2.947062e-05,0.0002728579,0.00024084612,0.007984435,0.01179097,8389271,0,0.4741915,0.46082085,0.022068901,0.018361043,0.00084623136,0.005421142,0.0,0.0,0.0,0.0,1310996,1310996,6620172,197388,0,0,831,2,1,2,0,3,0,0,0,0,0,0,0
26892000,26892000,1.4774309e-08,3.061748e-05,0.00027189814,7.286293e-05,0.005406195,0.008773718,8389271,0,0.49973062,0.4654371,0.010807471,0.018361043,0.00084623136,0.0076413914,0.0,0.0,0.0,0.0,1310996,1310996,6620172,197388,0,0,831,2,1,2,0,3,0,0,0,0,0,0,0
27092000,27092000,1.9624895e-08,2.965717e-05,0.00028349104,0.00024867608,0.0045536915,0.007829098,8389271,0,0.47431293,0.46185267,0.0047520157,0.025007267,0.0008931734,0.003944944,0.0,0.0,0.0,0.0,1310996,1310996,6620172,197388,0,0,831,2,1,2,0,3,0,0,0,0,0,0,0
27292000,27292000,1.6064844e-08,3.119299e-05,0.00028255186,0.00014737436,0.0036393392,0.0082143545,8389271,0,0.49957496,0.4665244,0.018491467,0.025007267,0.0008931734,0.0064126314,0.0,0.0,0.0,0.0,1310996,1310996,6620172,197388,0,0,831,2,1,2,0,3,0,0,0,0,0,0,0
27492000,27492000,1.5673299e-08,3.3064644e-05,0.00027829426,0.0004247613,0.0080836415,0.013539539,8389271,0,0.47437906,0.46293974,0.02195149,0.021690637,0.003843158,0.006441361,0.0,0.0,0.0,0.0,1310996,1310996,6620172,197388,0,0,831,2,1,2,0,3,0,0,0,0,0,0,0
27692000,27692000,2.331262e-08,3.15047e-05,0.0002697106,9.303971e-05,0.004619066,0.010613888,8389271,0,0.4993364,0.4676536,0.0020562692,0.021690637,0.003843158,0.0016230716,0.0,0.0,0.0,0.0,1310996,1310996,6620172,197388,0,0,831,2,1,2,0,3,0,0,0,0,0,0,0
27892000,27892000,2.632263e-08,3.6980746e-05,0.00030600413,0.00035198248,0.008852008,0.015467428,8389271,0,0.47438297,0.4600389,0.018524768,0.025327468,0.00491578,0.0034488207,0.0,0.0,0.0,0.0,1310996,1310996,6620172,197388,0,0,831,2,1,2,0,3,0,0,0,0,0,0,0
28092000,28092000,2.2676028e-08,3.8150294e-05,0.0003061984,9.379652e-05,0.0045717633,0.008352481,8389271,0,0.49900723,0.46470308,0.0152066685,0.025327468,0.00491578,0.0075119715,0.0,0.0,0.0,0.0,1310996,1310996,6620172,197388,0,0,831,2,1,2,0,3,0,0,0,0,0,0,0
28292000,28292000,2.8492261e-08,3.5742676e-05,0.00030985472,0.00033429294,0.0074679013,0.013575593,8389271,0,0.47436565,0.4611999,0.0030516877,0.024959544,0.0038156512,0.003727218,0.0,0.0,0.0,0.0,1310996,1310996,6620172,197388,0,0,831,2,1,2,0,3,0,0,0,0,0,0,0
28492000,28492000,2.6198334e-08,3.5224708e-05,0.0002948912,0.00011334827,0.0033511107,0.0081095705,8389271,0,0.4985499,0.46590877,0.02274004,0.024959544,0.0038156512,0.005420617,0.0,0.0,0.0,0.0,1310996,1310996,6620172,197388,0,0,831,2,1,2,0,3,0,0,0,0,0,0,0
28692000,28692000,1.9175204e-08,3.632798e-05,0.0002862265,0.00042077652,0.0066076247,0.011645437,8389271,0,0.474198,0.46239477,0.010285034,0.02376319,0.0037683079,0.010609622,0.0,0.0,0.0,0.0,1310996,1310996,6620172,197388,0,0,831,2,1,2,0,3,0,0,0,0,0,0,0
28892000,28892000,2.3423206e-08,3.4016368e-05,0.00026871983,0.00019730156,0.001899232,0.0046907724,8389271,0,0.49814215,0.46716315,0.011983697,0.02376319,0.0037683079,0.009574714,0.0,0.0,0.0,0.0,1310996,1310996,6620172,197388,0,0,831,2,1,2,0,3,0,0,0,0,0,0,0
29092000,29092000,2.7433126e-08,3.361687e-05,0.00026558296,0.0004473045,0.0058181994,0.01162668,8389271,0,0.47399908,0.45961934,0.0073665846,0.02589337,0.004460665,0.005160348,0.0,0.0,0.0,0.0,1310996,1310996,6620172,197388,0,0,831,2,1,2,0,3,0,0,0,0,0,0,0
29292000,29292000,2.082653e-08,3.7579288e-05,0.00025276846,0.00015198214,0.0024612655,0.004991558,8389271,0,0.49771285,0.46433815,0.021639451,0.02589337,0.004460665,0.0037388764,0.0,0.0,0.0,0.0,1310996,1310996,6620172,197388,0,0,831,2,1,2,0,3,0,0,0,0,0,0,0
29492000,29492000,2.3143977e-08,3.655067e-05,0.00025630134,0.00042818856,0.0048802923,0.00910968,8389271,0,0.4737697,0.460883,0.023774298,0.023447903,0.0059815086,0.0060680397,0.0,0.0,0.0,0.0,1310996,1310996,6620172,197388,0,0,831,2,1,2,0,3,0,0,0,0,0,0,0
29692000,29692000,2.9791579e-08,3.39336e-05,0.00025978047,9.96379e-05,0.0017175241,0.00586008,8389271,0,0.49730778,0.46564612,0.00782814,0.023447903,0.0059815086,8.12436e-05,0.0,0.0,0.0,0.0,1310996,1310996,6620172,197388,0,0,831,2,1,2,0,3,0,0,0,0,0,0,0
29892000,29892000,2.3413048e-08,3.8380145e-05,0.0002587328,0.0006669846,0.0077501833,0.013120698,8389271,0,0.4735215,0.4621713,0.0285309,0.029851707,0.006138424,0.0035303433,0.0,0.0,0.0,0.0,1310996,1310996,6620172,197388,0,0,831,2,1,2,0,3,0,0,0,0,0,0,0
30092000,30092000,2.4475478e-08,3.987326e-05,0.00026423548,0.0008197286,0.00951257,0.016157083,8389271,0,0.45514697,0.4551388,0.0068318946,0.032473397,0.0042063035,0.0031451494,0.0,0.0,0.0,0.0,1310996,1310996,6620172,197388,0,0,831,2,1,2,0,3,0,0,0,0,0,0,0
30292000,30292000,3.308883e-08,3.5705194e-05,0.00025966167,0.00014524319,0.0024042139,0.0059378445,8389271,0,0.4765332,0.45974764,0.007020263,0.032473397,0.0042063035,0.0050152675,0.0,0.0,0.0,0.0,1310996,1310996,6620172,197388,0,0,831,2,1,2,0,3,0,0,0,0,0,0,0
30492000,30492000,2.8900448e-08,4.0759973e-05,0.00027948056,0.0007563451,0.0063818134,0.011875217,8389271,0,0.4574285,0.45666623,0.023376504,0.0348775,0.004164636,0.0016771888,0.0,0.0,0.0,0.0,1310996,1310996,6620172,197388,0,0,831,2,1,2,0,3,0,0,0,0,0,0,0
30692000,30692000,2.5642997e-08,4.532252e-05,0.00027627943,0.0002697377,0.002364628,0.0063441806,8389271,0,0.47935733,0.4613621,0.012150095,0.0348775,0.004164636,0.0027228766,0.0,0.0,0.0,0.0,1310996,1310996,6620172,197388,0,0,831,2,1,2,0,3,0,0,0,0,0,0,0
30892000,30892000,4.0340986e-08,4.0535506e-05,0.0002653642,0.00065675966,0.0053459015,0.00683997,8389271,0,0.4595372,0.4582229,0.0030786328,0.030006032,0.004072846,0.007507604,0.0,0.0,0.0,0.0,1310996,1310996,6620172,197388,0,0,831,2,1,2,0,3,0,0,0,0,0,0,0
31092000,31092000,4.112231e-08,4.437218e-05,0.00026389537,0.00016015215,0.0018245053,0.005593925,8389271,0,0.48198512,0.46298715,0.0027219942,0.030006032,0.004072846,0.0024030525,0.0,0.0,0.0,0.0,1310996,1310996,6620172,197388,0,0,831,2,1,2,0,3,0,0,0,0,0,0,0
31292000,31292000,8.7599396e-08,0.000115506904,0.0023264063,0.0010009874,0.008043863,0.011057339,8389271,0,0.4614841,0.45588467,0.038687203,0.03183598,0.005857154,0.0041323225,0.0,0.0,0.0,0.0,1310996,1310996,6620172,197388,0,0,831,2,1,2,0,3,0,0,0,0,0,0,0
31492000,31492000,7.6532416e-08,0.00018115478,0.0071501085,0.0004640151,0.001447964,0.004252037,8389271,0,0.48469886,0.46051,0.010452142,0.03183598,0.005857154,0.0044826637,0.0,0.0,0.0,0.0,1310996,1310996,6620172,197388,0,0,831,2,1,2,0,3,0,0,0,0,0,0,0
31692000,31692000,5.9243952e-08,0.00021178815,0.007898788,0.0039917775,0.044280417,0.056025155,8389271,0,0.4633203,0.45737684,0.011424174,0.14383142,0.012660147,0.0023462693,0.0,0.0,0.0,0.0,1310996,1310996,6620172,197388,0,0,831,2,1,2,0,3,0,0,0,0,0,0,0
31892000,31892000,3.8172026e-08,0.00015543537,0.005950166,0.0008985605,0.018015757,0.025310911,8389271,0,0.48794627,0.4615542,0.0043857098,0.14383142,0.012660147,0.003727275,0.0,0.0,0.0,0.0,1310996,1310996,6620172,197388,0,0,831,2,1,2,0,3,0,0,0,0,0,0,0
