timestamp,roll,pitch,yaw,thrust_body[0],thrust_body[1],thrust_body[2]
5620000,-0.010485733,-0.03824131,-9.466838e-06,0.0,0.0,-0.0
5624000,-0.010259012,-0.038327057,2.4313016e-05,0.0,0.0,-0.0
5636000,-0.010040568,-0.03853744,2.0195033e-05,0.0,0.0,-0.0
5660000,-0.010740525,-0.03812782,3.126928e-05,0.0,0.0,-0.0
5676000,-0.010857171,-0.03828849,-9.487123e-06,0.0,0.0,-0.0
5700000,-0.010633109,-0.03802432,1.1962133e-05,0.0,0.0,-0.0
5716000,-0.010880698,-0.038268678,4.0458686e-05,0.0,0.0,-0.0
5736000,-0.0110499,-0.038091864,-3.838203e-05,0.0,0.0,-0.0
5756000,-0.011563207,-0.037633426,8.58392e-07,0.0,0.0,-0.0
5780000,-0.01178108,-0.037173346,8.541001e-06,0.0,0.0,-0.0
5800000,-0.011645578,-0.03787605,9.003703e-05,0.0,0.0,-0.0
5820000,-0.011353263,-0.0385634,7.339047e-05,0.0,0.0,-0.0
5840000,-0.0116798235,-0.038450662,-2.110227e-06,0.0,0.0,-0.0
5860000,-0.011884537,-0.038391434,4.3762848e-05,0.0,0.0,-0.0
5876000,-0.011833216,-0.038684122,9.882938e-05,0.0,0.0,-0.0
5896000,-0.0116830785,-0.03890648,1.3024373e-05,0.0,0.0,-0.0
5916000,-0.011770557,-0.039192952,-3.3407137e-05,0.0,0.0,-0.0
5936000,-0.011595303,-0.039210275,1.4163823e-05,0.0,0.0,-0.0
5960000,-0.011414856,-0.03929896,2.3990497e-06,0.0,0.0,-0.0
5980000,-0.011095561,-0.040014636,2.59464e-05,0.0,0.0,-0.0
6000000,-0.010842756,-0.04003309,3.3594282e-05,0.0,0.0,-0.0
6016000,-0.0109846555,-0.040507626,8.6318876e-05,0.0,0.0,-0.0
6040000,-0.011488802,-0.040720746,3.9589602e-05,0.0,0.0,-0.0
6060000,-0.011285168,-0.040868536,-9.232691e-05,0.0,0.0,-0.0
6080000,-0.011553367,-0.04122707,-7.343411e-06,0.0,0.0,-0.0
6100000,-0.011142466,-0.04225287,3.3833487e-05,0.0,0.0,-0.0
6120000,-0.011185398,-0.04251257,2.9863762e-05,0.0,0.0,-0.0
6140000,-0.011347239,-0.042475175,-1.5144289e-05,0.0,0.0,-0.0
6156000,-0.011154695,-0.04260551,-9.957732e-06,0.0,0.0,-0.0
6176000,-0.011248413,-0.042429827,1.3316897e-05,0.0,0.0,-0.0
6200000,-0.010702327,-0.04290285,-2.7410899e-05,0.0,0.0,-0.0
6216000,-0.010757585,-0.042955104,6.626501e-05,0.0,0.0,-0.0
6240000,-0.010284755,-0.042941593,3.485788e-05,0.0,0.0,-0.0
6256000,-0.010119737,-0.04308901,3.1540658e-05,0.0,0.0,-0.0
6280000,-0.010030476,-0.0430315,-2.6933503e-05,0.0,0.0,-0.0
6300000,-0.010192975,-0.043410577,-1.5360754e-05,0.0,0.0,-0.0
6316000,-0.010083942,-0.043258317,6.8147776e-05,0.0,0.0,-0.0
6340000,-0.010155026,-0.043262336,2.6553811e-05,0.0,0.0,-0.0
6360000,-0.009793054,-0.043406207,6.3415355e-05,0.0,0.0,-0.0
6380000,-0.009204416,-0.04398435,2.268757e-05,0.0,0.0,-0.0
6400000,-0.008965857,-0.04413391,4.5139048e-05,0.0,0.0,-0.0
6420000,-0.008993071,-0.04421382,4.3932556e-05,0.0,0.0,-0.0
6436000,-0.009160702,-0.044366106,5.7824418e-05,0.0,0.0,-0.0
6460000,-0.009111383,-0.044490542,5.3987624e-05,0.0,0.0,-0.0
6480000,-0.009532407,-0.045201253,5.630235e-05,0.0,0.0,-0.0
6500000,-0.009456787,-0.045747247,1.791897e-05,0.0,0.0,-0.0
6520000,-0.009312322,-0.04579712,2.453966e-05,0.0,0.0,-0.0
6540000,-0.009725134,-0.045870233,4.1538315e-05,0.0,0.0,-0.0
6556000,-0.009830393,-0.045914892,4.7393492e-05,0.0,0.0,-0.0
6580000,-0.0101124365,-0.046754323,-1.4984937e-05,0.0,0.0,-0.0
6600000,-0.010132616,-0.046694547,6.4049455e-05,0.0,0.0,-0.0
6620000,-0.010209303,-0.04686212,1.0677491e-05,0.0,0.0,-0.0
6636000,-0.010231018,-0.046651807,3.816024e-05,0.0,0.0,-0.0
6656000,-0.010220512,-0.04644304,2.9152598e-05,0.0,0.0,-0.0
6680000,-0.0099260835,-0.047496404,-3.7337275e-05,0.0,0.0,-0.0
6700000,-0.009920564,-0.047425535,3.5134413e-05,0.0,0.0,-0.0
6716000,-0.009969827,-0.047463,3.3238226e-05,0.0,0.0,-0.0
6740000,-0.010313293,-0.047900237,0.00011004497,0.0,0.0,-0.0
6760000,-0.010813843,-0.047691338,9.972879e-07,0.0,0.0,-0.0
6776000,-0.010412247,-0.048310414,3.5117293e-05,0.0,0.0,-0.0
6800000,-0.011338706,-0.047875345,3.79686e-05,0.0,0.0,-0.0
6820000,-0.011337378,-0.048518706,3.1131498e-05,0.0,0.0,-0.001
6840000,-0.011175021,-0.049127825,2.8455212e-05,0.0,0.0,-0.001
6856000,-0.011572294,-0.04924268,3.868692e-05,0.0,0.0,-0.001
6876000,-0.0113871945,-0.04976871,-2.7595255e-05,0.0,0.0,-0.001
6896000,-0.011189859,-0.04951168,-2.7295696e-06,0.0,0.0,-0.001
6920000,-0.011171452,-0.0500906,0.00018138024,0.0,0.0,-0.001
6936000,-0.01123005,-0.05017831,-2.1943551e-05,0.0,0.0,-0.001
6960000,-0.011393667,-0.050688118,0.00012081598,0.0,0.0,-0.001
6980000,-0.011397596,-0.050675597,0.00011776556,0.0,0.0,-0.001
6996000,-0.011168733,-0.05061187,0.00014174878,0.0,0.0,-0.001
7016000,-0.011183572,-0.05048289,0.00012374356,0.0,0.0,-0.001
7040000,-0.010119121,-0.050398912,5.4792556e-05,0.0,0.0,-0.001
7060000,-0.010473322,-0.050103232,7.2237664e-05,0.0,0.0,-0.001
7080000,-0.011001706,-0.049653634,-5.5713936e-06,0.0,0.0,-0.001
7100000,-0.011425864,-0.049798146,0.00024058008,0.0,0.0,-0.001
7120000,-0.011570936,-0.05010778,4.927851e-05,0.0,0.0,-0.001
7140000,-0.01185209,-0.050124586,0.000100743215,0.0,0.0,-0.001
7160000,-0.011956255,-0.049809154,0.00013428765,0.0,0.0,-0.001
7176000,-0.012002541,-0.049547497,2.6316731e-05,0.0,0.0,-0.001
7200000,-0.011560399,-0.049481332,4.8872094e-05,0.0,0.0,-0.001
7220000,-0.011930127,-0.04962217,8.598311e-05,0.0,0.0,-0.001
7240000,-0.011494886,-0.04945148,-4.6046796e-07,0.0,0.0,-0.001
7256000,-0.011297638,-0.04945319,7.821839e-05,0.0,0.0,-0.001
7280000,-0.011274129,-0.04984539,0.00012960345,0.0,0.0,-0.001
7300000,-0.010910071,-0.05044434,9.422698e-05,0.0,0.0,-0.001
7320000,-0.010986417,-0.050824523,0.00011877324,0.0,0.0,-0.001
7336000,-0.0114253545,-0.050451085,-2.810501e-06,0.0,0.0,-0.001
7360000,-0.011530336,-0.049725235,0.00010582262,0.0,0.0,-0.001
7376000,-0.0115978625,-0.04958561,2.0957294e-05,0.0,0.0,-0.001
7396000,-0.012035838,-0.050277,5.3547963e-05,0.0,0.0,-0.001
7420000,-0.011896413,-0.04961826,-0.00011602588,0.0,0.0,-0.001
7436000,-0.011571759,-0.049468193,1.6097032e-05,0.0,0.0,-0.001
7456000,-0.011545077,-0.049147762,-7.521545e-06,0.0,0.0,-0.001
7476000,-0.0113191875,-0.048489146,-3.161167e-05,0.0,0.0,-0.001
7500000,-0.010945193,-0.048779014,-0.00011670365,0.0,0.0,-0.001
7516000,-0.011117208,-0.048430875,1.2864267e-05,0.0,0.0,-0.001
7540000,-0.011721828,-0.048314746,2.3145556e-05,0.0,0.0,-0.001
7556000,-0.011014534,-0.047814026,1.7473103e-05,0.0,0.0,-0.001
7580000,-0.010632036,-0.04834705,3.5725003e-05,0.0,0.0,-0.001
7600000,-0.010367808,-0.048917152,-0.000112431175,0.0,0.0,-0.001
7620000,-0.010675354,-0.04879363,1.1683548e-05,0.0,0.0,-0.001
7636000,-0.011012269,-0.048765846,-1.37514835e-05,0.0,0.0,-0.001
7660000,-0.01046663,-0.048953358,-3.568559e-05,0.0,0.0,-0.001
7676000,-0.010642939,-0.049413566,2.4035826e-05,0.0,0.0,-0.001
7700000,-0.010564361,-0.04990053,1.0738002e-05,0.0,0.0,-0.001
7720000,-0.010757605,-0.049627215,0.0001507928,0.0,0.0,-0.001
7740000,-0.010710649,-0.04890593,-0.00010346387,0.0,0.0,-0.001
7760000,-0.0105347475,-0.04922856,-4.085412e-05,0.0,0.0,-0.001
7780000,-0.010256133,-0.049222406,8.332009e-05,0.0,0.0,-0.001
7796000,-0.010113222,-0.04870098,4.1555977e-05,0.0,0.0,-0.001
7816000,-0.0098679075,-0.04880805,5.0943494e-05,0.0,0.0,-0.001
7840000,-0.009940231,-0.048465192,-5.9409576e-05,0.0,0.0,-0.001
7860000,-0.009713001,-0.04778607,3.1522894e-05,0.0,0.0,-0.001
7876000,-0.009469643,-0.04761324,6.235785e-05,0.0,0.0,-0.001
7900000,-0.008984197,-0.047381155,7.57935e-05,0.0,0.0,-0.001
7920000,-0.008414771,-0.046349615,-0.000148387,0.0,0.0,-0.001
7940000,-0.008090745,-0.04550222,1.5488646e-05,0.0,0.0,-0.001
7956000,-0.007755403,-0.045051783,6.972793e-05,0.0,0.0,-0.001
7976000,-0.0071432027,-0.044826362,4.0840154e-05,0.0,0.0,-0.001
7996000,-0.00716384,-0.04476712,5.118164e-05,0.0,0.0,-0.001
8020000,-0.0071716597,-0.044121087,4.9284812e-05,0.0,0.0,-0.001
8036000,-0.007134338,-0.04427857,-4.091846e-05,0.0,0.0,-0.001
8060000,-0.007040766,-0.04349607,2.3070721e-05,0.0,0.0,-0.001
8080000,-0.0064266813,-0.04399614,5.674381e-05,0.0,0.0,-0.001
8096000,-0.0066263154,-0.044110622,-6.944535e-05,0.0,0.0,-0.001
8116000,-0.005918976,-0.04393274,-0.0001072532,0.0,0.0,-0.001
8140000,-0.005970934,-0.04386363,-0.00020151494,0.0,0.0,-0.001
8160000,-0.0053887796,-0.044067778,-2.8175915e-05,0.0,0.0,-0.001
8180000,-0.005065782,-0.04402388,-3.2893436e-06,0.0,0.0,-0.001
8196000,-0.005003016,-0.044037197,-4.8647733e-05,0.0,0.0,-0.001
8220000,-0.0055336403,-0.042875793,-2.0931611e-05,0.0,0.0,-0.001
8236000,-0.005580944,-0.04241859,4.5802255e-05,0.0,0.0,-0.001
8256000,-0.0053817607,-0.04187655,-9.767069e-06,0.0,0.0,-0.001
8276000,-0.0053131287,-0.040878627,-4.1169904e-05,0.0,0.0,-0.001
8296000,-0.0053310106,-0.039859246,8.997772e-05,0.0,0.0,-0.001
8316000,-0.0051876395,-0.038912013,-1.9455238e-05,0.0,0.0,-0.001
8340000,-0.00482268,-0.038292985,-5.280782e-05,0.0,0.0,-0.001
8356000,-0.0044782017,-0.037535846,-2.2433856e-05,0.0,0.0,-0.001
8376000,-0.003876079,-0.03701932,-5.1673116e-05,0.0,0.0,-0.001
8396000,-0.0034066245,-0.036670033,-4.171888e-05,0.0,0.0,-0.001
8416000,-0.002557179,-0.036813445,-1.2785248e-05,0.0,0.0,-0.001
8440000,-0.0024623282,-0.036379848,-8.61967e-05,0.0,0.0,-0.001
8456000,-0.0024176862,-0.036249314,-2.5956386e-05,0.0,0.0,-0.001
8476000,-0.0023556133,-0.03575336,-0.00010238431,0.0,0.0,-0.001
8500000,-0.001956556,-0.036906037,3.6068835e-05,0.0,0.0,-0.001
8520000,-0.0016049239,-0.036200035,-0.00017339524,0.0,0.0,-0.001
8540000,-0.0012554746,-0.03586928,7.495194e-05,0.0,0.0,-0.001
8560000,-0.0011026083,-0.03548361,2.70711e-05,0.0,0.0,-0.001
8576000,-0.0010059654,-0.035018258,-4.639243e-06,0.0,0.0,-0.001
8600000,-0.0011363403,-0.035078995,-0.000121523335,0.0,0.0,-0.001
8620000,-0.0014393178,-0.03471977,-6.2637024e-05,0.0,0.0,-0.001
8640000,-0.0017508025,-0.03347495,-5.1636456e-05,0.0,0.0,-0.001
8656000,-0.0021792627,-0.03279708,-3.832149e-05,0.0,0.0,-0.001
8680000,-0.0029548234,-0.031493895,-3.2520293e-05,0.0,0.0,-0.001
8700000,-0.0028901482,-0.030978987,-0.00016336449,0.0,0.0,-0.001
8720000,-0.0035193246,-0.030073699,-9.482759e-05,0.0,0.0,-0.001
8740000,-0.003705637,-0.02957379,-0.0001376256,0.0,0.0,-0.001
8756000,-0.0036714566,-0.028969085,-4.5298766e-05,0.0,0.0,-0.001
8780000,-0.0045393268,-0.028978523,7.158268e-05,0.0,0.0,-0.001
8800000,-0.0044183796,-0.028549595,-7.181002e-05,0.0,0.0,-0.001
8820000,-0.00405932,-0.02811826,-0.00018212073,0.0,0.0,-0.001
8840000,-0.004305586,-0.027345598,-1.1551047e-05,0.0,0.0,-0.001
8860000,-0.0045461543,-0.026727375,6.72909e-05,0.0,0.0,-0.001
8880000,-0.0044133556,-0.026803661,3.121656e-05,0.0,0.0,-0.001
8900000,-0.0049123336,-0.025892729,-0.00013609773,0.0,0.0,-0.001
8920000,-0.0048654797,-0.026017496,-3.7772188e-05,0.0,0.0,-0.001
8936000,-0.0047818683,-0.025831152,-9.558593e-06,0.0,0.0,-0.001
8956000,-0.0044669416,-0.026320137,-3.6474094e-06,0.0,0.0,-0.001
8980000,-0.004588126,-0.026846496,-3.951151e-05,0.0,0.0,-0.001
8996000,-0.004258056,-0.026699467,-2.1596023e-05,0.0,0.0,-0.001
9016000,-0.0039039901,-0.026343552,2.2939104e-05,0.0,0.0,-0.001
9040000,-0.0042436584,-0.02539095,-2.4775938e-05,0.0,0.0,-0.001
9060000,-0.004009657,-0.024948169,-0.00012129154,0.0,0.0,-0.001
9076000,-0.0036574935,-0.024268478,-4.9524057e-05,0.0,0.0,-0.001
9096000,-0.003527371,-0.023125958,-5.1705574e-05,0.0,0.0,-0.001
9116000,-0.0038181276,-0.022430621,-9.448255e-05,0.0,0.0,-0.001
9140000,-0.0038539232,-0.021104904,-0.00014209573,0.0,0.0,-0.001
9156000,-0.0034432567,-0.021177882,-2.1326578e-06,0.0,0.0,-0.001
9176000,-0.0035510897,-0.020306326,-2.3701636e-05,0.0,0.0,-0.001
9200000,-0.0033062554,-0.019542713,-8.843324e-06,0.0,0.0,-0.001
9216000,-0.0028089038,-0.019303896,1.6349288e-05,0.0,0.0,-0.001
9240000,-0.0020978148,-0.019085618,-7.098017e-05,0.0,0.0,-0.001
9256000,-0.002030069,-0.019001247,-4.7156576e-05,0.0,0.0,-0.001
9276000,-0.0024469956,-0.018289844,8.098895e-06,0.0,0.0,-0.001
9296000,-0.0021503433,-0.018209707,-7.431269e-05,0.0,0.0,-0.001
9320000,-0.0019449376,-0.017977165,-0.00025211155,0.0,0.0,-0.001
9340000,-0.0018490579,-0.018137008,-7.767895e-05,0.0,0.0,-0.001
9360000,-0.0018987432,-0.018138612,-7.5267e-05,0.0,0.0,-0.001
9376000,-0.0017064275,-0.01775625,-0.00011914209,0.0,0.0,-0.001
9400000,-0.0014932773,-0.017476019,-4.3554053e-05,0.0,0.0,-0.001
9420000,-0.0019313737,-0.017431624,-4.7103546e-05,0.0,0.0,-0.001
9440000,-0.0022602014,-0.017353937,-0.00019551776,0.0,0.0,-0.001
9460000,-0.0026571117,-0.01700775,-9.60629e-06,0.0,0.0,-0.001
9476000,-0.0028060076,-0.016566303,-2.4598046e-05,0.0,0.0,-0.001
9500000,-0.0028760582,-0.01674999,-0.00012380545,0.0,0.0,-0.001
9516000,-0.0032949576,-0.016317505,-5.1503135e-05,0.0,0.0,-0.001
9540000,-0.0033921394,-0.01603891,3.243854e-05,0.0,0.0,-0.001
9560000,-0.003750237,-0.015153107,-1.063724e-05,0.0,0.0,-0.001
9580000,-0.0034762127,-0.01438956,2.3594435e-05,0.0,0.0,-0.001
9596000,-0.0035679925,-0.0147754755,3.2440188e-05,0.0,0.0,-0.001
9620000,-0.003381932,-0.015180927,-7.059596e-05,0.0,0.0,-0.001
9640000,-0.0031281603,-0.015779288,-9.86466e-05,0.0,0.0,-0.001
9660000,-0.0032113024,-0.015258827,-0.00013177966,0.0,0.0,-0.001
9676000,-0.0030066208,-0.015123558,-6.606492e-05,0.0,0.0,-0.001
9696000,-0.0032180746,-0.015445681,-1.288643e-05,0.0,0.0,-0.001
9716000,-0.0029625352,-0.015212214,2.6696109e-05,0.0,0.0,-0.001
9736000,-0.0026990748,-0.015307406,-8.530296e-05,0.0,0.0,-0.001
9760000,-0.002475971,-0.015208356,1.5242797e-05,0.0,0.0,-0.001
9776000,-0.0024026493,-0.01530759,-2.6788328e-05,0.0,0.0,-0.001
9796000,-0.002474966,-0.015590285,-5.3222753e-05,0.0,0.0,-0.001
9820000,-0.0021783449,-0.015728747,-1.5029338e-05,0.0,0.0,-0.001
9840000,-0.002455229,-0.015277319,-5.8046724e-05,0.0,0.0,-0.001
9860000,-0.0025173726,-0.014888093,-2.5543497e-05,0.0,0.0,-0.001
9880000,-0.0026914875,-0.014338573,-3.7503727e-05,0.0,0.0,-0.001
9896000,-0.0029169389,-0.014608169,-3.9963626e-05,0.0,0.0,-0.001
9920000,-0.0031713084,-0.014037902,-1.6076143e-05,0.0,0.0,-0.001
9936000,-0.0033235443,-0.013618978,2.3294447e-06,0.0,0.0,-0.001
9960000,-0.0036667052,-0.012838899,-5.67233e-05,0.0,0.0,-0.001
9980000,-0.0035150682,-0.012685993,-4.066554e-05,0.0,0.0,-0.001
10000000,-0.0040077,-0.012394328,-0.0001438952,0.0,0.0,-0.001
10020000,-0.0041393023,-0.01242833,5.418193e-06,0.0,0.0,-0.001
10036000,-0.0041781915,-0.011989617,-8.489372e-05,0.0,0.0,-0.001
10060000,-0.0043319925,-0.011976379,-0.00017198263,0.0,0.0,-0.001
10080000,-0.0046846024,-0.012129642,-6.7542394e-05,0.0,0.0,-0.001
10096000,-0.004547911,-0.0120205665,-2.2034972e-05,0.0,0.0,-0.001
10120000,-0.0046592723,-0.012472848,-4.5037268e-05,0.0,0.0,-0.001
10136000,-0.005116965,-0.012206174,3.1485035e-06,0.0,0.0,-0.001
10160000,-0.0054184,-0.01235217,-8.296373e-05,0.0,0.0,-0.001
10176000,-0.0051849727,-0.012083718,-2.001674e-05,0.0,0.0,-0.001
10196000,-0.0049723326,-0.012114861,-6.241355e-05,0.0,0.0,-0.001
10220000,-0.004754986,-0.012370943,-7.981966e-06,0.0,0.0,-0.001
10240000,-0.0043965154,-0.011443301,-0.00010756553,0.0,0.0,-0.001
10260000,-0.005034092,-0.011051994,-0.00010565412,0.0,0.0,-0.001
10276000,-0.005009046,-0.010287017,-6.088016e-05,0.0,0.0,-0.001
10296000,-0.0050721453,-0.010215375,-3.0791007e-06,0.0,0.0,-0.001
10316000,-0.0052734446,-0.009900683,-2.6339805e-05,0.0,0.0,-0.001
10340000,-0.004876678,-0.009125408,-2.6015123e-05,0.0,0.0,-0.001
10360000,-0.004838103,-0.009502474,-5.480106e-05,0.0,0.0,-0.001
10376000,-0.0044017043,-0.009171755,4.1189312e-05,0.0,0.0,-0.001
10400000,-0.00425102,-0.008611516,-8.847478e-06,0.0,0.0,-0.001
10416000,-0.004441584,-0.008884192,2.1318434e-05,0.0,0.0,-0.001
10440000,-0.0045010075,-0.008487602,-0.00016365944,0.0,0.0,-0.001
10460000,-0.0043889964,-0.008837386,-6.4913394e-05,0.0,0.0,-0.001
10476000,-0.0045000343,-0.008065316,2.1399745e-05,0.0,0.0,-0.001
10500000,-0.0043035224,-0.0072254976,-0.00014219977,0.0,0.0,-0.001
10520000,-0.0041945805,-0.007203293,-0.00013136832,0.0,0.0,-0.001
10540000,-0.004515058,-0.0076633464,-0.00012371741,0.0,0.0,-0.001
10560000,-0.004366609,-0.0082284855,-0.00015694684,0.0,0.0,-0.001
10580000,-0.0045731566,-0.00778171,-0.000117811054,0.0,0.0,-0.001
10600000,-0.004507087,-0.0076491577,-0.00014669854,0.0,0.0,-0.001
10616000,-0.0047257836,-0.006873216,-5.0520157e-05,0.0,0.0,-0.001
10636000,-0.004850022,-0.006816385,-3.2707674e-05,0.0,0.0,-0.001
10656000,-0.0053804438,-0.006143469,-1.1897599e-05,0.0,0.0,-0.001
10676000,-0.005246112,-0.0058342293,-0.000100320976,0.0,0.0,-0.001
10696000,-0.005035758,-0.005005816,7.858479e-06,0.0,0.0,-0.001
10720000,-0.0055823275,-0.0046106507,-3.9154154e-05,0.0,0.0,-0.001
10740000,-0.006156459,-0.0043936213,-4.9672617e-05,0.0,0.0,-0.001
10756000,-0.006947368,-0.0034350725,-0.00010044774,0.0,0.0,-0.001
10776000,-0.0072907573,-0.0031812037,-0.0001902471,0.0,0.0,-0.001
10796000,-0.00786636,-0.0031377908,-0.000115897405,0.0,0.0,-0.001
10816000,-0.008327882,-0.002681769,9.639084e-06,0.0,0.0,-0.001
10840000,-0.0083657745,-0.0026435629,-1.4020242e-05,0.0,0.0,-0.001
10856000,-0.008604848,-0.0022403034,-9.101992e-05,0.0,0.0,-0.001
10876000,-0.00839414,-0.0018015052,-0.00016248898,0.0,0.0,-0.001
10896000,-0.008695554,-0.0019351545,-3.9095314e-05,0.0,0.0,-0.001
10916000,-0.009136873,-0.0014744083,-2.265655e-06,0.0,0.0,-0.001
10936000,-0.009587878,-0.0013456235,-5.9515394e-05,0.0,0.0,-0.001
10960000,-0.009573866,-0.000585471,-4.5906672e-05,0.0,0.0,-0.001
10976000,-0.009909694,-0.0004608858,-2.2450915e-05,0.0,0.0,-0.001
10996000,-0.010087968,-0.00048416483,-8.854082e-05,0.0,0.0,-0.001
11016000,-0.010578945,-0.0008075269,4.9589078e-05,0.0,0.0,-0.001
11036000,-0.010815426,-0.00031868755,-0.00011637828,0.0,0.0,-0.001
11056000,-0.011714247,0.0002061166,-1.9326673e-05,0.0,0.0,-0.001
11080000,-0.01219289,0.00041491655,-6.2924823e-07,0.0,0.0,-0.001
11100000,-0.012071604,0.0003326934,-2.3663033e-06,0.0,0.0,-0.001
11120000,-0.012012522,0.000223358,-7.428587e-05,0.0,0.0,-0.001
11136000,-0.012031672,-8.571622e-05,-0.00010037282,0.0,0.0,-0.001
11160000,-0.012067001,0.0003802423,-3.5019577e-06,0.0,0.0,-0.001
11176000,-0.0126335835,0.0007049755,-0.0001851168,0.0,0.0,-0.001
11200000,-0.012953642,0.00092140905,-2.4733323e-05,0.0,0.0,-0.001
11220000,-0.013052487,0.0005979166,-6.607211e-05,0.0,0.0,-0.001
11236000,-0.013336614,0.0006728682,-4.8337446e-05,0.0,0.0,-0.001
11256000,-0.013601071,0.00087170413,-7.263297e-05,0.0,0.0,-0.001
11276000,-0.013408099,0.0009265428,7.0920265e-05,0.0,0.0,-0.001
11300000,-0.0137797,0.0011787466,4.0789397e-05,0.0,0.0,-0.001
11316000,-0.014055587,0.000718627,-4.6521713e-05,0.0,0.0,-0.001
11336000,-0.014392102,0.0016065646,-7.252865e-05,0.0,0.0,-0.001
11360000,-0.014143227,0.001860674,-2.5868856e-05,0.0,0.0,-0.001
11376000,-0.0140279345,0.0015249527,-3.438579e-05,0.0,0.0,-0.001
11400000,-0.013494566,0.0014057935,2.9497045e-05,0.0,0.0,-0.001
11416000,-0.013306488,0.00076245493,-7.834122e-05,0.0,0.0,-0.001
11440000,-0.012991612,0.00079857704,8.1141225e-06,0.0,0.0,-0.001
11456000,-0.013092572,0.00047185182,-6.4286956e-05,0.0,0.0,-0.001
11476000,-0.013042348,0.0005669257,-4.033617e-05,0.0,0.0,-0.001
11496000,-0.013302817,0.0005071236,-2.3046289e-06,0.0,0.0,-0.001
11516000,-0.013264895,9.535793e-06,-7.300894e-05,0.0,0.0,-0.001
11536000,-0.013484007,-0.00014562493,-1.3207607e-05,0.0,0.0,-0.001
11556000,-0.01332979,-0.0002330444,-7.134199e-05,0.0,0.0,-0.001
11580000,-0.013030374,1.1381545e-05,3.6741617e-06,0.0,0.0,-0.001
11600000,-0.012470814,-0.00035130137,-5.3224256e-05,0.0,0.0,-0.001
11616000,-0.012671213,-0.00076151337,-7.71715e-05,0.0,0.0,-0.001
11636000,-0.012769861,-0.0010071804,-0.00013882102,0.0,0.0,-0.001
11656000,-0.013070348,-0.0013233299,-4.009607e-05,0.0,0.0,-0.001
11676000,-0.013433538,-0.0013248973,-2.65403e-05,0.0,0.0,-0.001
11700000,-0.012863225,-0.0018555954,-4.2652e-05,0.0,0.0,-0.001
11716000,-0.012863612,-0.001742583,-1.1949179e-05,0.0,0.0,-0.001
11740000,-0.012431175,-0.0012184208,-4.3700114e-05,0.0,0.0,-0.001
11756000,-0.012390804,-0.0011078175,-9.970663e-05,0.0,0.0,-0.001
11776000,-0.01282853,-0.001197278,-0.00011639572,0.0,0.0,-0.001
11796000,-0.012313873,-0.0012759903,-0.00011783202,0.0,0.0,-0.001
11816000,-0.01228884,-0.0015223366,-3.9636598e-05,0.0,0.0,-0.001
11836000,-0.012525713,-0.00096210506,-0.00020967537,0.0,0.0,-0.001
11856000,-0.011981088,-0.0006263746,-0.00016821179,0.0,0.0,-0.001
11880000,-0.011984298,-0.001165191,-7.686808e-05,0.0,0.0,-0.001
11896000,-0.011883237,-0.0016677581,-6.3339605e-05,0.0,0.0,-0.001
11920000,-0.011796623,-0.0020871118,-2.4634444e-05,0.0,0.0,-0.001
11936000,-0.011572052,-0.0016178971,-7.598545e-05,0.0,0.0,-0.001
11960000,-0.01192758,-0.0016889063,-5.9823633e-06,0.0,0.0,-0.001
11976000,-0.011536364,-0.0015622507,-0.00011411163,0.0,0.0,-0.001
11996000,-0.011800856,-0.0013018926,0.00010308623,0.0,0.0,-0.001
12016000,-0.01206665,-0.00104101,7.179265e-05,0.0,0.0,-0.001
12036000,-0.011759043,-0.00012128901,3.994404e-05,0.0,0.0,-0.001
12060000,-0.011963104,2.6953601e-05,-5.5042263e-05,0.0,0.0,-0.001
12076000,-0.012240873,0.00016768074,-6.837843e-05,0.0,0.0,-0.001
12096000,-0.012398798,0.00026844008,-8.5796964e-05,0.0,0.0,-0.001
12116000,-0.012694285,9.5470605e-05,-6.1460996e-05,0.0,0.0,-0.001
12140000,-0.012436855,4.7203328e-05,-1.9994306e-05,0.0,0.0,-0.001
12160000,-0.012964487,-0.00059794204,-0.00010583698,0.0,0.0,-0.001
12176000,-0.013041539,-0.00073150615,-0.0001446334,0.0,0.0,-0.001
12196000,-0.013256669,-0.00044699214,3.7110225e-05,0.0,0.0,-0.001
12216000,-0.013799612,-6.2777544e-06,-8.791248e-06,0.0,0.0,-0.001
12236000,-0.013682999,0.00029837617,-0.00016704845,0.0,0.0,-0.001
12256000,-0.013678406,0.0003897445,-0.000118825534,0.0,0.0,-0.001
12280000,-0.014292697,-7.062402e-05,-1.4016538e-05,0.0,0.0,-0.001
12296000,-0.014647358,-6.285725e-05,-2.9509973e-05,0.0,0.0,-0.001
12316000,-0.014823878,-0.00015000351,-0.00012923432,0.0,0.0,-0.001
12336000,-0.014613317,-0.00055535673,-2.4703854e-06,0.0,0.0,-0.001
12356000,-0.014254875,-0.0005191694,-2.3629014e-05,0.0,0.0,-0.001
12376000,-0.014260799,-0.00042862946,-0.0001458371,0.0,0.0,-0.001
12396000,-0.014540899,-0.00027219945,3.790414e-05,0.0,0.0,-0.001
12420000,-0.014450492,0.0006152738,-2.7685677e-05,0.0,0.0,-0.001
12440000,-0.01449727,0.0006312325,-2.3585613e-05,0.0,0.0,-0.001
12456000,-0.014637212,-0.00019639211,-5.0305956e-05,0.0,0.0,-0.001
12476000,-0.014898906,-0.0002843598,-3.772822e-05,0.0,0.0,-0.001
12496000,-0.014949286,-0.00021034887,-0.00015154143,0.0,0.0,-0.001
12516000,-0.015092699,0.0001144108,4.3460546e-05,0.0,0.0,-0.001
12536000,-0.015176417,0.0006533846,2.5143883e-05,0.0,0.0,-0.001
12556000,-0.015574035,-0.00037898283,-2.3751193e-06,0.0,0.0,-0.001
12576000,-0.015315801,-0.0001454333,-1.1343129e-05,0.0,0.0,-0.001
12596000,-0.0153845195,0.0004375141,-8.1481834e-05,0.0,0.0,-0.001
12616000,-0.015399868,0.0005056632,-3.857151e-05,0.0,0.0,-0.001
12636000,-0.014970489,0.00037640968,-2.4388435e-05,0.0,0.0,-0.001
12656000,-0.014603406,0.000788793,-3.4151384e-05,0.0,0.0,-0.001
12676000,-0.013730613,0.0006353751,-0.00012494894,0.0,0.0,-0.001
12696000,-0.014166341,0.0010629059,-9.405009e-05,0.0,0.0,-0.001
12716000,-0.014193092,0.0012893961,-9.504728e-05,0.0,0.0,-0.001
12736000,-0.013937678,0.0011161155,-6.375678e-06,0.0,0.0,-0.001
12756000,-0.013757952,0.0014409202,-1.9920864e-05,0.0,0.0,-0.001
12776000,-0.013674716,0.0016122502,-2.4290015e-05,0.0,0.0,-0.001
12796000,-0.013431734,0.0017349712,9.8309625e-05,0.0,0.0,-0.001
12816000,-0.012772697,0.0015882633,-9.616002e-05,0.0,0.0,-0.001
12836000,-0.013394464,0.0016406471,0.00012311334,0.0,0.0,-0.001
12856000,-0.013233341,0.001277241,1.9956413e-05,0.0,0.0,-0.001
12876000,-0.012676032,0.0011954035,8.1466715e-05,0.0,0.0,-0.001
12896000,-0.012275073,0.0017836556,-9.392397e-05,0.0,0.0,-0.001
12920000,-0.012013667,0.0020904646,2.9284609e-05,0.0,0.0,-0.001
12940000,-0.01242214,0.0024013247,7.1767035e-06,0.0,0.0,-0.001
12960000,-0.012900295,0.002399991,-7.008319e-06,0.0,0.0,-0.001
12976000,-0.0131609645,0.0023522116,-1.17046575e-05,0.0,0.0,-0.001
12996000,-0.01279756,0.002541019,6.3589e-05,0.0,0.0,-0.001
13020000,-0.012572773,0.0028881389,-2.9446983e-05,0.0,0.0,-0.001
13036000,-0.012468673,0.0025199312,-7.136606e-05,0.0,0.0,-0.001
13056000,-0.01230813,0.0023156593,-2.5888262e-06,0.0,0.0,-0.001
13076000,-0.01205216,0.0016352271,-0.00020577722,0.0,0.0,-0.001
13096000,-0.011721123,0.0016261499,-9.34046e-05,0.0,0.0,-0.001
13116000,-0.012103917,0.0016506787,4.5382345e-05,0.0,0.0,-0.001
13136000,-0.012375668,0.0014079158,-6.0209582e-05,0.0,0.0,-0.001
13156000,-0.012581808,0.0017867015,-0.00010698747,0.0,0.0,-0.001
13176000,-0.01259764,0.0014640319,-9.9888675e-05,0.0,0.0,-0.001
13200000,-0.0135050565,0.0026254498,-1.6159294e-05,0.0,0.0,-0.001
13216000,-0.013470033,0.002714982,-0.00012274914,0.0,0.0,-0.001
13236000,-0.0140286395,0.0027034772,-4.3566943e-05,0.0,0.0,-0.001
13256000,-0.013738928,0.0028822417,5.903201e-05,0.0,0.0,-0.001
13276000,-0.013805739,0.0027037207,-7.069829e-05,0.0,0.0,-0.001
13296000,-0.014340011,0.002616978,-0.00010919859,0.0,0.0,-0.001
13316000,-0.014372856,0.0030007926,-4.8599286e-05,0.0,0.0,-0.001
13336000,-0.014340878,0.0032094377,-0.00011155632,0.0,0.0,-0.001
13356000,-0.014001821,0.0031798643,-0.00017354471,0.0,0.0,-0.001
13376000,-0.014000401,0.0027835276,8.3024745e-05,0.0,0.0,-0.001
13396000,-0.013956057,0.0027603593,4.709383e-05,0.0,0.0,-0.001
13416000,-0.013602502,0.0026942575,2.367869e-05,0.0,0.0,-0.001
13436000,-0.013416291,0.0023718306,2.5198533e-06,0.0,0.0,-0.001
13456000,-0.013381751,0.0019054719,-2.7132824e-05,0.0,0.0,-0.001
13480000,-0.013583273,0.0013943517,1.6037207e-05,0.0,0.0,-0.001
13500000,-0.01397752,0.002134232,-3.230467e-05,0.0,0.0,-0.001
13516000,-0.0139687415,0.0019256771,-6.510519e-05,0.0,0.0,-0.001
13540000,-0.014439664,0.002287458,-3.1185213e-05,0.0,0.0,-0.001
13556000,-0.014442659,0.0013018891,1.1362231e-05,0.0,0.0,-0.001
13576000,-0.0147006605,0.0019423116,6.5320826e-05,0.0,0.0,-0.001
13600000,-0.014651119,0.0023998553,-3.494847e-05,0.0,0.0,-0.001
13616000,-0.014468712,0.0023546189,-9.139482e-05,0.0,0.0,-0.001
13636000,-0.014477317,0.0027706674,-8.856857e-05,0.0,0.0,-0.001
13660000,-0.01454437,0.0020485348,-9.639065e-06,0.0,0.0,-0.001
13680000,-0.014748998,0.002384903,-9.639897e-05,0.0,0.0,-0.001
13700000,-0.01492438,0.002562526,-1.0516187e-05,0.0,0.0,-0.001
13716000,-0.015087212,0.0026797967,9.086628e-05,0.0,0.0,-0.001
13740000,-0.014785867,0.0027413322,-9.603293e-05,0.0,0.0,-0.001
13760000,-0.014776997,0.0025579552,-5.851516e-05,0.0,0.0,-0.001
13776000,-0.014978404,0.002796755,-7.854311e-05,0.0,0.0,-0.001
13796000,-0.015279434,0.0030642082,-0.00015827129,0.0,0.0,-0.001
13816000,-0.015299863,0.0029567517,-0.00013262384,0.0,0.0,-0.001
13840000,-0.014984338,0.0032951804,-5.3063788e-05,0.0,0.0,-0.001
13860000,-0.015352062,0.0024823144,-7.693015e-05,0.0,0.0,-0.001
13876000,-0.015614461,0.0027213253,-7.26099e-06,0.0,0.0,-0.001
13896000,-0.015573088,0.0026176583,-0.00013089553,0.0,0.0,-0.001
13916000,-0.015538779,0.0020624325,-0.00015285576,0.0,0.0,-0.001
13936000,-0.015636235,0.002274292,-0.00012693979,0.0,0.0,-0.001
13956000,-0.015987145,0.0015913092,-2.9799753e-06,0.0,0.0,-0.001
13980000,-0.015272382,0.0021418466,-7.3180025e-05,0.0,0.0,-0.001
14000000,-0.015334136,0.0028485064,9.128829e-07,0.0,0.0,-0.001
14016000,-0.015526279,0.0024508408,4.2000644e-05,0.0,0.0,-0.001
14036000,-0.015512402,0.0026249478,0.00016121184,0.0,0.0,-0.001
14056000,-0.015661804,0.0024876555,-1.7954419e-05,0.0,0.0,-0.001
14076000,-0.015634805,0.0023559183,2.8105836e-05,0.0,0.0,-0.001
14096000,-0.015527954,0.0019922245,-3.3160322e-05,0.0,0.0,-0.001
14116000,-0.015216157,0.0016985461,6.9581554e-05,0.0,0.0,-0.001
14136000,-0.015350045,0.0013483063,-3.0667532e-05,0.0,0.0,-0.001
14156000,-0.015970679,0.0015154744,-4.2960735e-05,0.0,0.0,-0.001
14176000,-0.015575346,0.0019273256,-2.2441443e-06,0.0,0.0,-0.001
14200000,-0.015759323,0.00224252,-9.685258e-06,0.0,0.0,-0.001
14216000,-0.016125351,0.0020604613,0.00011729405,0.0,0.0,-0.001
14236000,-0.015622767,0.0017419826,-0.000104098566,0.0,0.0,-0.001
14256000,-0.01637394,0.0019599,5.1862324e-05,0.0,0.0,-0.001
14276000,-0.016592532,0.0020874268,1.5126423e-05,0.0,0.0,-0.001
14296000,-0.016617304,0.001697559,1.8308538e-05,0.0,0.0,-0.001
14316000,-0.016738925,0.0019381519,-9.442885e-06,0.0,0.0,-0.001
14336000,-0.016514929,0.001951016,3.356875e-05,0.0,0.0,-0.001
14360000,-0.01746857,0.0021100142,-1.42701865e-05,0.0,0.0,-0.001
14376000,-0.01741195,0.001964357,2.4728093e-05,0.0,0.0,-0.001
14400000,-0.017313099,0.0013372917,-2.3188206e-05,0.0,0.0,-0.001
14420000,-0.01782821,0.0016732448,2.2481632e-05,0.0,0.0,-0.001
14436000,-0.018664602,0.0010531698,1.5352023e-05,0.0,0.0,-0.001
14456000,-0.019053271,0.0012021372,2.2231234e-05,0.0,0.0,-0.001
14476000,-0.018827956,0.0011466033,-3.9495593e-05,0.0,0.0,-0.001
14496000,-0.018542806,0.0020435962,7.2889125e-05,0.0,0.0,-0.001
14516000,-0.018986747,0.0024398307,5.7947263e-06,0.0,0.0,-0.001
14536000,-0.019155767,0.0022434946,-8.783687e-05,0.0,0.0,-0.001
14556000,-0.018834604,0.0021046428,-6.97471e-05,0.0,0.0,-0.001
14576000,-0.018909546,0.0021797686,5.1089055e-06,0.0,0.0,-0.001
14596000,-0.01930407,0.0023513269,-2.4367334e-06,0.0,0.0,-0.001
14616000,-0.01956088,0.0021315299,1.5659049e-05,0.0,0.0,-0.001
14636000,-0.019308979,0.0019538675,-3.4783003e-05,0.0,0.0,-0.001
14656000,-0.018835854,0.0024976535,0.00014390035,0.0,0.0,-0.001
14680000,-0.018660447,0.0029139423,-1.4107443e-05,0.0,0.0,-0.001
14696000,-0.018527523,0.0027071307,-3.415453e-05,0.0,0.0,-0.001
14716000,-0.018899383,0.0013767369,-2.0809479e-05,0.0,0.0,-0.001
14736000,-0.018856587,0.0008781896,7.077201e-05,0.0,0.0,-0.001
14756000,-0.018714495,0.0016306344,-7.3209867e-06,0.0,0.0,-0.001
14776000,-0.018680759,0.0020619426,-4.8035028e-05,0.0,0.0,-0.001
14796000,-0.018353727,0.0021243487,7.5018856e-05,0.0,0.0,-0.001
14816000,-0.018612916,0.0015193229,2.4715868e-05,0.0,0.0,-0.001
14836000,-0.018703625,0.0012784089,4.0206407e-05,0.0,0.0,-0.001
14856000,-0.018951202,0.0018020973,8.8998946e-05,0.0,0.0,-0.001
14876000,-0.019569555,0.0018523991,-8.603607e-05,0.0,0.0,-0.001
14896000,-0.01961001,0.0015156254,0.00010483903,0.0,0.0,-0.001
14920000,-0.020028729,0.0013881637,6.898456e-05,0.0,0.0,-0.001
14940000,-0.01984043,0.001306425,-2.2341359e-05,0.0,0.0,-0.001
14960000,-0.019945169,0.0014298568,3.6359193e-05,0.0,0.0,-0.001
14976000,-0.020167518,0.0016760427,-2.4291541e-05,0.0,0.0,-0.001
14996000,-0.020767266,0.0016386933,-0.00010707531,0.0,0.0,-0.001
15016000,-0.02016425,0.0013234796,-9.483212e-06,0.0,0.0,-0.001
15036000,-0.020079099,0.0018159404,6.0048904e-05,0.0,0.0,-0.001
15056000,-0.02029211,0.0018627602,-0.00011574676,0.0,0.0,-0.001
15080000,-0.019805808,0.0018912654,6.490078e-05,0.0,0.0,-0.001
15100000,-0.019991754,0.002507841,3.9241622e-06,0.0,0.0,-0.001
15120000,-0.02031586,0.003016212,-8.252512e-06,0.0,0.0,-0.001
15136000,-0.01960951,0.0031545875,0.00010683821,0.0,0.0,-0.001
15160000,-0.01972512,0.0031928008,7.687673e-06,0.0,0.0,-0.001
15176000,-0.019316081,0.0032153928,-0.000115085146,0.0,0.0,-0.001
15200000,-0.019116176,0.0031890809,-0.00010523292,0.0,0.0,-0.001
15216000,-0.019427184,0.002427168,4.450613e-06,0.0,0.0,-0.001
15236000,-0.019330092,0.0021173558,-1.5419859e-05,0.0,0.0,-0.001
15256000,-0.018918809,0.0030786365,-5.6679874e-05,0.0,0.0,-0.001
15276000,-0.018802293,0.0026993821,4.5254263e-05,0.0,0.0,-0.001
15296000,-0.018433107,0.0029805838,-2.8993441e-05,0.0,0.0,-0.001
15316000,-0.01810168,0.002717243,-2.7045353e-05,0.0,0.0,-0.001
15336000,-0.017918514,0.0025939227,6.6056555e-06,0.0,0.0,-0.001
15356000,-0.017785974,0.0025702866,4.7001677e-06,0.0,0.0,-0.001
15376000,-0.017786926,0.0025411055,-5.249014e-05,0.0,0.0,-0.001
15400000,-0.017701626,0.0028764405,-6.320786e-05,0.0,0.0,-0.001
15416000,-0.017417278,0.0024535363,-7.985495e-05,0.0,0.0,-0.001
15436000,-0.017770026,0.0021031925,3.1630803e-05,0.0,0.0,-0.001
15456000,-0.018109662,0.0027631973,-6.845909e-05,0.0,0.0,-0.001
15476000,-0.018186547,0.0026064569,6.971498e-05,0.0,0.0,-0.001
15500000,-0.017926315,0.0022011853,-1.4023836e-06,0.0,0.0,-0.001
15516000,-0.018292857,0.00195134,-5.1834795e-05,0.0,0.0,-0.001
15536000,-0.018771876,0.0012833789,-6.140056e-05,0.0,0.0,-0.001
15556000,-0.018565811,0.0016287391,-6.369255e-05,0.0,0.0,-0.001
15576000,-0.018969512,0.0015442687,5.2825475e-05,0.0,0.0,-0.001
15596000,-0.019082543,0.00090958364,-3.4805882e-05,0.0,0.0,-0.001
15616000,-0.019050393,0.0011072293,3.1053034e-05,0.0,0.0,-0.001
15640000,-0.019401163,0.00021319297,-7.721752e-06,0.0,0.0,-0.001
15656000,-0.0067903544,0.018216211,-0.03029535,0.0,0.0,-0.025760828
15676000,-0.0054000523,0.01578144,-0.030313646,0.0,0.0,-0.02837105
15700000,-0.0083833225,0.018744206,-0.03050068,0.0,0.0,-0.0317107
15716000,-0.005172297,0.046071704,-0.03073186,0.0,0.0,-0.03463128
15736000,-0.0027150402,0.041678153,-0.030862458,0.0,0.0,-0.037805628
15756000,-0.0016538529,0.03824361,-0.030876007,0.0,0.0,-0.040432755
15776000,-0.0021620153,0.033099037,-0.030737188,0.0,0.0,-0.0432493
15796000,-0.002454156,0.026229944,-0.030716645,0.0,0.0,-0.046691503
15820000,-0.0059612244,0.049486674,-0.03079737,0.0,0.0,-0.05083745
15836000,-0.012122034,0.051877588,-0.030774957,0.0,0.0,-0.053503804
15856000,-0.009258436,0.046794184,-0.03065452,0.0,0.0,-0.056265377
15876000,-0.009619391,0.040247977,-0.030684596,0.0,0.0,-0.05950272
15900000,-0.007221385,0.035346564,-0.030598437,0.0,0.0,-0.063847125
15916000,-0.010667367,0.023926498,-0.030573456,0.0,0.0,-0.06687158
15940000,-0.009462924,0.02086368,-0.030786786,0.0,0.0,-0.07096658
15956000,-0.0063947462,0.024570229,-0.030956987,0.0,0.0,-0.073705226
15976000,-0.007000407,0.0268385,-0.031117314,0.0,0.0,-0.07745825
16000000,-0.0111241285,0.028479312,-0.031088682,0.0,0.0,-0.083332136
16016000,-0.010742396,0.025504056,-0.031131161,0.0,0.0,-0.0864829
16036000,-0.0064298436,0.028053153,-0.031247403,0.0,0.0,-0.09002957
16056000,-0.0050500156,0.022131091,-0.031558674,0.0,0.0,-0.09384922
16076000,-0.004349675,0.023324056,-0.031759564,0.0,0.0,-0.098372884
16096000,-0.006873253,0.011690624,-0.03188844,0.0,0.0,-0.10300472
16120000,-0.0069221254,0.021907607,-0.031988204,0.0,0.0,-0.10843828
16140000,-0.0056621097,0.026555307,-0.031767067,0.0,0.0,-0.11257723
16156000,-0.00519499,0.027882151,-0.03186712,0.0,0.0,-0.115985766
16180000,-0.0078090094,0.015280835,-0.031757064,0.0,0.0,-0.122440934
16196000,-0.007458162,0.014759804,-0.03186927,0.0,0.0,-0.12576836
16216000,-0.012206382,0.015218014,-0.03202003,0.0,0.0,-0.12981175
16236000,-0.010903392,0.015513676,-0.032108534,0.0,0.0,-0.13418683
16256000,-0.0061993077,0.014200578,-0.032213278,0.0,0.0,-0.13933323
16280000,-0.0038260196,-0.006465491,-0.03229298,0.0,0.0,-0.14593542
16296000,-0.0040873773,-0.0009200011,-0.032363195,0.0,0.0,-0.14917973
16316000,-0.005820114,0.0030938196,-0.032510355,0.0,0.0,-0.15357628
16336000,-0.007384503,0.0048962245,-0.032698683,0.0,0.0,-0.15847503
16360000,-0.0070666685,-0.0003479853,-0.032762688,0.0,0.0,-0.16681148
16380000,-0.0029029865,0.005358413,-0.032939706,0.0,0.0,-0.17200089
16396000,-0.005857705,-0.0018225516,-0.032988332,0.0,0.0,-0.17507266
16416000,-0.0046665524,0.00077286776,-0.032798793,0.0,0.0,-0.1803772
16436000,-0.0047775395,0.0023368534,-0.0329644,0.0,0.0,-0.18628797
16456000,-0.0012276843,-0.011387118,-0.03301074,0.0,0.0,-0.19229952
16476000,-0.0018428359,-0.004024474,-0.032969266,0.0,0.0,-0.19763654
16496000,-0.0027906168,-0.0013438563,-0.033037692,0.0,0.0,-0.20294575
16520000,-0.001994488,-0.0013226108,-0.033097275,0.0,0.0,-0.21114282
16540000,-0.0055325455,-0.010310695,-0.033167288,0.0,0.0,-0.21730027
16556000,-0.005328683,-0.007844872,-0.033168145,0.0,0.0,-0.22087242
16576000,-0.00051532255,-0.0028404584,-0.03328333,0.0,0.0,-0.22619817
16596000,-0.0005663877,-0.0020764307,-0.03323475,0.0,0.0,-0.23228632
16616000,0.0036936414,-0.012930296,-0.033127703,0.0,0.0,-0.2389332
16636000,-0.001683508,-0.012482599,-0.03298667,0.0,0.0,-0.24513918
16656000,-0.0017771198,-0.003204694,-0.033058133,0.0,0.0,-0.25045982
16676000,-0.004147471,0.002579898,-0.032991163,0.0,0.0,-0.256445
16696000,-0.0060535325,-0.00059327605,-0.032680817,0.0,0.0,-0.2633742
16716000,-0.0074564163,-0.011445243,-0.03244402,0.0,0.0,-0.27000776
16736000,-0.007285139,-0.008403297,-0.032433983,0.0,0.0,-0.27594557
16756000,-0.011347991,-0.0020686164,-0.032485366,0.0,0.0,-0.28223222
16776000,-0.009113376,-0.0035970407,-0.032539412,0.0,0.0,-0.2890431
16800000,-0.0129481,-0.011701509,-0.032228332,0.0,0.0,-0.2988045
16820000,-0.012977919,-0.005121927,-0.03225578,0.0,0.0,-0.30499554
16840000,-0.011162996,-0.006606305,-0.032088533,0.0,0.0,-0.31198114
16860000,-0.01418319,-0.008907394,-0.031965315,0.0,0.0,-0.32027766
16876000,-0.013929615,-0.0080305245,-0.032009702,0.0,0.0,-0.32477182
16896000,-0.00944974,-0.0071017696,-0.03194092,0.0,0.0,-0.33154684
16920000,-0.011973779,-0.0013276257,-0.032163825,0.0,0.0,-0.34156358
16936000,-0.004606406,-0.009449924,-0.032265652,0.0,0.0,-0.34626472
16956000,-0.006266143,-0.01465469,-0.03224383,0.0,0.0,-0.35404032
16976000,-0.009147479,-0.008603004,-0.03211136,0.0,0.0,-0.36121085
16996000,-0.0105902,-0.0056116874,-0.03224034,0.0,0.0,-0.36861688
17016000,-0.0053803665,0.017264763,-0.032321133,0.0,0.0,-0.37674665
17036000,-0.00575128,0.005693346,-0.032474577,0.0,0.0,-0.38469514
17060000,-0.008335966,0.006716899,-0.032491207,0.0,0.0,-0.3866577
17080000,-0.009514686,0.012203558,-0.03241668,0.0,0.0,-0.38732198
17100000,-0.010434146,0.0059586805,-0.03249445,0.0,0.0,-0.38828716
17120000,-0.014385136,0.0036187482,-0.03267956,0.0,0.0,-0.38852182
17136000,-0.013732824,0.0031785644,-0.03260155,0.0,0.0,-0.3883757
17156000,-0.010379145,0.009280628,-0.032660507,0.0,0.0,-0.3889888
17176000,-0.007736704,0.0027991321,-0.032543857,0.0,0.0,-0.38966283
17200000,-0.009890942,0.004960346,-0.032455802,0.0,0.0,-0.39032504
17216000,-0.010255373,0.0042893863,-0.032350056,0.0,0.0,-0.39043692
17240000,-0.012819821,0.022075018,-0.032580785,0.0,0.0,-0.39137825
17256000,-0.014770048,0.017422974,-0.032602865,0.0,0.0,-0.3916142
17276000,-0.011987832,0.012995799,-0.032761738,0.0,0.0,-0.39198992
17296000,-0.015556562,0.0121380985,-0.03271522,0.0,0.0,-0.39239162
17316000,-0.018060856,0.016609162,-0.032983936,0.0,0.0,-0.39302236
17340000,-0.016799146,0.035005897,-0.033129685,0.0,0.0,-0.3944254
17356000,-0.01541383,0.033800066,-0.033131726,0.0,0.0,-0.39444372
17376000,-0.014496893,0.031389,-0.032940906,0.0,0.0,-0.3945982
17396000,-0.012592339,0.0254255,-0.033023145,0.0,0.0,-0.3955059
17416000,-0.011426673,0.017758248,-0.033299733,0.0,0.0,-0.39600614
17436000,-0.01642238,0.0143741835,-0.03333333,0.0,0.0,-0.39599195
17456000,-0.018024307,0.018464308,-0.033432424,0.0,0.0,-0.39560002
17476000,-0.015358278,0.021007944,-0.033117425,0.0,0.0,-0.39564392
17496000,-0.014222022,0.019358527,-0.033258364,0.0,0.0,-0.39629182
17516000,-0.015686277,0.011290804,-0.033282004,0.0,0.0,-0.39679825
17536000,-0.016378623,0.016761566,-0.03321067,0.0,0.0,-0.396818
17556000,-0.018114902,0.020244995,-0.032930072,0.0,0.0,-0.3967427
17580000,-0.02106029,0.019085642,-0.032959897,0.0,0.0,-0.39758575
17596000,-0.023949174,0.016920453,-0.03284866,0.0,0.0,-0.39805844
17620000,-0.024106292,0.012269761,-0.032830596,0.0,0.0,-0.39864415
17640000,-0.02125219,0.015692309,-0.032935996,0.0,0.0,-0.39881802
17656000,-0.019040605,0.019677471,-0.03287398,0.0,0.0,-0.39895228
17676000,-0.021499256,0.016868088,-0.032774944,0.0,0.0,-0.3997417
17696000,-0.015433545,0.012327635,-0.032743923,0.0,0.0,-0.40126508
17716000,-0.013295705,0.017201265,-0.0327131,0.0,0.0,-0.40178782
17736000,-0.014312621,0.016130446,-0.032522652,0.0,0.0,-0.40178093
17756000,-0.014179349,0.01645092,-0.03248474,0.0,0.0,-0.40252975
17776000,-0.018491264,0.036271777,-0.032641023,0.0,0.0,-0.40381137
17796000,-0.019977447,0.029288182,-0.032663893,0.0,0.0,-0.40450457
17816000,-0.014881673,0.025879186,-0.032877058,0.0,0.0,-0.40445188
17836000,-0.013566888,0.026808212,-0.03289523,0.0,0.0,-0.40432543
17856000,-0.016268052,0.024226211,-0.03291408,0.0,0.0,-0.40478116
17876000,-0.022692762,0.01733226,-0.03306497,0.0,0.0,-0.40535122
17896000,-0.0270426,0.0021328568,-0.03316787,0.0,0.0,-0.40555868
17916000,-0.02076323,0.010040255,-0.033211663,0.0,0.0,-0.4056301
17940000,-0.025073914,0.013290357,-0.033141546,0.0,0.0,-0.40607524
17956000,-0.026562704,0.0066159787,-0.032987554,0.0,0.0,-0.406561
17980000,-0.025985602,0.0070724147,-0.033113647,0.0,0.0,-0.40745196
18000000,-0.025155976,0.008177676,-0.03322433,0.0,0.0,-0.40838492
18020000,-0.029525034,0.01384516,-0.0332289,0.0,0.0,-0.40867424
18036000,-0.02895096,0.014140323,-0.03323751,0.0,0.0,-0.40894592
18060000,-0.024738321,0.018557167,-0.033313345,0.0,0.0,-0.4100738
18076000,-0.024126012,0.018241743,-0.03342008,0.0,0.0,-0.41051027
18100000,-0.021178761,0.0066926214,-0.03327112,0.0,0.0,-0.4113291
18120000,-0.022920785,0.010545923,-0.033493582,0.0,0.0,-0.41169402
18136000,-0.023317246,0.012233784,-0.03350507,0.0,0.0,-0.41205448
18156000,-0.024689056,0.014142732,-0.03346942,0.0,0.0,-0.4128723
18176000,-0.023346743,0.015084776,-0.033668287,0.0,0.0,-0.41362944
18196000,-0.027402699,0.0024434875,-0.033835102,0.0,0.0,-0.41428775
18216000,-0.029202642,0.008780633,-0.03393996,0.0,0.0,-0.41442674
18236000,-0.029100696,0.0077906447,-0.033990353,0.0,0.0,-0.41439083
18256000,-0.02675234,0.007829966,-0.033695582,0.0,0.0,-0.41482437
18276000,-0.027605195,0.016781654,-0.03394595,0.0,0.0,-0.41536808
18296000,-0.029143995,0.025820144,-0.03405616,0.0,0.0,-0.41571125
18320000,-0.027050646,0.022912774,-0.03436196,0.0,0.0,-0.4160546
18340000,-0.02590009,0.019217,-0.034454957,0.0,0.0,-0.41641536
18360000,-0.029675186,0.018983966,-0.03456199,0.0,0.0,-0.41698512
18376000,-0.027469022,0.015142058,-0.034686603,0.0,0.0,-0.41712466
18396000,-0.025582122,0.012432913,-0.0346028,0.0,0.0,-0.4173163
18416000,-0.02797242,0.013637782,-0.0347382,0.0,0.0,-0.41730148
18436000,-0.030675318,0.011511646,-0.034656454,0.0,0.0,-0.41799054
18456000,-0.029102113,0.012730637,-0.03453855,0.0,0.0,-0.41899872
18476000,-0.030908603,0.0060033794,-0.034475915,0.0,0.0,-0.41968477
18496000,-0.028732283,0.008135005,-0.034357425,0.0,0.0,-0.4200807
18516000,-0.029444534,0.0102519635,-0.03416269,0.0,0.0,-0.42027506
18536000,-0.029417826,0.011238401,-0.034047805,0.0,0.0,-0.4208385
18560000,-0.026355525,0.012688414,-0.03394499,0.0,0.0,-0.4218969
18580000,-0.026923465,0.005144576,-0.03370023,0.0,0.0,-0.4223845
18596000,-0.028580453,0.0053543462,-0.033598404,0.0,0.0,-0.4224901
18616000,-0.029623706,0.00710546,-0.03344822,0.0,0.0,-0.4225987
18636000,-0.028196238,0.013074781,-0.033518966,0.0,0.0,-0.4228638
18656000,-0.027983205,0.012199352,-0.03347589,0.0,0.0,-0.42329535
18676000,-0.025993913,-0.0016340107,-0.033241402,0.0,0.0,-0.8313724
18696000,-0.026604196,0.0018324192,-0.033452623,0.0,0.0,-0.83540493
18716000,-0.029987393,0.03354642,-0.03359,0.0,0.0,-0.8311197
18740000,-0.027794596,0.023021119,-0.03357744,0.0,0.0,-0.84296894
18756000,-0.021029552,0.01762916,-0.033454083,0.0,0.0,-0.8501563
18776000,-0.013399085,-0.012000999,-0.033118695,0.0,0.0,-0.8574336
18796000,-0.0069905194,0.01747132,-0.03362045,0.0,0.0,-0.85697204
18820000,-0.030238267,0.02092556,-0.033426985,0.0,0.0,-0.8618912
18836000,-0.018011361,0.012990887,-0.033256184,0.0,0.0,-0.866354
18856000,0.0077993358,0.007257788,-0.03371235,0.0,0.0,-0.8734355
18876000,-0.0029958447,0.01516156,-0.03402128,0.0,0.0,-0.87553537
18896000,-0.010515393,0.022746328,-0.03374681,0.0,0.0,-0.8782841
18916000,0.0041194935,0.015878705,-0.033723522,0.0,0.0,-0.8841241
18936000,0.017640637,0.012742296,-0.033940837,0.0,0.0,-0.890262
18956000,0.013557074,0.016357146,-0.034002464,0.0,0.0,-0.8941396
18980000,0.00918204,0.02012909,-0.033754043,0.0,0.0,-0.900312
18996000,0.012873978,0.016967438,-0.033695657,0.0,0.0,-0.90265673
19016000,0.021859493,0.017983804,-0.033767905,0.0,0.0,-0.9081638
19040000,0.03496122,0.020901684,-0.033954646,0.0,0.0,-0.9148291
19056000,0.037600707,0.022186015,-0.03406757,0.0,0.0,-0.91624266
19076000,0.048655152,0.022326194,-0.034335714,0.0,0.0,-0.92072415
19096000,0.05495673,0.023157515,-0.03428895,0.0,0.0,-0.92568517
19116000,0.06122103,0.022485044,-0.034086235,0.0,0.0,-0.9302077
19136000,0.06475463,0.022766149,-0.033897437,0.0,0.0,-0.93435127
19156000,0.07348107,0.019084208,-0.03352217,0.0,0.0,-0.93867964
19180000,0.08424762,0.019717135,-0.032301854,0.0,0.0,-0.94500583
19196000,0.08570588,0.019402565,-0.03170805,0.0,0.0,-0.9461525
19216000,0.085931644,0.01753376,-0.030921506,0.0,0.0,-0.9493443
19240000,0.082907915,0.015582374,-0.029654913,0.0,0.0,-0.954158
19260000,0.08518559,0.016215071,-0.028372206,0.0,0.0,-0.95672715
19276000,0.083234295,0.015481887,-0.027421206,0.0,0.0,-0.9571567
19300000,0.079209745,0.00816211,-0.025511885,0.0,0.0,-0.9609495
19320000,0.07634944,0.008172054,-0.02396674,0.0,0.0,-0.9628195
19336000,0.073758915,0.008294429,-0.022538792,0.0,0.0,-0.96300566
19356000,0.067621864,0.009403086,-0.02081853,0.0,0.0,-0.96441627
19376000,0.06155506,0.008795269,-0.01917538,0.0,0.0,-0.96590793
19396000,0.059292935,0.0065989797,-0.017364506,0.0,0.0,-0.96695185
19416000,0.05226321,0.008108922,-0.015406011,0.0,0.0,-0.9676963
19436000,0.050874997,0.005056859,-0.013410123,0.0,0.0,-0.96814317
19460000,0.044305794,0.0026049223,-0.011078078,0.0,0.0,-0.9692122
19476000,0.041277047,-0.0010068942,-0.009460617,0.0,0.0,-0.9686241
19496000,0.03531895,-0.004425458,-0.0072539523,0.0,0.0,-0.96878785
19516000,0.03617033,-0.0065751527,-0.0049460265,0.0,0.0,-0.96888965
19536000,0.033602998,-0.005407393,-0.0026246672,0.0,0.0,-0.96890366
19556000,0.03050603,-0.009899265,-0.00022536695,0.0,0.0,-0.96889764
19576000,0.027370188,-0.009749622,0.0019642566,0.0,0.0,-0.9686185
19596000,0.025301801,-0.011001069,0.004557334,0.0,0.0,-0.96834934
19620000,0.024633754,-0.0147961,0.0072177486,0.0,0.0,-0.9688628
19636000,0.024665574,-0.015806142,0.008917254,0.0,0.0,-0.9680713
19656000,0.024399389,-0.017858133,0.011254945,0.0,0.0,-0.96765125
19676000,0.02132199,-0.021554187,0.01334396,0.0,0.0,-0.9672119
19700000,0.017274143,-0.022005167,0.016000994,0.0,0.0,-0.96736264
19716000,0.016839707,-0.023262212,0.01772163,0.0,0.0,-0.966417
19736000,0.015864473,-0.025523804,0.019979056,0.0,0.0,-0.9659973
19760000,0.013044135,-0.030182289,0.02268587,0.0,0.0,-0.9660137
19776000,0.012948828,-0.029556308,0.024158238,0.0,0.0,-0.9650319
19796000,0.012648101,-0.029443925,0.026125163,0.0,0.0,-0.96432817
19820000,0.010033842,-0.03176613,0.028524723,0.0,0.0,-0.96380526
19840000,0.011210172,-0.03321907,0.030560266,0.0,0.0,-0.9628992
19856000,0.010892234,-0.03191038,0.03196793,0.0,0.0,-0.9617897
19880000,0.011284352,-0.032657366,0.034505777,0.0,0.0,-0.96106756
19896000,0.010758413,-0.032097466,0.03592958,0.0,0.0,-0.95995206
19916000,0.009968351,-0.034219876,0.03766925,0.0,0.0,-0.9590422
19936000,0.006825668,-0.03501498,0.03946029,0.0,0.0,-0.9584016
19956000,0.005005119,-0.03272545,0.041031703,0.0,0.0,-0.9577069
19976000,0.008830251,-0.030479133,0.04231853,0.0,0.0,-0.95684975
19996000,0.0089054275,-0.030010236,0.043754302,0.0,0.0,-0.95613086
20020000,0.008161119,-0.025364114,0.045351047,0.0,0.0,-0.95576835
20036000,0.008161824,-0.02463071,0.04641543,0.0,0.0,-0.95468146
20056000,0.0062726676,-0.023005253,0.047529727,0.0,0.0,-0.95408946
20076000,0.0052411086,-0.0225056,0.048702355,0.0,0.0,-0.9534535
20096000,0.0054005156,-0.023305727,0.04990775,0.0,0.0,-0.95270133
20116000,0.006670077,-0.022611216,0.050969075,0.0,0.0,-0.95196295
20136000,0.005066957,-0.01980203,0.052155703,0.0,0.0,-0.95136595
20156000,0.0045965845,-0.013853281,0.053206444,0.0,0.0,-0.95081246
20176000,0.0067483643,-0.011534261,0.054053135,0.0,0.0,-0.95022476
20196000,0.005272244,-0.007699415,0.054698832,0.0,0.0,-0.9497022
20216000,0.005660764,-0.0031543844,0.055280134,0.0,0.0,-0.9488723
20236000,0.0069509163,-0.00069940655,0.05598372,0.0,0.0,-0.9479428
20256000,0.0078203,0.0031875402,0.056537997,0.0,0.0,-0.9470895
20276000,0.0070293588,0.008466068,0.057200316,0.0,0.0,-0.9461541
20296000,0.011281408,0.012853254,0.057496734,0.0,0.0,-0.9453158
20316000,0.0104517,0.016653579,0.057892844,0.0,0.0,-0.94439733
20340000,0.008994648,0.024444724,0.058062553,0.0,0.0,-0.9437155
20356000,0.004836166,0.029481897,0.057995014,0.0,0.0,-0.9428193
20376000,0.006211297,0.03412129,0.058135755,0.0,0.0,-0.94226336
20396000,-0.00015637734,0.03732361,0.058306906,0.0,0.0,-0.9416686
20420000,0.0017973419,0.038811713,0.058390934,0.0,0.0,-0.9413965
20436000,0.0013298332,0.04018991,0.05848468,0.0,0.0,-0.9406587
20460000,0.0004359291,0.04783434,0.05833087,0.0,0.0,-0.9405467
20476000,0.00033041122,0.049010713,0.058066014,0.0,0.0,-0.939812
20496000,-0.0007734731,0.05093445,0.057606947,0.0,0.0,-0.93937784
20520000,-0.0021487963,0.053769715,0.057164304,0.0,0.0,-0.93922114
20540000,-0.004248731,0.052285224,0.056428775,0.0,0.0,-0.9388812
20556000,-0.004010171,0.050578516,0.05591919,0.0,0.0,-0.9381928
20576000,-0.0029457882,0.048660096,0.055348597,0.0,0.0,-0.9378632
20596000,-0.0014390526,0.049072918,0.054637,0.0,0.0,-0.9375401
20620000,-0.0008903386,0.047974624,0.053455874,0.0,0.0,-0.9370116
20636000,0.00085256255,0.04628765,0.052829113,0.0,0.0,-0.93628126
20656000,0.0054409727,0.045950513,0.05201072,0.0,0.0,-0.93564534
20676000,0.007094086,0.04624657,0.05111911,0.0,0.0,-0.9349613
20696000,0.007577711,0.04532011,0.050218463,0.0,0.0,-0.93445367
20716000,0.007170456,0.042240165,0.04932107,0.0,0.0,-0.934146
20740000,0.01159089,0.037425175,0.048183892,0.0,0.0,-0.933855
20756000,0.011267416,0.035105426,0.04732458,0.0,0.0,-0.93324316
20776000,0.013058419,0.030554304,0.046464883,0.0,0.0,-0.932943
20796000,0.012340669,0.025818968,0.045192264,0.0,0.0,-0.9325751
20816000,0.0075324513,0.02070503,0.044134345,0.0,0.0,-0.93224555
20840000,0.0053260485,0.016691368,0.04277851,0.0,0.0,-0.9319989
20860000,0.0038986336,0.012359078,0.041453093,0.0,0.0,-0.9316876
20880000,0.0041324445,0.004821431,0.040319078,0.0,0.0,-0.9315795
20900000,0.00035149604,0.0017781744,0.03892727,0.0,0.0,-0.9314663
20920000,0.0013620573,-0.0052847946,0.037699267,0.0,0.0,-0.931535
20936000,0.0025229482,-0.008576307,0.036598496,0.0,0.0,-0.9311125
20960000,0.0067449566,-0.015839394,0.034810185,0.0,0.0,-0.93131465
20976000,0.008909896,-0.02187064,0.033576466,0.0,0.0,-0.93091434
21000000,0.005515216,-0.02795916,0.032024384,0.0,0.0,-0.93095535
21016000,0.005621288,-0.03429248,0.030911444,0.0,0.0,-0.93022513
21040000,0.008677672,-0.044310883,0.029460113,0.0,0.0,-0.9295974
21060000,0.008568049,-0.05263094,0.028324902,0.0,0.0,-0.9288384
21080000,0.005718386,-0.055132557,0.02695844,0.0,0.0,-0.928357
21096000,0.006420005,-0.059337266,0.025935605,0.0,0.0,-0.92797446
21116000,0.0063554123,-0.06614827,0.024931407,0.0,0.0,-0.92750114
21136000,0.010178709,-0.07067636,0.023822926,0.0,0.0,-0.9274373
21156000,0.009013787,-0.07129247,0.02277336,0.0,0.0,-0.92732906
21176000,0.005744319,-0.07692746,0.021630812,0.0,0.0,-0.9272574
21200000,0.0016915087,-0.08249482,0.020484535,0.0,0.0,-0.9272587
21220000,0.0025603278,-0.08238574,0.019339917,0.0,0.0,-0.92710614
21236000,-0.002072378,-0.08267825,0.018600075,0.0,0.0,-0.9267539
21256000,-0.006684196,-0.08523518,0.017596036,0.0,0.0,-0.926651
21276000,-0.005660942,-0.086244985,0.016310485,0.0,0.0,-0.9264867
21296000,-0.0022472984,-0.08670225,0.015276126,0.0,0.0,-0.9264562
21320000,-0.0003033439,-0.08630319,0.014204453,0.0,0.0,-0.9264683
21336000,-0.0016845147,-0.08402584,0.013535008,0.0,0.0,-0.92629176
21356000,-0.00039113502,-0.08631675,0.012428108,0.0,0.0,-0.9264242
21380000,0.0033121656,-0.08262473,0.011097221,0.0,0.0,-0.9268201
21396000,0.0039702817,-0.07900227,0.01011003,0.0,0.0,-0.92668146
21420000,0.0028119807,-0.07303052,0.008927616,0.0,0.0,-0.92659944
21436000,0.0030258468,-0.06879346,0.007979751,0.0,0.0,-0.92606777
21456000,0.003309993,-0.0647426,0.007080818,0.0,0.0,-0.9258421
21480000,0.0032585517,-0.05668,0.0061124954,0.0,0.0,-0.925798
21500000,0.004057951,-0.047888543,0.005186469,0.0,0.0,-0.92554957
21516000,0.00646633,-0.042975165,0.00453264,0.0,0.0,-0.9252265
21536000,0.007479289,-0.03594365,0.0036504597,0.0,0.0,-0.9251032
21556000,0.0030602845,-0.027901866,0.00297075,0.0,0.0,-0.92494434
21576000,0.005851594,-0.019351276,0.002397931,0.0,0.0,-0.9249033
21596000,0.005552705,-0.011229983,0.0018992077,0.0,0.0,-0.92473084
21620000,0.007881114,0.0005026321,0.0011715444,0.0,0.0,-0.9248658
21636000,0.005840039,0.0097905565,0.00091949274,0.0,0.0,-0.92453545
21660000,0.0050862255,0.025287366,0.00058557675,0.0,0.0,-0.9245099
21676000,0.005910763,0.031705216,0.00033552604,0.0,0.0,-0.92422754
21696000,0.003703123,0.03876027,-5.5362685e-05,0.0,0.0,-0.92434573
21720000,0.0037278768,0.050040174,-0.0005245946,0.0,0.0,-0.9245575
21736000,0.003302108,0.055529907,-0.00072141207,0.0,0.0,-0.92443997
21756000,0.0036632523,0.06381894,-0.000905643,0.0,0.0,-0.9246845
21776000,0.0015086015,0.07192985,-0.0011069592,0.0,0.0,-0.92496574
21796000,0.0024516461,0.077953674,-0.0011402824,0.0,0.0,-0.92511916
21816000,-0.0011457761,0.09020093,-0.0012307072,0.0,0.0,-0.92508614
21840000,0.003778187,0.10397356,-0.0012945284,0.0,0.0,-0.9251551
21856000,0.0017077193,0.1092311,-0.0013162079,0.0,0.0,-0.9249505
21880000,0.0035962989,0.11509943,-0.0014381694,0.0,0.0,-0.9249335
21896000,0.004072845,0.11958432,-0.0012221973,0.0,0.0,-0.9247291
21916000,0.0034177657,0.122767895,-0.0009908701,0.0,0.0,-0.9247403
21940000,0.005925521,0.12665214,-0.0012706048,0.0,0.0,-0.9247386
21956000,0.0054296665,0.12606084,-0.0013396558,0.0,0.0,-0.92454386
21980000,0.0066512898,0.1303232,-0.0013232863,0.0,0.0,-0.92482346
21996000,0.008083363,0.12818258,-0.001310482,0.0,0.0,-0.92474186
22020000,0.0076490417,0.12736702,-0.0011945117,0.0,0.0,-0.9250025
22036000,0.007331654,0.12870622,-0.0010749612,0.0,0.0,-0.92500514
22056000,0.0042487737,0.1262622,-0.000782895,0.0,0.0,-0.9250317
22076000,0.0017333105,0.124417126,-0.0008870887,0.0,0.0,-0.92505044
22096000,0.004133725,0.12017196,-0.0007215944,0.0,0.0,-0.92513067
22116000,0.0037787675,0.11347292,-0.0005280234,0.0,0.0,-0.92506224
22140000,0.0032850467,0.107187055,-0.00014589641,0.0,0.0,-0.92543375
22156000,0.001850167,0.10133272,0.00021060453,0.0,0.0,-0.92531693
22176000,0.00021011686,0.09076484,0.0004677724,0.0,0.0,-0.9254319
22196000,-0.0009349799,0.08093982,0.0006923805,0.0,0.0,-0.92550087
22216000,0.0005874767,0.07170483,0.0008943708,0.0,0.0,-0.9253793
22236000,-0.003941543,0.05775828,0.0012903903,0.0,0.0,-0.9250561
22256000,0.00094558636,0.045102708,0.0016923831,0.0,0.0,-0.924601
22276000,-0.00085438194,0.03418589,0.0023277097,0.0,0.0,-0.924404
22296000,-0.0030293625,0.017817797,0.0027631589,0.0,0.0,-0.9239711
22316000,-0.0026854265,0.0069521954,0.00325756,0.0,0.0,-0.92372656
22336000,-0.0025289678,-0.0047932602,0.0037574668,0.0,0.0,-0.92363524
22356000,0.0010209357,-0.020233946,0.0040011224,0.0,0.0,-0.9235072
22380000,-0.0011658154,-0.03888359,0.004488562,0.0,0.0,-0.92328995
22396000,-0.00142305,-0.05078361,0.004713386,0.0,0.0,-0.9231208
22416000,-0.0019641453,-0.06472925,0.0051389276,0.0,0.0,-0.9230742
22436000,-0.0017723693,-0.07896826,0.0053236596,0.0,0.0,-0.92312795
22456000,-0.0021174233,-0.09054829,0.00562356,0.0,0.0,-0.9232145
22476000,-0.0020013042,-0.10341689,0.0058950824,0.0,0.0,-0.9235434
22496000,-0.0037128753,-0.11627363,0.0065965382,0.0,0.0,-0.92361856
22516000,0.00011405124,-0.12802537,0.0070787426,0.0,0.0,-0.9236512
22536000,-0.0018322404,-0.1417681,0.007592067,0.0,0.0,-0.92395025
22556000,8.902706e-05,-0.14843032,0.008229391,0.0,0.0,-0.92407125
22576000,0.000983034,-0.15970097,0.008586723,0.0,0.0,-0.92405504
22600000,0.0027146498,-0.17054339,0.008715452,0.0,0.0,-0.92424524
22616000,0.0021876018,-0.17840317,0.008882597,0.0,0.0,-0.92406106
22640000,0.00016444873,-0.18600538,0.009176673,0.0,0.0,-0.92363995
22660000,-0.0025743884,-0.19277754,0.009656859,0.0,0.0,-0.9234265
22676000,-0.002007668,-0.19340904,0.0099720135,0.0,0.0,-0.9231487
22696000,0.0019240704,-0.19467586,0.010331279,0.0,0.0,-0.9229696
22716000,0.0011893751,-0.1955983,0.010822808,0.0,0.0,-0.9228608
22736000,0.001894958,-0.19444111,0.010110882,0.0,0.0,-0.92279685
22756000,0.003144397,-0.19352524,0.06857949,0.0,0.0,-0.9227831
22780000,0.0020106318,-0.18811423,0.06641049,0.0,0.0,-0.92277473
22796000,0.0006965642,-0.18317129,0.06498394,0.0,0.0,-0.92264277
22816000,-0.0025608407,-0.175425,0.06306716,0.0,0.0,-0.92243314
22840000,-0.0044916305,-0.1644145,0.060811777,0.0,0.0,-0.92190295
22860000,-0.005606326,-0.15400714,0.058526628,0.0,0.0,-0.92166454
22880000,-0.0076465085,-0.14081496,0.056303553,0.0,0.0,-0.9214702
22896000,-0.0077761044,-0.1288573,0.054529272,0.0,0.0,-0.9213754
22920000,-0.008585679,-0.11183058,0.051607426,0.0,0.0,-0.92136997
22936000,-0.010173583,-0.097583726,0.04973674,0.0,0.0,-0.9213881
22960000,-0.011549801,-0.07606707,0.046514295,0.0,0.0,-0.9215325
22980000,-0.011909378,-0.056599773,0.043760736,0.0,0.0,-0.92141086
23000000,-0.012703766,-0.042964324,0.041777167,0.0,0.0,-0.9214722
23020000,-0.011797225,-0.024618197,0.039739974,0.0,0.0,-0.9214117
23036000,-0.012079337,-0.009873245,0.037918232,0.0,0.0,-0.9214284
23056000,-0.013656844,0.010141056,0.03594489,0.0,0.0,-0.9215581
23076000,-0.010886006,0.03285534,0.033926312,0.0,0.0,-0.92166156
23096000,-0.009527455,0.052658115,0.03191568,0.0,0.0,-0.9217243
23120000,-0.0105409445,0.08035933,0.02950727,0.0,0.0,-0.921898
23136000,-0.008651833,0.09616493,0.0282374,0.0,0.0,-0.9218633
23156000,-0.010740283,0.117103584,0.026258554,0.0,0.0,-0.92194885
23180000,-0.0046888995,0.14356859,0.023899732,0.0,0.0,-0.92217124
23196000,-0.004538326,0.159397,0.022533009,0.0,0.0,-0.92217904
23216000,-0.005892922,0.17564125,0.02082403,0.0,0.0,-0.9220492
23236000,-0.0023347854,0.1904513,0.018976308,0.0,0.0,-0.9217454
23260000,-0.0032430151,0.2099529,0.016994378,0.0,0.0,-0.92182136
23280000,0.00065625494,0.22489919,0.015378045,0.0,0.0,-0.92179084
23296000,-0.0023892967,0.23458585,0.013992507,0.0,0.0,-0.9217271
23316000,-0.032601323,0.2527136,0.012344029,0.0,0.0,-1.0
23336000,-0.0314262,0.25474456,0.0107479235,0.0,0.0,-1.0
23356000,-0.029708065,0.2543135,0.009153138,0.0,0.0,-1.0
23380000,-0.02527901,0.25145063,0.0074770562,0.0,0.0,-1.0
23396000,-0.022031259,0.24761291,0.0063559194,0.0,0.0,-1.0
23420000,-0.016901912,0.2396174,0.00506154,0.0,0.0,-1.0
23436000,-0.013449336,0.23322655,0.0041719093,0.0,0.0,-1.0
23456000,-0.010241586,0.22414285,0.0032281596,0.0,0.0,-1.0
23476000,-0.007094885,0.21296304,0.0021128072,0.0,0.0,-1.0
23496000,-0.004084437,0.20017172,0.0011639467,0.0,0.0,-1.0
23516000,-0.0016165476,0.1860522,0.000103733444,0.0,0.0,-1.0
23536000,-0.0003858649,0.17080516,-0.00094139663,0.0,0.0,-1.0
23556000,0.0008154889,0.15539372,-0.0018568165,0.0,0.0,-1.0
23576000,0.002559332,0.13945721,-0.0029081614,0.0,0.0,-1.0
23600000,0.003969187,0.118633546,-0.004198689,0.0,0.0,-1.0
23616000,0.0047390163,0.10456944,-0.0049039824,0.0,0.0,-1.0
23636000,0.004867676,0.085678056,-0.005757631,0.0,0.0,-1.0
23660000,0.0050252047,0.062976986,-0.0067681326,0.0,0.0,-1.0
23676000,0.00487694,0.048007406,-0.0074954703,0.0,0.0,-1.0
23696000,0.0046944516,0.028570086,-0.008480723,0.0,0.0,-1.0
23720000,0.00466237,0.0064173825,-0.009403914,0.0,0.0,-1.0
23736000,0.004852072,-0.008522219,-0.00991451,0.0,0.0,-1.0
23756000,0.0045725,-0.027154004,-0.010656035,0.0,0.0,-1.0
23776000,0.0048055504,-0.045369003,-0.011156929,0.0,0.0,-1.0
23796000,0.005275851,-0.06252408,-0.011812336,0.0,0.0,-1.0
23820000,0.005506752,-0.08281636,-0.012326408,0.0,0.0,-1.0
23840000,0.05625028,-0.039541155,-0.012594519,0.0,0.0,-0.9924185
23860000,0.052500773,-0.059007835,-0.012723249,0.0,0.0,-0.9794241
23876000,0.051928226,-0.07328347,-0.012795034,0.0,0.0,-0.9715477
23900000,0.05179111,-0.10416626,-0.013022769,0.0,0.0,-0.9516273
23916000,0.049783643,-0.11646453,-0.013042727,0.0,0.0,-0.94452196
23940000,0.039992567,-0.13774094,-0.0131247025,0.0,0.0,-0.9286252
23956000,0.03607664,-0.14853367,-0.013168069,0.0,0.0,-0.9232863
23976000,0.030363025,-0.16809659,-0.013140629,0.0,0.0,-0.9150307
24000000,0.023034316,-0.18772472,-0.013098761,0.0,0.0,-0.9054102
24016000,0.020355275,-0.20027508,-0.013182504,0.0,0.0,-0.9022757
24040000,0.0112568075,-0.21834795,-0.012940795,0.0,0.0,-0.8949003
24060000,0.006516549,-0.23093218,-0.01301044,0.0,0.0,-0.89110905
24080000,0.002669332,-0.23964782,-0.01292189,0.0,0.0,-0.88846046
24096000,-0.0009372961,-0.24147896,-0.012787953,0.0,0.0,-0.88778365
24116000,-0.0036475281,-0.248326,-0.012426851,0.0,0.0,-0.88625073
24136000,-0.00747899,-0.254968,-0.012368743,0.0,0.0,-0.8852176
24156000,-0.008785693,-0.25648078,-0.011950547,0.0,0.0,-0.88494855
24176000,-0.010787299,-0.25583148,-0.011600167,0.0,0.0,-0.8848677
24196000,-0.013248018,-0.2564972,-0.011262242,0.0,0.0,-0.8848772
24216000,-0.01009272,-0.25515172,-0.010616637,0.0,0.0,-0.8851147
24236000,-0.0077383704,-0.25199896,-0.010163117,0.0,0.0,-0.8852634
24256000,-0.0077121854,-0.2466853,-0.00958221,0.0,0.0,-0.88599515
24276000,-0.0053073154,-0.23818351,-0.009129172,0.0,0.0,-0.8867352
24300000,-0.0039099837,-0.22515956,-0.008649545,0.0,0.0,-0.88749176
24316000,-0.0036332887,-0.21459451,-0.008341771,0.0,0.0,-0.8884612
24336000,-0.0053183767,-0.19859965,-0.0079304045,0.0,0.0,-0.8894254
24360000,-0.0062523875,-0.17838407,-0.007394611,0.0,0.0,-0.890016
24376000,-0.0052189766,-0.16349891,-0.0068266904,0.0,0.0,-0.8910688
24400000,-0.009402723,-0.1380969,-0.0061616297,0.0,0.0,-0.89186734
24416000,-0.009760381,-0.119699255,-0.005621364,0.0,0.0,-0.89226955
24436000,-0.012432802,-0.09777248,-0.0049691717,0.0,0.0,-0.892768
24456000,-0.016275546,-0.07390883,-0.0044576614,0.0,0.0,-0.8930681
24476000,-0.01644103,-0.04972681,-0.0038876822,0.0,0.0,-0.89368373
24500000,-0.016457416,-0.017827503,-0.0031796428,0.0,0.0,-0.893965
24516000,-0.015714906,0.0003007232,-0.002880192,0.0,0.0,-0.89476734
24540000,-0.016831396,0.03681079,-0.0018997354,0.0,0.0,-0.8949729
24556000,-0.018422633,0.05479849,-0.0012252477,0.0,0.0,-0.8959248
24576000,-0.019798193,0.080244265,-0.0009189255,0.0,0.0,-0.8966596
24596000,-0.020715436,0.106684245,-0.00043787147,0.0,0.0,-0.8974549
24616000,-0.019242423,0.13558862,7.073734e-05,0.0,0.0,-0.8981694
24640000,-0.014983655,0.16660759,0.0005922236,0.0,0.0,-0.8988854
24660000,-0.012839698,0.19335118,0.001167537,0.0,0.0,-0.8995777
24676000,-0.012194387,0.20989348,0.0016714424,0.0,0.0,-0.90042144
24696000,-0.013625166,0.23473164,0.002130388,0.0,0.0,-0.90107703
24716000,-0.009422487,0.25439912,0.0022832798,0.0,0.0,-0.90188324
24740000,-0.0065550413,0.2789949,0.0025914218,0.0,0.0,-0.90285736
24756000,-0.0075652697,0.29100794,0.0031095578,0.0,0.0,-0.90363485
24776000,-0.006983348,0.31019384,0.0037753582,0.0,0.0,-0.90413034
24796000,-0.002011393,0.32207355,0.0038447347,0.0,0.0,-0.90504706
24816000,-0.003031675,0.33238444,0.0042988714,0.0,0.0,-0.9050711
24840000,-0.003765165,0.34743538,0.004721308,0.0,0.0,-0.9047574
24856000,-0.0059779063,0.35189745,0.0051437067,0.0,0.0,-0.9052027
24876000,-0.0071317605,0.35361448,0.00543348,0.0,0.0,-0.90506905
24896000,-0.0043866015,0.35293466,0.0057844333,0.0,0.0,-0.9050904
24916000,-0.0034379896,0.35315976,0.0061461003,0.0,0.0,-0.90567946
24940000,-0.0044275452,0.3520252,0.0067100916,0.0,0.0,-0.9060551
24956000,-0.005035149,0.34300247,0.007047987,0.0,0.0,-0.90666157
24976000,-0.004574748,0.3348528,0.0071256305,0.0,0.0,-0.90697974
25000000,-0.0067080827,0.3210654,0.0075050774,0.0,0.0,-0.90728074
25016000,-0.0048171827,0.30663052,0.0076965555,0.0,0.0,-0.9077515
25036000,-0.0047183535,0.29041335,0.0076620514,0.0,0.0,-0.9082981
25056000,-0.009390474,0.27000773,0.0077427654,0.0,0.0,-0.90871984
25080000,-0.010013731,0.24421328,0.007821313,0.0,0.0,-0.90964985
25100000,-0.0075805425,0.21727489,0.007863339,0.0,0.0,-0.9098923
25116000,-0.0064091133,0.19419737,0.00783478,0.0,0.0,-0.9105103
25136000,-0.0056193774,0.16448262,0.00791497,0.0,0.0,-0.91078883
25156000,-0.0019575844,0.1323239,0.00783537,0.0,0.0,-0.9114325
25176000,-0.0019963034,0.100028135,0.007895277,0.0,0.0,-0.91197455
25200000,-0.0034320587,0.05725226,0.007667998,0.0,0.0,-0.91194385
25216000,-0.0033133756,0.029081145,0.0075602876,0.0,0.0,-0.91209745
25236000,-0.0052481606,-0.009886544,0.007689215,0.0,0.0,-0.911812
25256000,-0.0007990312,-0.04561041,0.0076757474,0.0,0.0,-0.91175437
25276000,0.0012263883,-0.0829545,0.0076662386,0.0,0.0,-0.91147006
25300000,0.0033984575,-0.13034788,0.0076690027,0.0,0.0,-0.9110464
25320000,0.0045577725,-0.1671984,0.007369185,0.0,0.0,-0.9110578
25340000,0.0055873403,-0.20520502,0.007321731,0.0,0.0,-0.9112327
25356000,0.004464008,-0.2315671,0.0071040397,0.0,0.0,-0.9119037
25376000,0.0025283063,-0.26490974,0.0069179987,0.0,0.0,-0.9123826
25396000,0.00036538235,-0.29693457,0.0069272895,0.0,0.0,-0.9130443
25416000,-5.2364037e-05,-0.32957402,0.006932218,0.0,0.0,-0.91342825
25436000,-0.001106791,-0.35971886,0.006826006,0.0,0.0,-0.91392475
25456000,0.0028447146,-0.38837907,0.0068462063,0.0,0.0,-0.9144364
25476000,0.005253369,-0.41446966,0.006762198,0.0,0.0,-0.91505814
25500000,0.0012969727,-0.44050753,0.0065908544,0.0,0.0,-0.9159876
25520000,0.00043303004,-0.4573919,0.006712662,0.0,0.0,-0.9166155
25536000,-0.00016524846,-0.46541974,0.006896596,0.0,0.0,-0.91758054
25556000,0.00065927836,-0.4775531,0.006981775,0.0,0.0,-0.9184016
25576000,0.0017419911,-0.47978276,0.007078533,0.0,0.0,-0.9187167
25596000,0.002464694,-0.48460653,0.006925033,0.0,0.0,-0.91928625
25616000,-0.00085082103,-0.4858291,0.006813022,0.0,0.0,-0.91939586
25640000,0.0059276605,-0.4805783,0.0069588493,0.0,0.0,-0.9184669
25656000,0.005267166,-0.46879303,0.0069389767,0.0,0.0,-0.91876036
25676000,0.0074810106,-0.45633084,0.00688323,0.0,0.0,-0.9183673
25700000,0.0049113124,-0.43967423,0.006855895,0.0,0.0,-0.9183267
25716000,0.0055259657,-0.41949904,0.0067828037,0.0,0.0,-0.9186072
25740000,0.0044281245,-0.3908702,0.006821185,0.0,0.0,-0.91875774
25756000,0.003868689,-0.36760673,0.006757414,0.0,0.0,-0.91908836
25776000,0.0015635414,-0.33507714,0.0067355516,0.0,0.0,-0.91930443
25796000,0.0037406483,-0.29883826,0.0065163206,0.0,0.0,-0.9198324
25816000,0.0020088125,-0.26427197,0.006211017,0.0,0.0,-0.91982675
25836000,0.0012079311,-0.21980332,0.0061367583,0.0,0.0,-0.92002845
25856000,0.0010234026,-0.1755324,0.006152928,0.0,0.0,-0.92027426
25876000,0.0046194396,-0.12740736,0.005986229,0.0,0.0,-0.9203271
25900000,0.0005341625,-0.06761368,0.0056720846,0.0,0.0,-0.92051804
25920000,-0.00010560485,-0.015668306,0.0052515445,0.0,0.0,-0.9209111
25936000,0.00083189923,0.023167767,0.004978505,0.0,0.0,-0.9214773
25960000,0.001926864,0.087226816,0.004828943,0.0,0.0,-0.92177004
25976000,0.00096020685,0.1267388,0.004609057,0.0,0.0,-0.92230713
25996000,0.0029058047,0.17862207,0.004384818,0.0,0.0,-0.92292786
26016000,-0.0009095405,0.22757715,0.0042800643,0.0,0.0,-0.92327416
26036000,-0.0040644566,0.2798182,0.0041204705,0.0,0.0,-0.923168
26056000,-0.00246696,0.32969335,0.0039577913,0.0,0.0,-0.9232483
26076000,-0.001010789,0.3781407,0.0038754304,0.0,0.0,-0.92313814
26096000,-0.005571738,0.42045778,0.0035131373,0.0,0.0,-0.9230989
26116000,-0.0059506623,0.46340066,0.0033583082,0.0,0.0,-0.9234231
26136000,-0.005027649,0.5078772,0.003238866,0.0,0.0,-0.92381436
26156000,-0.00447339,0.5459169,0.0031581204,0.0,0.0,-0.9242079
26180000,-0.002145127,0.5880824,0.0028271424,0.0,0.0,-0.92442536
26196000,-0.0027200396,0.60613304,0.0026594466,0.0,0.0,-0.9248631
26220000,-0.0037713798,0.6357259,0.0026920824,0.0,0.0,-0.92492235
26240000,-0.004463435,0.65418375,0.0026798705,0.0,0.0,-0.9253167
26260000,-0.0016470416,0.6683905,0.0027648737,0.0,0.0,-0.92541564
26276000,-0.0016178422,0.6718648,0.0025452268,0.0,0.0,-0.92592984
26296000,-0.00028484515,0.6738213,0.0023874338,0.0,0.0,-0.9265077
26316000,-0.0024301042,0.6708726,0.0020292806,0.0,0.0,-0.9269624
26336000,-0.0036189922,0.6648013,0.0020613885,0.0,0.0,-0.92723167
26356000,-0.0020956094,0.6539942,0.001864716,0.0,0.0,-0.92754114
26380000,0.0018378372,0.63009465,0.0015750756,0.0,0.0,-0.9273762
26396000,0.0033136613,0.60793203,0.0012178565,0.0,0.0,-0.92735684
26416000,0.005209849,0.574826,0.0010117148,0.0,0.0,-0.92713004
26436000,0.004299462,0.54101497,0.0009228997,0.0,0.0,-0.9268762
26456000,0.0067130825,0.4987983,0.0008840402,0.0,0.0,-0.9264189
26476000,0.010327932,0.44655198,0.00037172798,0.0,0.0,-0.92576724
26496000,0.011932291,0.39517817,0.00027063105,0.0,0.0,-0.9252539
26520000,0.012165426,0.32669437,0.00019147336,0.0,0.0,-0.9245706
26536000,0.011864997,0.2790504,2.0900792e-05,0.0,0.0,-0.92477864
26556000,0.015665252,0.21652955,-0.0002930023,0.0,0.0,-0.9249135
26576000,0.012855314,0.14960445,-0.0004780273,0.0,0.0,-0.9249728
26596000,0.011668993,0.08180731,-0.0007190274,0.0,0.0,-0.92483866
26616000,0.0132316025,0.012743537,-0.00086016976,0.0,0.0,-0.9246037
26640000,0.010878554,-0.07676879,-0.0011099367,0.0,0.0,-0.9244706
26656000,0.010274341,-0.13354819,-0.0010987675,0.0,0.0,-0.9244797
26676000,0.007906965,-0.20890686,-0.0011494141,0.0,0.0,-0.9247787
26696000,0.0039400477,-0.28244367,-0.0012251734,0.0,0.0,-0.9247266
26720000,0.0032732876,-0.37064263,-0.0010424559,0.0,0.0,-0.9253958
26736000,0.0044636754,-0.42338938,-0.0010056212,0.0,0.0,-0.9258957
26756000,0.00402421,-0.49080527,-0.00077466335,0.0,0.0,-0.9261412
26780000,0.0015669147,-0.58080405,-0.00055659463,0.0,0.0,-0.9266822
26800000,0.001515473,-0.6422625,-0.0004346889,0.0,0.0,-0.9271203
26816000,0.002710216,-0.6833629,-0.00026607205,0.0,0.0,-0.9275113
26840000,0.0032150364,-0.7549682,-1.9835177e-05,0.0,0.0,-0.9286952
26860000,0.0045985407,-0.80325824,6.518612e-05,0.0,0.0,-0.930551
26880000,0.00742136,-0.84655124,0.00036113794,0.0,0.0,-0.9326463
26900000,0.0063274726,-0.8832864,0.0003782277,0.0,0.0,-0.9352593
26916000,0.0042005205,-0.9020226,0.0003452664,0.0,0.0,-0.9371997
26936000,0.0022923104,-0.9249457,0.0005733139,0.0,0.0,-0.9405821
26956000,-0.00087321375,-0.9415384,0.00069401984,0.0,0.0,-0.94462603
26980000,-0.0048817704,-0.9523522,0.0006907704,0.0,0.0,-0.9499972
26996000,-0.005279339,-0.9502485,0.00090639223,0.0,0.0,-0.95250493
27016000,-0.0015669808,-0.9501753,0.001110314,0.0,0.0,-0.9561215
27036000,-0.0016804327,-0.93852764,0.0010840922,0.0,0.0,-0.9601036
27056000,-0.0020368537,-0.9195854,0.001248023,0.0,0.0,-0.9638922
27076000,-0.006835569,-0.8929242,0.0011604611,0.0,0.0,-0.9674346
27100000,-0.0074794805,-0.8523452,0.00129518,0.0,0.0,-0.9712937
27116000,-0.006009459,-0.81395483,0.0013639451,0.0,0.0,-0.9725412
27136000,-0.007452296,-0.7626392,0.0011897751,0.0,0.0,-0.97382814
27156000,-0.0064034853,-0.70523715,0.0010860141,0.0,0.0,-0.9739349
27176000,-0.0028205223,-0.6395525,0.0010923231,0.0,0.0,-0.97318983
27196000,-0.0027161231,-0.56687427,0.0009179304,0.0,0.0,-0.97137374
27216000,-0.0019860223,-0.4903915,0.0009424633,0.0,0.0,-0.96796817
27236000,0.000810147,-0.41189307,0.0008971719,0.0,0.0,-0.96282977
27256000,0.0019194729,-0.32016468,0.0008244265,0.0,0.0,-0.9572604
27280000,0.004783674,-0.20589387,0.00077222585,0.0,0.0,-0.94963294
27296000,0.0055598905,-0.12833034,0.00080100156,0.0,0.0,-0.9468242
27316000,0.005832812,-0.027438957,0.00073829445,0.0,0.0,-0.94242096
27340000,0.0046732617,0.10117147,0.00022770064,0.0,0.0,-0.9375407
27356000,0.005121479,0.18214674,0.00015954513,0.0,0.0,-0.9356873
27380000,0.0031090784,0.31423643,-0.00018604747,0.0,0.0,-0.9319607
27396000,0.0034610557,0.39191094,-0.0003766348,0.0,0.0,-0.93079376
27420000,0.0036691504,0.5241955,-0.0006201499,0.0,0.0,-0.9292907
27436000,0.0030407493,0.5978049,-0.00070284755,0.0,0.0,-0.9294435
27456000,0.000928025,0.69180524,-0.00064311724,0.0,0.0,-0.9307381
27480000,-0.0017783082,0.8073639,-0.00076291285,0.0,0.0,-0.93480855
27496000,0.0009242822,0.8714216,-0.0009476901,0.0,0.0,-0.9376292
27516000,0.0022465538,0.9503398,-0.0013717051,0.0,0.0,-0.9431066
27536000,0.0011522017,1.0230019,-0.0016605736,0.0,0.0,-0.94934344
27556000,0.00025669782,1.0896318,-0.0017918067,0.0,0.0,-0.95659447
27576000,-0.0019160609,1.1489956,-0.001976871,0.0,0.0,-0.96540105
27596000,-0.0013208834,1.1987712,-0.0021906847,0.0,0.0,-0.9748147
27616000,0.0009604414,1.2403109,-0.0022268726,0.0,0.0,-0.9853256
27636000,0.0017921807,1.273235,-0.0023100239,0.0,0.0,-0.9961365
27656000,-0.005413989,1.2442087,-0.06251077,0.0,0.0,-0.96483964
27680000,0.13504569,1.3251421,0.75478125,0.0,0.0,-0.9705832
27696000,0.050463714,1.3747486,0.2617228,0.0,0.0,-0.9675393
27716000,0.004171679,1.3981993,-0.004796599,0.0,0.0,-0.9723714
27736000,-0.00040818713,1.3842305,-0.005578337,0.0,0.0,-0.9779131
27756000,0.00015226449,1.3665471,-0.006847569,0.0,0.0,-0.9813463
27776000,-0.001654003,1.3429298,-0.008524966,0.0,0.0,-0.9824266
27800000,-0.001770388,1.3017619,-0.01045072,0.0,0.0,-0.98734283
27820000,2.541116e-05,1.251673,-0.0117168,0.0,0.0,-0.9853875
27836000,-0.0009800319,1.2016804,-0.01276134,0.0,0.0,-0.9778472
27860000,0.00037651346,1.1252165,-0.014239533,0.0,0.0,-0.97873265
27880000,-0.00041226778,1.0493746,-0.01518861,0.0,0.0,-0.97252506
27896000,-0.0030758863,0.98254323,-0.015948381,0.0,0.0,-0.9608463
27916000,-0.0006373381,0.88928616,-0.016915785,0.0,0.0,-0.95133436
27940000,0.00124369,0.7649435,-0.017934188,0.0,0.0,-0.9419023
27956000,-0.00028044413,0.6790139,-0.018540012,0.0,0.0,-0.9256455
27980000,-0.0001353458,0.5276544,-0.019486675,0.0,0.0,-0.91349703
28000000,-0.0027521346,0.4523331,-0.020473788,0.0,0.0,-0.91387707
28016000,0.00047509957,0.34983498,-0.021033429,0.0,0.0,-0.9126525
28040000,0.006482696,0.23122899,-0.021874731,0.0,0.0,-0.9181567
28056000,0.0064958576,0.17804925,-0.022514367,0.0,0.0,-0.9192089
28080000,0.0100359535,0.024987267,-0.02321408,0.0,0.0,-0.9256218
28096000,0.0110403625,-0.13120374,-0.023646498,0.0,0.0,-0.9261404
28116000,0.013755392,-0.32989153,-0.024107397,0.0,0.0,-0.92947096
28136000,0.011636121,-0.5304895,-0.024065105,0.0,0.0,-0.932854
28156000,0.014450023,-0.7304296,-0.023993969,0.0,0.0,-0.93082124
28176000,0.015052554,-0.9269092,-0.023944879,0.0,0.0,-0.93789047
28196000,0.018006776,-1.1198134,-0.023656437,0.0,0.0,-0.94829285
28216000,0.016827824,-1.300061,-0.023400936,0.0,0.0,-0.9619031
28236000,0.023167457,-1.4257444,-0.022789467,0.0,0.0,-0.9783825
28256000,0.021029973,-1.5417545,-0.022431219,0.0,0.0,-0.9975035
28280000,-0.0427172,-1.5862374,-0.025547015,0.0,0.0,-1.0
28300000,-0.04304569,-1.6361245,-0.025406677,0.0,0.0,-1.0
28316000,-0.041764718,-1.6679006,-0.02548784,0.0,0.0,-1.0
28340000,-0.038403507,-1.7027526,-0.02529394,0.0,0.0,-1.0
28356000,-0.035228312,-1.7172353,-0.025251076,0.0,0.0,-1.0
28376000,-0.030703861,-1.725872,-0.02512414,0.0,0.0,-1.0
28396000,-0.024680162,-1.7233967,-0.02535589,0.0,0.0,-1.0
28416000,-0.018420149,-1.7094007,-0.025360601,0.0,0.0,-1.0
28436000,-0.012612127,-1.6848357,-0.025228841,0.0,0.0,-1.0
28460000,-0.0069777826,-1.6421629,-0.025022605,0.0,0.0,-1.0
28476000,-0.0037859795,-1.6054615,-0.02488321,0.0,0.0,-1.0
28496000,-0.00015409922,-1.5511098,-0.024569852,0.0,0.0,-1.0
28516000,0.0027416865,-1.4866813,-0.024304004,0.0,0.0,-1.0
28536000,0.0050595454,-1.4132079,-0.023913898,0.0,0.0,-1.0
28560000,0.0062191864,-1.3139375,-0.023469377,0.0,0.0,-1.0
28576000,0.007647107,-1.2416753,-0.023035182,0.0,0.0,-1.0
28600000,0.00833417,-1.123957,-0.022503985,0.0,0.0,-1.0
28616000,0.008535205,-1.0393761,-0.021782529,0.0,0.0,-1.0
28640000,0.0071964893,-0.90554225,-0.021001494,0.0,0.0,-1.0
28656000,0.006020059,-0.8119838,-0.020289373,0.0,0.0,-1.0
28680000,0.003645157,-0.66676223,-0.019397454,0.0,0.0,-1.0
28700000,0.0010639002,-0.54186916,-0.018639978,0.0,0.0,-1.0
28720000,-0.00089188386,-0.4141398,-0.017789107,0.0,0.0,-1.0
28736000,-0.001952594,-0.31086645,-0.017025657,0.0,0.0,-1.0
28756000,-0.0036100105,-0.1805861,-0.016101722,0.0,0.0,-1.0
28776000,-0.004870071,-0.05010931,-0.015304706,0.0,0.0,-1.0
28800000,-0.006433557,0.10502184,-0.014607156,0.0,0.0,-1.0
28816000,-0.0080033615,0.20701909,-0.013997151,0.0,0.0,-1.0
28836000,-0.009145711,0.33223116,-0.013023686,0.0,0.0,-1.0
28856000,-0.010209303,0.45388973,-0.012291173,0.0,0.0,-1.0
28876000,-0.01091892,0.57188386,-0.011582274,0.0,0.0,-1.0
28896000,-0.011717228,0.6846926,-0.010870389,0.0,0.0,-1.0
28916000,-0.011543642,0.7927156,-0.010109985,0.0,0.0,-1.0
28940000,-0.011050448,0.91326606,-0.009106299,0.0,0.0,-1.0
28956000,-0.011141697,0.98791784,-0.008384643,0.0,0.0,-1.0
28976000,-0.011254132,1.0749534,-0.007458913,0.0,0.0,-1.0
29000000,-0.01064648,1.1697977,-0.0064020744,0.0,0.0,-1.0
29016000,-0.01022444,1.2261888,-0.005805574,0.0,0.0,-1.0
29036000,-0.0094087515,1.2895722,-0.0050179805,0.0,0.0,-1.0
29056000,-0.008569052,1.3443015,-0.004291936,0.0,0.0,-1.0
29076000,-0.007531329,1.3897465,-0.0034364362,0.0,0.0,-1.0
29096000,-0.0069038053,1.4263086,-0.0026455976,0.0,0.0,-1.0
29116000,-0.0059650377,1.4532535,-0.0016862876,0.0,0.0,-1.0
29140000,-0.0048437864,1.4733754,-0.0007124174,0.0,0.0,-1.0
29160000,-0.00439527,1.4799055,0.00018611878,0.0,0.0,-1.0
29176000,-0.0036055115,1.4785848,0.0008534293,0.0,0.0,-1.0
29196000,-0.0029350016,1.468783,0.0014525071,0.0,0.0,-1.0
29216000,-0.002565416,1.449796,0.0020889614,0.0,0.0,-1.0
29236000,-0.0022934068,1.421788,0.0025891163,0.0,0.0,-1.0
29256000,-0.0020896671,1.3849612,0.002990868,0.0,0.0,-1.0
29276000,-0.0014764203,1.3395549,0.00367452,0.0,0.0,-1.0
29296000,-0.0005559917,1.2858709,0.004322287,0.0,0.0,-1.0
29320000,-0.00027580038,1.210359,0.0049039745,0.0,0.0,-1.0
29336000,7.454951e-05,1.1541983,0.0053783217,0.0,0.0,-1.0
29356000,0.00021624644,1.0787022,0.005731118,0.0,0.0,-1.0
29376000,0.0002855253,0.9967429,0.0060264524,0.0,0.0,-1.0
29396000,-0.0009882041,0.8858781,0.006077128,0.0,0.0,-1.0
29416000,-0.055416767,0.40438497,-0.0008490626,0.0,0.0,-1.0
29440000,-0.0667869,-0.0770367,-0.005596471,0.0,0.0,-1.0
29456000,-0.038072627,-0.06867579,-0.005530492,0.0,0.0,-1.0
29476000,-0.018669046,-0.027721852,-0.005964024,0.0,0.0,-1.0
29500000,0.006294046,-0.026539683,-0.005492299,0.0,0.0,-1.0
29516000,0.019229531,-0.014992775,-0.005548007,0.0,0.0,-1.0
29540000,0.030537307,-0.013965137,-0.0052869683,0.0,0.0,-1.0
29560000,0.034422908,-0.010109967,-0.0051513645,0.0,0.0,-1.0
29580000,0.035836697,-0.0120967515,-0.0049852775,0.0,0.0,-1.0
29596000,0.034481008,-0.014316575,-0.0045175245,0.0,0.0,-1.0
29616000,0.031992733,-0.018844407,-0.0042899502,0.0,0.0,-1.0
29640000,0.035029024,-1.471373,0.37176207,0.0,0.0,-1.0
29656000,0.026816647,-1.1346414,0.011801784,0.0,0.0,-0.98027545
29676000,0.021504177,-0.5667293,0.012582,0.0,0.0,-0.9654598
29696000,0.021847486,-0.23551881,0.012774894,0.0,0.0,-0.9550204
29716000,0.023292018,-0.0521592,0.012512275,0.0,0.0,-0.9419184
29736000,0.02320821,0.048877664,0.012203004,0.0,0.0,-0.92782164
29760000,0.020794302,0.10152219,0.0114602875,0.0,0.0,-0.91382974
29780000,0.018244965,0.11236311,0.010962455,0.0,0.0,-0.90131134
29800000,0.015436531,0.10332847,0.01055013,0.0,0.0,-0.8902405
29820000,0.012509688,0.0818851,0.00999308,0.0,0.0,-0.88054454
29836000,0.010735188,0.048133474,0.009689544,0.0,0.0,-0.8717183
29856000,0.0043725707,0.005892079,0.009292677,0.0,0.0,-0.86416185
29876000,-0.0006223488,-0.045002118,0.008789821,0.0,0.0,-0.85804456
29900000,-0.0024705247,-0.11047405,0.008195766,0.0,0.0,-0.8591375
29920000,-0.0040741907,-0.17361282,0.0077751,0.0,0.0,-0.86131585
29936000,-0.010648783,-0.24361145,0.0074335947,0.0,0.0,-0.8639062
29956000,-0.0079640085,-0.3226651,0.0067644315,0.0,0.0,-0.86662084
29976000,-0.00864679,-0.39856642,0.0062886276,0.0,0.0,-0.8688836
30000000,-0.013215198,-0.48375508,0.0054828804,0.0,0.0,-0.8711785
30016000,0.0023002985,-0.4577248,0.005237286,0.0,0.0,-0.8709141
30036000,0.011301499,-0.45976394,0.0047743055,0.0,0.0,-0.87100273
30056000,0.016670933,-0.4767224,0.0043883612,0.0,0.0,-0.8713385
30080000,0.02293025,-0.5065057,0.0038410698,0.0,0.0,-0.8716948
30096000,0.026105361,-0.5354301,0.0034794237,0.0,0.0,-0.8721436
30120000,0.02699974,-0.5688638,0.0026624212,0.0,0.0,-0.8728672
30140000,0.02562261,-0.6104932,0.00198948,0.0,0.0,-0.873673
30160000,0.022732418,-0.6490493,0.0014418524,0.0,0.0,-0.87454253
30180000,0.022738531,-0.6861218,0.0010128258,0.0,0.0,-0.8757165
30200000,0.02006767,-0.72531146,0.0003060261,0.0,0.0,-0.87672055
30220000,0.026327504,-0.7042787,-0.00027170463,0.0,0.0,-0.8763996
30240000,0.027697865,-0.6992738,-0.0007295256,0.0,0.0,-0.87696034
30260000,0.029565755,-0.699768,-0.0011768582,0.0,0.0,-0.8775943
30276000,0.03797833,-0.7119688,-0.0014109593,0.0,0.0,-0.87843996
30300000,0.03517619,-0.7103009,-0.0020509558,0.0,0.0,-0.87970406
30320000,0.03199073,-0.7175942,-0.002349569,0.0,0.0,-0.8812754
30336000,0.0263832,-0.7266087,-0.0028593333,0.0,0.0,-0.88264483
30356000,0.025619669,-0.7296262,-0.0036206613,0.0,0.0,-0.88419914
30376000,0.02404464,-0.7320176,-0.0041704625,0.0,0.0,-0.88627434
30396000,0.01664343,-0.7354689,-0.0047296067,0.0,0.0,-0.8884918
30416000,0.009561328,-0.7362697,-0.0054271524,0.0,0.0,-0.89092135
30440000,0.006552918,-0.72331333,-0.0059944754,0.0,0.0,-0.89293987
30460000,0.00022453707,-0.71038234,-0.006580514,0.0,0.0,-0.89465135
30476000,-0.0022728278,-0.65115225,-0.007187523,0.0,0.0,-0.8949806
30500000,-0.003537647,-0.5624563,-0.0083246175,0.0,0.0,-0.8953832
30516000,-0.0014399748,-0.49227393,-0.008945847,0.0,0.0,-0.8959504
30540000,-0.0052791173,-0.39267012,-0.01038235,0.0,0.0,-0.89661807
30560000,-0.0067396085,-0.3061102,-0.011187955,0.0,0.0,-0.8973087
30580000,-0.011458097,-0.2146812,-0.011891305,0.0,0.0,-0.8976042
30596000,-0.009109094,-0.13179699,-0.012644179,0.0,0.0,-0.89846694
30620000,-0.0023969286,0.008295514,-0.013533077,0.0,0.0,-0.8979621
30640000,-0.0011826082,0.12777075,-0.0143103665,0.0,0.0,-0.8943705
30656000,0.0014378263,0.233163,-0.014945084,0.0,0.0,-0.8912279
30680000,0.001370318,0.3539794,-0.0160494,0.0,0.0,-0.888025
30696000,0.002431841,0.4483667,-0.016840119,0.0,0.0,-0.8855705
30720000,0.0069424994,0.5659217,-0.0176108,0.0,0.0,-0.88335025
30736000,0.0074708215,0.6556271,-0.018280193,0.0,0.0,-0.88192374
30756000,0.009470333,0.7515899,-0.019232636,0.0,0.0,-0.8809357
30780000,0.052047674,0.2421479,-0.01710455,0.0,0.0,-0.85018414
30800000,0.18496235,-0.38274434,-0.011823722,0.0,0.0,-0.75303566
30816000,0.18031709,-0.13003497,-0.013672896,0.0,0.0,-0.7562469
30836000,0.14388914,-0.004577754,-0.012969526,0.0,0.0,-0.75535214
30856000,0.13851589,0.043468013,-0.012159813,0.0,0.0,-0.7625568
30880000,0.119625635,0.027240422,-0.010772783,0.0,0.0,-0.77326286
30896000,0.09647677,-0.22258422,-0.0099718915,0.0,0.0,-0.7636285
30916000,0.09366876,-0.34268892,-0.010641571,0.0,0.0,-0.7425052
30936000,0.11335454,-0.40556806,-0.0116142575,0.0,0.0,-0.7660074
30956000,0.11067338,-0.008312768,-0.014077653,0.0,0.0,-0.7198286
30976000,0.12288247,0.26026055,-0.016048616,0.0,0.0,-0.50709057
30996000,0.09318917,0.18054971,-0.016183915,0.0,0.0,-0.49987814
31016000,0.09090079,0.11359546,-0.016633462,0.0,0.0,-0.5440162
31040000,0.07358372,0.1525518,-0.017966958,0.0,0.0,-0.57095635
31060000,0.062055662,0.16732682,-0.018748812,0.0,0.0,-0.61521924
31080000,0.05810341,-0.05933072,-0.017843224,0.0,0.0,-0.631568
31096000,0.08169177,0.10281401,-0.019182632,0.0,0.0,-0.6043502
31116000,0.18417138,0.31696457,-0.021032443,0.0,0.0,-0.5364765
31136000,0.21884993,0.34351847,-0.022771064,0.0,0.0,-0.53496283
31160000,0.15040626,0.3058053,-0.023423428,0.0,0.0,-0.57072926
31176000,0.088493876,0.3855502,-0.02341515,0.0,0.0,-0.56159663
31200000,0.077525035,0.53333575,-0.023750395,0.0,0.0,-0.5266467
31216000,0.12778719,0.6029021,-0.02551981,0.0,0.0,-0.52264553
31236000,0.14989316,0.6041527,-0.027057424,0.0,0.0,-0.54241174
31256000,0.14434549,0.64905304,-0.02741661,0.0,0.0,-0.5411526
31276000,0.12966755,0.74804085,-0.028124392,0.0,0.0,-0.5225296
31300000,0.1373925,0.82333577,-0.028912093,0.0,0.0,-0.5156681
31316000,0.19595982,0.85742766,-0.031150993,0.0,0.0,-0.5232142
31336000,0.19077107,0.91762716,-0.03191347,0.0,0.0,-0.5236622
31356000,0.19337949,1.0066226,-0.0333573,0.0,0.0,-0.51347256
31380000,0.19917804,1.0841808,-0.03457246,0.0,0.0,-0.50614405
31400000,0.20818232,1.155934,-0.035983425,0.0,0.0,-0.5074909
31416000,0.20839424,1.2017823,-0.036899038,0.0,0.0,-0.50806475
31440000,0.2092882,1.2187066,-0.037878126,0.0,0.0,-0.50158304
31456000,0.2109074,1.2099525,-0.038376,0.0,0.0,-0.4943975
31480000,0.0014302469,0.26343456,-0.00029382255,0.0,0.0,-0.12
31500000,0.0030519876,0.26025358,-0.0002785465,0.0,0.0,-0.12
31520000,0.0033670045,0.25403762,-0.00019159044,0.0,0.0,-0.12
31540000,0.003633911,0.25268048,-0.00021615534,0.0,0.0,-0.12
31560000,0.0038104372,0.25545952,-0.00018255095,0.0,0.0,-0.12
31576000,0.004371174,0.256189,-1.5267178e-05,0.0,0.0,-0.12
31600000,0.0042719156,0.25407577,6.3351465e-05,0.0,0.0,-0.12
31616000,0.004592114,0.2527035,-9.837668e-05,0.0,0.0,-0.12
31640000,0.0042222855,0.2536274,-0.00036095094,0.0,0.0,-0.12
31656000,0.004519828,0.25457436,-0.00017066738,0.0,0.0,-0.12
31676000,0.0040053753,0.25496626,-0.0001126342,0.0,0.0,-0.12
31700000,0.00420907,0.2535577,-0.00015060691,0.0,0.0,-0.12
31716000,0.004202702,0.25373948,-5.3281372e-05,0.0,0.0,-0.12
31736000,0.004787046,0.25499305,-3.512607e-05,0.0,0.0,-0.12
31760000,0.004846779,0.2557805,-0.00021532185,0.0,0.0,-0.12
31776000,0.004489052,0.2557726,-5.8079146e-05,0.0,0.0,-0.12
31796000,0.0043288656,0.25521883,-8.284663e-05,0.0,0.0,-0.12
31816000,0.0042355373,0.25490212,-4.8263784e-05,0.0,0.0,-0.12
31840000,0.0044215964,0.2539435,-0.00019479639,0.0,0.0,-0.12
31860000,0.003930332,0.25279662,-0.00025473817,0.0,0.0,-0.12
31876000,0.0038625349,0.2522825,-0.0001342665,0.0,0.0,-0.12
31900000,0.003710258,0.25040725,-0.00038424975,0.0,0.0,-0.12
31920000,0.0042011337,0.24880105,-0.00019934843,0.0,0.0,-0.12
31936000,0.004254623,0.24786161,-8.3240884e-05,0.0,0.0,-0.12
31956000,0.0040567187,0.24750942,-1.9048433e-05,0.0,0.0,-0.12
31980000,0.003639185,0.24581455,-0.00026351798,0.0,0.0,-0.12
31996000,0.003626033,0.24577235,-9.953116e-05,0.0,0.0,-0.12
32016000,0.002781,0.24420251,-0.00016101175,0.0,0.0,-0.12
32040000,0.00305451,0.24335144,-0.00021744968,0.0,0.0,-0.12
32060000,0.0035881556,0.2433439,-0.00032462226,0.0,0.0,-0.12
32080000,0.0036307075,0.242856,-7.857655e-05,0.0,0.0,-0.12
32096000,0.003402926,0.24240367,-9.442214e-05,0.0,0.0,-0.12
32116000,0.003472372,0.24208257,-9.18041e-05,0.0,0.0,-0.12
32136000,0.003768149,0.24277903,-0.00011147921,0.0,0.0,-0.12
32156000,0.0038497834,0.24306104,-0.0001485488,0.0,0.0,-0.12
32180000,0.0032142499,0.24413165,-3.8684484e-05,0.0,0.0,-0.001
32196000,0.0034008278,0.24342914,-6.165678e-05,0.0,0.0,-0.001
32220000,0.003454634,0.2411242,-0.00027162774,0.0,0.0,-0.001
32236000,0.0032281082,0.23972294,-0.00014422291,0.0,0.0,-0.001
32256000,0.0036534255,0.23855591,-6.104071e-05,0.0,0.0,-0.001
32276000,0.00320677,0.23707327,-5.8585745e-05,0.0,0.0,-0.001
32296000,0.003144689,0.23509794,-4.65931e-05,0.0,0.0,-0.001
32316000,0.0029010638,0.23322101,-5.9792386e-05,0.0,0.0,-0.001
32336000,0.0027771872,0.23201738,1.8541878e-05,0.0,0.0,-0.001
32356000,0.0032818466,0.23154874,2.3417282e-05,0.0,0.0,-0.001
32376000,0.003088604,0.23018587,-8.57995e-05,0.0,0.0,-0.001
32396000,0.003194236,0.22879702,-8.1280436e-05,0.0,0.0,-0.001
32416000,0.0032974123,0.22802405,-4.5536985e-05,0.0,0.0,-0.001
32436000,0.0036499186,0.22779287,-4.9368064e-05,0.0,0.0,-0.001
32460000,0.0034959496,0.22694223,-9.4667375e-05,0.0,0.0,-0.001
32476000,0.0037584435,0.22650358,-2.0925674e-05,0.0,0.0,-0.001
32496000,0.0037832297,0.22652678,-2.6059779e-05,0.0,0.0,-0.001
32516000,0.003908402,0.22691162,5.3073847e-05,0.0,0.0,-0.001
32540000,0.0042337514,0.22765797,-0.00017396991,0.0,0.0,-0.001
32556000,0.004347238,0.22787264,-0.00010041641,0.0,0.0,-0.001
32580000,0.004913413,0.22811118,-0.00028784128,0.0,0.0,-0.001
