timestamp,timestamp_sample,hover_thrust,hover_thrust_var,accel_innov,accel_innov_var,accel_innov_test_ratio,accel_noise_var,valid
38600000,38600000,0.9,0.000384546,-1.0805619,4.2411094,0.030589849,4.1682925,0
38612000,38612000,0.9,0.00037941796,-1.009963,4.2246494,0.026827352,4.144549,0
38700000,38700000,0.9,0.0003378659,-1.0410504,4.041481,0.029796174,3.9761403,0
38800000,38800000,0.9,0.0002997281,-1.1295308,3.852209,0.036799658,3.7934194,0
38900000,38900000,0.9,0.00026801077,-1.0648605,3.669726,0.034332804,3.6160913,0
39000000,39000000,0.9,0.00024123133,-1.0325177,3.4956515,0.033886317,3.4465222,0
39100000,39100000,0.9,0.00021833922,-1.1185989,3.3293693,0.041758448,3.2844088,0
39200000,39200000,0.9,0.00019856758,-1.0623424,3.1709733,0.039545216,3.129389,0
39300000,39300000,0.9,0.00018133524,-1.1520977,3.0201714,0.048832003,2.981856,0
39400000,39400000,0.9,0.00016619655,-1.0779402,2.8755283,0.044898227,2.8398416,0
39500000,39500000,0.9,0.00015280335,-1.134112,2.7378557,0.052198596,2.7047496,0
39600000,39600000,0.9,0.00014088374,-1.1364869,2.6063995,0.05506116,2.5755463,0
39700000,39700000,0.9,0.00013021797,-1.089794,2.481505,0.053177904,2.4526248,0
39800000,39800000,0.9,0.000120628254,-1.0358658,2.3619926,0.05047612,2.3349361,0
39900000,39900000,0.9,0.00011196855,-1.1119156,2.2482107,0.06110322,2.2229438,0
40000000,40000000,0.9,0.000104118946,-0.97954965,2.1403105,0.04981196,2.1165333,0
40100000,40100000,0.9,9.697899e-05,-1.083761,2.0372722,0.06405831,2.0149896,0
40200000,40200000,0.9,9.046345e-05,-1.0789218,1.9389834,0.066705756,1.9180394,1
40300000,40300000,0.9,8.4500185e-05,-1.0909517,1.8453062,0.07166384,1.8256135,1
40400000,40400000,0.9,7.902795e-05,-1.0706367,1.756081,0.07252659,1.7375314,1
40500000,40500000,0.9,7.399423e-05,-1.0753939,1.6711609,0.0768908,1.6536881,1
40600000,40600000,0.9,6.935375e-05,-1.0610172,1.5903528,0.07865183,1.5738741,1
40700000,40700000,0.9,6.50671e-05,-1.0214703,1.5133854,0.07660541,1.4978338,1
40800000,40800000,0.9,6.110013e-05,-1.0694717,1.4402912,0.088236,1.4256208,1
40900000,40900000,0.9,5.742267e-05,-1.0036141,1.3706478,0.08165168,1.356787,1
41000000,41000000,0.9,5.4008087e-05,-1.047905,1.3043804,0.09353992,1.2912832,1
41100000,41100000,0.9,5.0833005e-05,-1.056272,1.2413106,0.09986852,1.2289305,1
41200000,41200000,0.9,4.7876547e-05,-1.0875374,1.1813153,0.11124489,1.1696154,1
41300000,41300000,0.9,4.5120105e-05,-0.9690211,1.1242406,0.09280356,1.1131811,1
41400000,41400000,0.9,4.2547206e-05,-1.0420387,1.0699161,0.1127653,1.05943,1
41500000,41500000,0.9,4.0142826e-05,-1.0288669,1.0181677,0.11551983,1.0082407,1
41600000,41600000,0.9,3.792689e-05,-1.1221696,1.0055903,0.13914044,1.0,1
41700000,41700000,0.9,3.594215e-05,-1.1245445,1.0052962,0.13977088,1.0,1
41800000,41800000,0.9,3.415608e-05,-1.0371753,1.0050317,0.118927434,1.0,1
41900000,41900000,0.9,3.254033e-05,-1.125744,1.0047926,0.14013943,1.0,1
42000000,42000000,0.9,3.1071693e-05,-1.0875728,1.0045753,0.13082528,1.0,1
42100000,42100000,0.9,2.9731016e-05,-1.0959455,1.004377,0.13287358,1.0,1
42200000,42200000,0.9,2.8502316e-05,-1.0983651,1.0041953,0.13348508,1.0,1
42300000,42300000,0.9,2.7372163e-05,-1.1498438,1.0040283,0.14631513,1.0,1
42400000,42400000,0.9,2.6329204e-05,-1.0542203,1.0038743,0.12301014,1.0,1
42500000,42500000,0.9,2.5363755e-05,-1.061399,1.0037316,0.12470884,1.0,1
42600000,42600000,0.9,2.446752e-05,-1.060164,1.0035993,0.124435194,1.0,1
42700000,42700000,0.9,2.3633344e-05,-1.0110778,1.0034761,0.11319299,1.0,1
42800000,42800000,0.9,2.2855033e-05,-1.07481,1.0033613,0.12792738,1.0,1
42900000,42900000,0.9,2.212718e-05,-1.1418447,1.0032539,0.14439785,1.0,1
43000000,43000000,0.9,2.144506e-05,-1.0951687,1.0031533,0.13284715,1.0,1
43100000,43100000,0.9,2.0804515e-05,-1.0364991,1.0030588,0.11900604,1.0,1
43200000,43200000,0.9,2.0201884e-05,-1.0833213,1.00297,0.13001221,1.0,1
43300000,43300000,0.9,1.963392e-05,-1.1383765,1.0028862,0.14357461,1.0,1
43400000,43400000,0.9,1.9097733e-05,-1.0366518,1.0028071,0.11907098,1.0,1
43500000,43500000,0.9,1.859075e-05,-1.1084718,1.0027325,0.13615125,1.0,1
43600000,43600000,0.9,1.8110668e-05,-1.0789516,1.0026617,0.12900513,1.0,1
43700000,43700000,0.9,1.7655411e-05,-1.0968572,1.0025946,0.13333136,1.0,1
43800000,43800000,0.9,1.7223127e-05,-1.1076661,1.0025309,0.13598076,1.0,1
43900000,43900000,0.9,1.6812131e-05,-1.0705259,1.0024704,0.1270224,1.0,1
44000000,44000000,0.9,1.6420907e-05,-1.0806885,1.0024128,0.12945294,1.0,1
44100000,44100000,0.9,1.6048074e-05,-1.0854923,1.0023578,0.13061354,1.0,1
44200000,44200000,0.9,1.569238e-05,-1.0495842,1.0023055,0.12212143,1.0,1
44300000,44300000,0.9,1.5352682e-05,-1.0519991,1.0022554,0.12269018,1.0,1
44400000,44400000,0.9,1.5027935e-05,-1.0798168,1.0022076,0.12927066,1.0,1
44500000,44500000,0.9,1.47171895e-05,-1.0546842,1.0021619,0.12332879,1.0,1
44600000,44600000,0.9,1.4419568e-05,-1.1409023,1.0021181,0.14432298,1.0,1
44700000,44700000,0.9,1.4134267e-05,-1.1061983,1.002076,0.13568217,1.0,1
44800000,44800000,0.9,1.3860548e-05,-1.0810666,1.0020359,0.12959227,1.0,1
44900000,44900000,0.9,1.3597732e-05,-1.0703229,1.0019971,0.12703419,1.0,1
45000000,45000000,0.9,1.3345187e-05,-1.1708498,1.0019599,0.15202308,1.0,1
45100000,45100000,0.9,1.3102333e-05,-1.065535,1.0019243,0.12590936,1.0,1
45200000,45200000,0.9,1.28686315e-05,-1.1422424,1.0018898,0.1446952,1.0,1
45300000,45300000,0.9,1.2643585e-05,-1.0740203,1.0018567,0.12793131,1.0,1
45400000,45400000,0.9,1.2426729e-05,-1.1195014,1.0018249,0.13900003,1.0,1
45500000,45500000,0.9,1.2217632e-05,-1.0836259,1.0017941,0.13023803,1.0,1
45600000,45600000,0.9,1.2015893e-05,-1.0274308,1.0017644,0.11708386,1.0,1
45700000,45700000,0.9,1.18211365e-05,-1.0154326,1.0017357,0.114368536,1.0,1
45800000,45800000,0.9,1.1633017e-05,-1.0956475,1.001708,0.13315517,1.0,1
45900000,45900000,0.9,1.1451204e-05,-1.1040657,1.0016813,0.13521278,1.0,1
46000000,46000000,0.9,1.1275396e-05,-1.1475426,1.0016555,0.1460753,1.0,1
46100000,46100000,0.9,1.1105302e-05,-1.1260337,1.0016304,0.1406542,1.0,1
46200000,46200000,0.9,1.0940661e-05,-1.0889056,1.0016062,0.13153487,1.0,1
46300000,46300000,0.9,1.0781217e-05,-1.074552,1.0015827,0.12809305,1.0,1
46400000,46400000,0.9,1.0626733e-05,-1.0720692,1.0015601,0.12750466,1.0,1
46500000,46500000,0.9,1.0476989e-05,-1.1534472,1.001538,0.14759968,1.0,1
46600000,46600000,0.9,1.0331774e-05,-1.0792636,1.0015167,0.12922733,1.0,1
46700000,46700000,0.9,1.0190893e-05,-1.105593,1.001496,0.13561222,1.0,1
46800000,46800000,0.9,1.0054159e-05,-1.1273776,1.0014759,0.14101191,1.0,1
46900000,46900000,0.9,9.921398e-06,-1.122598,1.0014564,0.13982151,1.0,1
47000000,47000000,0.9,9.792443e-06,-1.1249645,1.0014374,0.1404143,1.0,1
47100000,47100000,0.9,9.667137e-06,-1.0663173,1.0014191,0.12615794,1.0,1
47200000,47200000,0.9,9.545332e-06,-1.0532248,1.0014011,0.12308117,1.0,1
47300000,47300000,0.9,9.426891e-06,-1.0879062,1.0013837,0.13132274,1.0,1
47400000,47400000,0.9,9.311678e-06,-1.0304446,1.0013667,0.11781854,1.0,1
47500000,47500000,0.9,9.199566e-06,-1.0603652,1.0013503,0.12476202,1.0,1
47600000,47600000,0.9,9.090439e-06,-1.0472652,1.0013342,0.12170033,1.0,1
47700000,47700000,0.9,8.9841815e-06,-1.1071092,1.0013186,0.13600852,1.0,1
47800000,47800000,0.9,8.880687e-06,-1.0580108,1.0013034,0.12421442,1.0,1
47900000,47900000,0.9,8.779854e-06,-1.0723997,1.0012887,0.12761791,1.0,1
48000000,48000000,0.9,8.681583e-06,-1.0700305,1.0012741,0.12705646,1.0,1
48100000,48100000,0.9,8.585781e-06,-1.0832068,1.00126,0.1302067,1.0,1
48200000,48200000,0.9,8.49236e-06,-1.0975761,1.0012463,0.13368598,1.0,1
48300000,48300000,0.9,8.401239e-06,-1.0796287,1.001233,0.12935142,1.0,1
48400000,48400000,0.9,8.312333e-06,-0.9947163,1.0012199,0.109806105,1.0,1
48500000,48500000,0.9,8.225569e-06,-1.0881046,1.0012071,0.13139379,1.0,1
48600000,48600000,0.9,8.1408725e-06,-1.1144359,1.0011947,0.1378317,1.0,1
48700000,48700000,0.9,8.058173e-06,-1.170711,1.0011826,0.15210505,1.0,1
48800000,48800000,0.9,7.9774045e-06,-1.1373111,1.0011706,0.14355157,1.0,1
48900000,48900000,0.9,7.898502e-06,-1.0498999,1.0011591,0.12233487,1.0,1
49000000,49000000,0.9,7.821407e-06,-1.0702317,1.0011477,0.1271203,1.0,1
49100000,49100000,0.9,7.74606e-06,-1.0798037,1.0011367,0.1294058,1.0,1
49200000,49200000,0.9,7.6724045e-06,-1.1287234,1.0011259,0.14139818,1.0,1
49300000,49300000,0.9,7.6003867e-06,-1.0604947,1.0011153,0.12482177,1.0,1
49400000,49400000,0.9,7.5299563e-06,-1.1311643,1.001105,0.14201337,1.0,1
49500000,49500000,0.9,7.461065e-06,-1.1228085,1.0010948,0.13992445,1.0,1
49600000,49600000,0.9,7.393665e-06,-1.1324487,1.0010849,0.1423389,1.0,1
49700000,49700000,0.9,7.327709e-06,-1.1480063,1.0010753,0.1462781,1.0,1
49800000,49800000,0.9,7.2631565e-06,-1.0091565,1.0010657,0.113034725,1.0,1
49900000,49900000,0.9,7.199963e-06,-1.0486426,1.0010564,0.12205454,1.0,1
50000000,50000000,0.9,7.13809e-06,-1.0150359,1.0010474,0.114357755,1.0,1
50100000,50100000,0.9,7.0774977e-06,-1.0688877,1.0010384,0.12681508,1.0,1
50200000,50200000,0.9,7.01815e-06,-1.0880497,1.0010297,0.1314038,1.0,1
50300000,50300000,0.9,6.9600123e-06,-1.091611,1.0010213,0.13226655,1.0,1
50400000,50400000,0.9,6.9030475e-06,-1.1070198,1.0010129,0.13602808,1.0,1
50500000,50500000,0.9,6.8472236e-06,-1.0639051,1.0010047,0.12563978,1.0,1
50600000,50600000,0.9,6.7925107e-06,-1.0806801,1.0009966,0.1296341,1.0,1
50700000,50700000,0.9,6.7388773e-06,-1.1237743,1.0009887,0.14018014,1.0,1
50800000,50800000,0.9,6.686293e-06,-1.1105877,1.000981,0.1369107,1.0,1
50900000,50900000,0.9,6.6347293e-06,-0.9908745,1.0009735,0.108986385,1.0,1
51000000,51000000,0.9,6.584159e-06,-1.0914378,1.0009661,0.13223186,1.0,1
51100000,51100000,0.9,6.5345553e-06,-1.1081774,1.0009588,0.1363201,1.0,1
51200000,51200000,0.9,6.4858923e-06,-1.1284318,1.0009516,0.14134975,1.0,1
51300000,51300000,0.9,6.4381466e-06,-1.0482264,1.0009446,0.12197129,1.0,1
51400000,51400000,0.9,6.3913812e-06,-1.5214592,1.0009377,0.25696328,1.0,1
51500000,51500000,0.9,6.345397e-06,-1.2282724,1.000931,0.16747221,1.0,1
51600000,51600000,0.9,6.300259e-06,-1.085794,1.0009243,0.13087331,1.0,1
51700000,51700000,0.9,6.2559475e-06,-1.0949396,1.0009178,0.13308816,1.0,1
51800000,51800000,0.9,6.21245e-06,-1.0817565,1.0009103,0.12990364,1.0,1
51900000,51900000,0.9,6.169783e-06,-1.4579272,1.0009052,0.23595883,1.0,1
52000000,52000000,0.9,6.1278274e-06,-1.1241161,1.0008991,0.14027798,1.0,1
52100000,52100000,0.9,6.086619e-06,-1.0731514,1.000893,0.12784737,1.0,1
52200000,52200000,0.9,6.04614e-06,-1.019319,1.000887,0.11534339,1.0,1
52300000,52300000,0.9,6.006406e-06,-1.2099609,1.0008789,0.16252442,1.0,1
52400000,52400000,0.9,5.967348e-06,-1.3054622,1.0008755,0.18919344,1.0,1
52500000,52500000,0.9,5.9289505e-06,-1.1118394,1.0008699,0.13723472,1.0,1
52600000,52600000,0.9,5.891214e-06,-1.051662,1.0008643,0.12278199,1.0,1
52700000,52700000,0.9,5.854125e-06,-1.042047,1.0008588,0.120547816,1.0,1
52800000,52800000,0.9,5.817667e-06,-1.025111,1.0008534,0.11666183,1.0,1
52900000,52900000,0.9,5.7818256e-06,-1.0515381,1.0008482,0.12275505,1.0,1
53000000,53000000,0.9,5.7465877e-06,-1.002462,1.000843,0.11156485,1.0,1
53100000,53100000,0.9,5.711938e-06,-1.1377274,1.0008379,0.14370443,1.0,1
53200000,53200000,0.9,5.6778763e-06,-1.1293576,1.0008329,0.14159857,1.0,1
53300000,53300000,0.9,5.6443637e-06,-1.0396442,1.000828,0.11999621,1.0,1
53400000,53400000,0.9,5.611402e-06,-1.0310583,1.0008231,0.11802299,1.0,1
53500000,53500000,0.9,5.5789783e-06,-1.0227951,1.0008183,0.11613939,1.0,1
53600000,53600000,0.9,5.5470964e-06,-1.2626587,1.0008137,0.17700121,1.0,1
53700000,53700000,0.9,5.515713e-06,-1.1186287,1.0008092,0.13892429,1.0,1
53800000,53800000,0.9,5.4848333e-06,-1.0573375,1.0008047,0.12411819,1.0,1
53900000,53900000,0.9,5.4544457e-06,-1.0787979,1.0008001,0.12920828,1.0,1
54000000,54000000,0.9,5.4245406e-06,-1.1420627,1.0007957,0.14480779,1.0,1
54100000,54100000,0.9,5.3951067e-06,-1.0582502,1.0007914,0.1243342,1.0,1
54200000,54200000,0.9,5.3661506e-06,-1.3250145,1.0007871,0.19492029,1.0,1
54300000,54300000,0.9,5.3376316e-06,-1.1134403,1.000783,0.13764215,1.0,1
54400000,54400000,0.9,5.309555e-06,-1.0269084,1.0007789,0.11708001,1.0,1
54500000,54500000,0.9,5.281912e-06,-1.0220729,1.0007749,0.115980476,1.0,1
54600000,54600000,0.9,5.254693e-06,-1.1066612,1.0007708,0.13597286,1.0,1
54700000,54700000,0.9,5.22789e-06,-1.056381,1.0007669,0.12389841,1.0,1
54800000,54800000,0.9,5.2015125e-06,-1.2313067,1.000763,0.16832891,1.0,1
54900000,54900000,0.9,5.175517e-06,-1.1478015,1.0007592,0.1462721,1.0,1
55000000,55000000,0.9,5.1499137e-06,-1.0106503,1.0007554,0.11340478,1.0,1
55100000,55100000,0.9,5.124693e-06,-1.1159326,1.0007517,0.13826334,1.0,1
55200000,55200000,0.9,5.099849e-06,-1.1039623,1.000748,0.13531353,1.0,1
55300000,55300000,0.9,5.0753924e-06,-1.2465807,1.0007439,0.17253427,1.0,1
55400000,55400000,0.9,5.051279e-06,-1.1720345,1.000741,0.15251641,1.0,1
55500000,55500000,0.9,5.02752e-06,-1.0897596,1.0007374,0.13185565,1.0,1
55600000,55600000,0.9,5.004109e-06,-1.0511423,1.0007341,0.12267663,1.0,1
55700000,55700000,0.9,4.981038e-06,-0.9839539,1.0007306,0.10749538,1.0,1
55800000,55800000,0.9,4.9583023e-06,-1.0852529,1.0007273,0.13076864,1.0,1
55900000,55900000,0.9,4.9358946e-06,-1.0745091,1.0007241,0.12819272,1.0,1
56000000,56000000,0.9,4.913809e-06,-1.0972381,1.0007207,0.1336738,1.0,1
56100000,56100000,0.9,4.89204e-06,-1.0816478,1.0007176,0.12990254,1.0,1
56200000,56200000,0.9,4.870582e-06,-1.0991063,1.0007144,0.13413024,1.0,1
56300000,56300000,0.9,4.849458e-06,-1.1408273,1.0007113,0.14450687,1.0,1
56400000,56400000,0.9,4.828601e-06,-1.2320144,1.0007082,0.1685317,1.0,1
56500000,56500000,0.9,4.808037e-06,-1.1152797,1.0007052,0.13810802,1.0,1
56600000,56600000,0.9,4.7877606e-06,-1.0689063,1.0007023,0.12686211,1.0,1
56700000,56700000,0.9,4.767767e-06,-1.0639591,1.0006994,0.12569088,1.0,1
56800000,56800000,0.9,4.748051e-06,-1.0124924,1.0006964,0.11382528,1.0,1
56900000,56900000,0.9,4.728607e-06,-1.0411865,1.0006936,0.12036866,1.0,1
57000000,57000000,0.9,4.7094313e-06,-1.0345266,1.0006908,0.118834056,1.0,1
57100000,57100000,0.9,4.690528e-06,-1.1254507,1.0006872,0.14064105,1.0,1
57200000,57200000,0.9,4.6718806e-06,-1.2926873,1.0006852,0.18554403,1.0,1
57300000,57300000,0.9,4.653479e-06,-1.0970565,1.0006826,0.13363466,1.0,1
57400000,57400000,0.9,4.635328e-06,-1.0270098,1.0006799,0.11711474,1.0,1
57500000,57500000,0.9,4.617421e-06,-1.0651392,1.0006772,0.12597263,1.0,1
57600000,57600000,0.9,4.5997554e-06,-1.0316209,1.0006747,0.11816934,1.0,1
57700000,57700000,0.9,4.5823285e-06,-1.0247084,1.0006717,0.11659138,1.0,1
57800000,57800000,0.9,4.5651436e-06,-1.2761526,1.0006696,0.18083063,1.0,1
57900000,57900000,0.9,4.5481756e-06,-1.0695434,1.0006671,0.12701783,1.0,1
58000000,58000000,0.9,4.5314323e-06,-1.0344614,1.0006647,0.118822165,1.0,1
58100000,58100000,0.9,4.51491e-06,-1.0811746,1.0006622,0.12979612,1.0,1
58200000,58200000,0.9,4.498608e-06,-1.1578782,1.0006595,0.14886646,1.0,1
58300000,58300000,0.9,4.4825333e-06,-1.4044069,1.0006574,0.21900699,1.0,1
58400000,58400000,0.9,4.4666517e-06,-1.1009802,1.0006552,0.13459598,1.0,1
58500000,58500000,0.9,4.4509766e-06,-1.0494007,1.0006528,0.12228039,1.0,1
58600000,58600000,0.9,4.435505e-06,-1.0847853,1.0006505,0.13066603,1.0,1
58700000,58700000,0.9,4.420233e-06,-1.0260981,1.0006484,0.11691058,1.0,1
58800000,58800000,0.9,4.405167e-06,-1.1328484,1.000645,0.14250202,1.0,1
58900000,58900000,0.9,4.390294e-06,-1.3160999,1.000644,0.1923338,1.0,1
59000000,59000000,0.9,4.3756027e-06,-1.0792794,1.0006418,0.1293441,1.0,1
59100000,59100000,0.9,4.361098e-06,-1.0086135,1.0006397,0.112961195,1.0,1
59200000,59200000,0.9,4.34678e-06,-1.0541551,1.0006375,0.12339278,1.0,1
59300000,59300000,0.9,4.3326413e-06,-1.0577165,1.0006355,0.12422819,1.0,1
59400000,59400000,0.9,4.3186888e-06,-1.1301632,1.0006335,0.14182892,1.0,1
59500000,59500000,0.9,4.3049404e-06,-1.155436,1.0006304,0.14824349,1.0,1
59600000,59600000,0.9,4.2914126e-06,-1.032873,1.0006261,0.11846214,1.0,1
59700000,59700000,0.9,4.2781508e-06,-1.0042756,1.0006224,0.11199355,1.0,1
59800000,59800000,0.9,4.265154e-06,-1.1149668,1.0006179,0.13804258,1.0,1
59900000,59900000,0.9,4.2524184e-06,-1.0214033,1.0006137,0.11584721,1.0,1
60000000,60000000,0.9,4.2399515e-06,-0.9577549,1.0006088,0.1018596,1.0,1
60100000,60100000,0.9,4.2277593e-06,-0.95030725,1.0006045,0.10028203,1.0,1
60200000,60200000,0.9,4.2157517e-06,-0.9720032,1.0006033,0.10491339,1.0,1
60300000,60300000,0.9,4.2039096e-06,-1.0377159,1.0006001,0.11957873,1.0,1
60400000,60400000,0.9,4.1922244e-06,-0.9811671,1.0005984,0.10690145,1.0,1
60500000,60500000,0.9,4.1806666e-06,-0.95698154,1.0005982,0.101696245,1.0,1
60600000,60600000,0.9,4.169185e-06,-1.0678321,1.0005981,0.12662044,1.0,1
60700000,60700000,0.9,4.1577573e-06,-1.0502208,1.0005985,0.12247822,1.0,1
60800000,60800000,0.9,4.1463627e-06,-1.0341866,1.0005999,0.11876675,1.0,1
60900000,60900000,0.9,4.1349967e-06,-1.1594372,1.0006007,0.14927639,1.0,1
61000000,61000000,0.9,4.123646e-06,-1.0888153,1.0006012,0.13164519,1.0,1
61100000,61100000,0.9,4.1123158e-06,-1.1365651,1.0006032,0.14344461,1.0,1
61200000,61200000,0.9,4.101064e-06,-1.2778049,1.0006015,0.1813115,1.0,1
61300000,61300000,0.9,4.089946e-06,-1.4653201,1.0005999,0.23843063,1.0,1
61400000,61400000,0.9,4.07896e-06,-1.414087,1.0005982,0.22204965,1.0,1
61500000,61500000,0.9,4.0681043e-06,-1.2088226,1.0005966,0.16226453,1.0,1
61600000,61600000,0.9,4.0573777e-06,-1.1446909,1.0005951,0.1455042,1.0,1
61700000,61700000,0.9,4.0467785e-06,-1.1279242,1.0005935,0.14127316,1.0,1
61800000,61800000,0.9,4.0363043e-06,-1.1356608,1.000592,0.14321804,1.0,1
61900000,61900000,0.9,4.0259524e-06,-1.1128229,1.0005904,0.137516,1.0,1
62000000,62000000,0.9,4.0157233e-06,-1.1439337,1.000589,0.14531265,1.0,1
62100000,62100000,0.9,4.005614e-06,-1.1953874,1.0005875,0.1586791,1.0,1
62200000,62200000,0.9,3.995622e-06,-1.0992656,1.000586,0.13418634,1.0,1
62300000,62300000,0.9,3.985746e-06,-1.1291285,1.0005846,0.14157625,1.0,1
62400000,62400000,0.9,3.9759852e-06,-1.0930825,1.0005832,0.13268144,1.0,1
62500000,62500000,0.9,3.9663373e-06,-1.1685169,1.0005817,0.15162642,1.0,1
62600000,62600000,0.9,3.956801e-06,-1.2258081,1.0005803,0.16685936,1.0,1
62700000,62700000,0.9,3.9473744e-06,-1.17668,1.0005789,0.15375274,1.0,1
62800000,62800000,0.9,3.938057e-06,-1.1647254,1.0005776,0.15064467,1.0,1
62900000,62900000,0.9,3.9288466e-06,-1.1839647,1.0005763,0.1556628,1.0,1
63000000,63000000,0.9,3.9197416e-06,-1.165926,1.0005748,0.15095581,1.0,1
63100000,63100000,0.9,3.9107404e-06,-1.1192807,1.0005735,0.13911903,1.0,1
63200000,63200000,0.9,3.901842e-06,-1.134816,1.0005722,0.14300789,1.0,1
63300000,63300000,0.9,3.893045e-06,-1.246056,1.000571,0.17241882,1.0,1
63400000,63400000,0.9,3.8843473e-06,-1.1313292,1.0005697,0.14213078,1.0,1
63500000,63500000,0.9,3.875748e-06,-1.1612693,1.0005684,0.14975336,1.0,1
63600000,63600000,0.9,3.867247e-06,-1.1122361,1.0005672,0.13737422,1.0,1
63700000,63700000,0.9,3.858841e-06,-1.1934614,1.0005659,0.15817162,1.0,1
63800000,63800000,0.9,3.850529e-06,-1.1648633,1.0005647,0.15068232,1.0,1
63900000,63900000,0.9,3.842311e-06,-1.2019653,1.0005635,0.16043411,1.0,1
64000000,64000000,0.9,3.8341864e-06,-1.1757197,1.0005623,0.15350445,1.0,1
64100000,64100000,0.9,3.8261533e-06,-1.1612656,1.0005611,0.14975351,1.0,1
64200000,64200000,0.9,3.818208e-06,-1.1744959,1.0005599,0.15318541,1.0,1
64300000,64300000,0.9,3.8103512e-06,-1.1350144,1.0005589,0.14305979,1.0,1
64400000,64400000,0.9,3.8025817e-06,-1.2032151,1.0005577,0.16076885,1.0,1
64500000,64500000,0.9,3.794898e-06,-1.1662211,1.0005566,0.15103501,1.0,1
64600000,64600000,0.9,3.7872994e-06,-1.2045498,1.0005554,0.1611261,1.0,1
64700000,64700000,0.9,3.7797847e-06,-1.1650524,1.0005543,0.1507328,1.0,1
64800000,64800000,0.9,3.7723528e-06,-1.1936077,1.0005533,0.1582124,1.0,1
64900000,64900000,0.9,3.765003e-06,-1.2272712,1.0005522,0.1672626,1.0,1
65000000,65000000,0.9,3.7577338e-06,-1.2034144,1.0005511,0.16082318,1.0,1
65100000,65100000,0.9,3.7505442e-06,-1.1771615,1.00055,0.15388303,1.0,1
65200000,65200000,0.9,3.7434334e-06,-1.191418,1.000549,0.15763313,1.0,1
65300000,65300000,0.9,3.7364e-06,-1.1974009,1.000548,0.15922041,1.0,1
65400000,65400000,0.9,3.7294433e-06,-1.1316831,1.0005469,0.14222294,1.0,1
65500000,65500000,0.9,3.722562e-06,-1.1819949,1.000546,0.15514997,1.0,1
65600000,65600000,0.9,3.7157556e-06,-1.1809053,1.0005449,0.15486422,1.0,1
65700000,65700000,0.9,3.7090235e-06,-1.1963737,1.000544,0.158948,1.0,1
65800000,65800000,0.9,3.702363e-06,-1.1901683,1.000543,0.15730353,1.0,1
65900000,65900000,0.9,3.6957754e-06,-1.2309202,1.000542,0.16826041,1.0,1
66000000,66000000,0.9,3.689259e-06,-1.196206,1.0005411,0.15890388,1.0,1
66100000,66100000,0.9,3.6828123e-06,-1.2523974,1.0005401,0.17418362,1.0,1
66200000,66200000,0.9,3.676435e-06,-1.2923734,1.0005392,0.18548101,1.0,1
66300000,66300000,0.9,3.6701256e-06,-1.2300465,1.0005382,0.16802229,1.0,1
66400000,66400000,0.9,3.6638844e-06,-1.2205517,1.0005374,0.16543849,1.0,1
66500000,66500000,0.9,3.6577094e-06,-1.2396885,1.0005364,0.17066707,1.0,1
66600000,66600000,0.9,3.6516e-06,-1.2519112,1.0005355,0.17404918,1.0,1
66700000,66700000,0.9,3.645556e-06,-1.2662648,1.0005347,0.1780633,1.0,1
66800000,66800000,0.9,3.6395766e-06,-1.2986385,1.0005338,0.18728466,1.0,1
66900000,66900000,0.9,3.6336603e-06,-1.2124306,1.0005329,0.163245,1.0,1
67000000,67000000,0.9,3.62797e-06,-1.1662407,1.000532,0.15104379,1.0,1
67100000,67100000,0.9,3.6221768e-06,-1.053329,1.0005312,0.123212546,1.0,1
67200000,67200000,0.9,3.6164447e-06,-1.0028709,1.0005304,0.111690775,1.0,1
67300000,67300000,0.9,3.6107729e-06,-1.011643,1.0005295,0.11365334,1.0,1
67400000,67400000,0.9,3.605161e-06,-0.98075294,1.0005287,0.106818676,1.0,1
67500000,67500000,0.9,3.5996081e-06,-1.0525197,1.0005279,0.12302368,1.0,1
67600000,67600000,0.9,3.5941137e-06,-1.0140179,1.0005271,0.114187844,1.0,1
67700000,67700000,0.9,3.5886765e-06,-0.9684446,1.0005263,0.10415462,1.0,1
67800000,67800000,0.9,3.5832963e-06,-0.9954362,1.0005255,0.11004142,1.0,1
67900000,67900000,0.9,3.5779724e-06,-0.9857672,1.0005248,0.10791415,1.0,1
68000000,68000000,0.9,3.5727041e-06,-1.0179816,1.0005239,0.11508267,1.0,1
68100000,68100000,0.9,3.567491e-06,-1.0321592,1.0005232,0.118310615,1.0,1
68200000,68200000,0.9,3.5623316e-06,-0.94239736,1.0005225,0.098627664,1.0,1
68300000,68300000,0.9,3.5572264e-06,-0.99369925,1.0005217,0.10965815,1.0,1
68400000,68400000,0.9,3.5521743e-06,-0.9671873,1.000521,0.10388491,1.0,1
68500000,68500000,0.9,3.5471737e-06,-0.9850538,1.0005202,0.107758485,1.0,1
68600000,68600000,0.9,3.5422258e-06,-1.0550027,1.0005195,0.123605855,1.0,1
68700000,68700000,0.9,3.5373282e-06,-0.96272254,1.0005188,0.102928236,1.0,1
68800000,68800000,0.9,3.5324808e-06,-1.0894,1.0005181,0.13179755,1.0,1
68900000,68900000,0.9,3.5276842e-06,-1.0280856,1.0005174,0.11737928,1.0,1
69000000,69000000,0.9,3.5229366e-06,-1.0316944,1.0005167,0.11820486,1.0,1
69100000,69100000,0.9,3.5182372e-06,-0.96202874,1.0005159,0.10278023,1.0,1
69200000,69200000,0.9,3.5135865e-06,-1.0169804,1.0005153,0.11485739,1.0,1
69300000,69300000,0.9,3.5089843e-06,-1.0274904,1.0005146,0.11724371,1.0,1
69400000,69400000,0.9,3.5044284e-06,-1.0233535,1.0005139,0.116301596,1.0,1
69500000,69500000,0.9,3.499919e-06,-0.94169515,1.0005133,0.09848164,1.0,1
69600000,69600000,0.9,3.495456e-06,-0.9977189,1.0005126,0.110548094,1.0,1
69700000,69700000,0.9,3.4910386e-06,-1.0059946,1.000512,0.112389676,1.0,1
69800000,69800000,0.9,3.486666e-06,-0.93771094,1.0005113,0.097650275,1.0,1
69900000,69900000,0.9,3.482338e-06,-1.0680403,1.0005107,0.12668085,1.0,1
70000000,70000000,0.9,3.4780537e-06,-1.0139183,1.0005101,0.11416735,1.0,1
70100000,70100000,0.9,3.4738134e-06,-1.0292469,1.0005095,0.117645524,1.0,1
70200000,70200000,0.9,3.4696156e-06,-1.0418067,1.0005088,0.12053436,1.0,1
70300000,70300000,0.9,3.4654604e-06,-0.9278408,1.0005082,0.0956057,1.0,1
70400000,70400000,0.9,3.4613481e-06,-0.9696115,1.0005076,0.10440773,1.0,1
70500000,70500000,0.9,3.457277e-06,-1.0148627,1.000507,0.11438047,1.0,1
70600000,70600000,0.9,3.453247e-06,-0.9401734,1.0005064,0.09816429,1.0,1
70700000,70700000,0.9,3.4492573e-06,-0.9867367,1.0005058,0.10812857,1.0,1
70800000,70800000,0.9,3.4453074e-06,-1.0870513,1.0005052,0.13123152,1.0,1
70900000,70900000,0.9,3.4413972e-06,-0.87146413,1.0005047,0.084340736,1.0,1
71000000,71000000,0.9,3.4375264e-06,-0.9458526,1.0005041,0.09935403,1.0,1
71100000,71100000,0.9,3.4336947e-06,-0.9696926,1.0005035,0.10442561,1.0,1
71200000,71200000,0.9,3.4299012e-06,-1.0413132,1.0005031,0.120420866,1.0,1
71300000,71300000,0.9,3.4261457e-06,-1.014735,1.0005025,0.11435221,1.0,1
71400000,71400000,0.9,3.4224277e-06,-0.9423238,1.0005019,0.098614305,1.0,1
71500000,71500000,0.9,3.4187465e-06,-1.0438808,1.0005014,0.12101567,1.0,1
71600000,71600000,0.9,3.4151021e-06,-1.0150405,1.0005008,0.114421286,1.0,1
71700000,71700000,0.9,3.4114942e-06,-0.9789462,1.0005003,0.10642849,1.0,1
71800000,71800000,0.9,3.407922e-06,-0.89980984,1.0004997,0.08991704,1.0,1
71900000,71900000,0.9,3.4043856e-06,-1.0589235,1.0004992,0.12452882,1.0,1
72000000,72000000,0.9,3.400884e-06,-1.0048677,1.0004988,0.11213952,1.0,1
72100000,72100000,0.9,3.3974175e-06,-1.0023736,1.0004983,0.1115836,1.0,1
72200000,72200000,0.9,3.3939855e-06,-0.95474577,1.0004977,0.10123178,1.0,1
72300000,72300000,0.9,3.390587e-06,-0.9786044,1.0004972,0.10635451,1.0,1
72400000,72400000,0.9,3.3872223e-06,-1.0155602,1.0004967,0.11453892,1.0,1
72500000,72500000,0.9,3.3838908e-06,-0.9938855,1.0004963,0.10970205,1.0,1
72600000,72600000,0.9,3.3805923e-06,-0.96593934,1.0004958,0.103619605,1.0,1
72700000,72700000,0.9,3.3773265e-06,-0.96337634,1.0004953,0.103070505,1.0,1
72800000,72800000,0.9,3.3740926e-06,-0.9704991,1.0004948,0.104600295,1.0,1
72900000,72900000,0.9,3.3708907e-06,-0.9763692,1.0004944,0.10586954,1.0,1
73000000,73000000,0.9,3.3677202e-06,-1.0134302,1.0004939,0.114059314,1.0,1
73100000,73100000,0.9,3.364581e-06,-0.9618778,1.0004934,0.1027503,1.0,1
73200000,73200000,0.9,3.361472e-06,-0.9653703,1.0004929,0.103497855,1.0,1
73300000,73300000,0.9,3.3583942e-06,-1.006016,1.0004925,0.11239669,1.0,1
73400000,73400000,0.9,3.3553467e-06,-0.9869174,1.0004921,0.10816965,1.0,1
73500000,73500000,0.9,3.352329e-06,-0.98089546,1.0004916,0.10685367,1.0,1
73600000,73600000,0.9,3.3493402e-06,-1.0383245,1.0004911,0.11973205,1.0,1
73700000,73700000,0.9,3.3463812e-06,-1.0298691,1.0004908,0.11779,1.0,1
73800000,73800000,0.9,3.343451e-06,-1.1139293,1.0004903,0.13780338,1.0,1
73900000,73900000,0.9,3.3405493e-06,-0.9546843,1.00049,0.10121953,1.0,1
74000000,74000000,0.9,3.3376757e-06,-0.9187399,1.0004895,0.09374112,1.0,1
74100000,74100000,0.9,3.3348304e-06,-0.9593893,1.000489,0.102219775,1.0,1
74200000,74200000,0.9,3.3320125e-06,-1.0415338,1.0004886,0.12047366,1.0,1
74300000,74300000,0.9,3.3292215e-06,-1.0247588,1.0004883,0.116624236,1.0,1
74400000,74400000,0.9,3.326458e-06,-0.95767105,1.0004878,0.10185406,1.0,1
74500000,74500000,0.9,3.3237216e-06,-0.99957216,1.0004874,0.110961966,1.0,1
74600000,74600000,0.9,3.3210115e-06,-1.048407,1.000487,0.12206912,1.0,1
74700000,74700000,0.9,3.3183276e-06,-0.98615277,1.0004866,0.1080027,1.0,1
74800000,74800000,0.9,3.3156698e-06,-1.0052971,1.0004863,0.112236775,1.0,1
74900000,74900000,0.9,3.3130382e-06,-1.032853,1.0004859,0.11847413,1.0,1
75000000,75000000,0.9,3.3104318e-06,-1.0409312,1.0004854,0.12033468,1.0,1
75100000,75100000,0.9,3.3078502e-06,-1.0708845,1.0004851,0.12735972,1.0,1
75200000,75200000,0.9,3.305294e-06,-1.0038722,1.0004847,0.111919016,1.0,1
75300000,75300000,0.9,3.3027625e-06,-1.0350313,1.0004843,0.118974574,1.0,1
75400000,75400000,0.9,3.300255e-06,-1.0421113,1.000484,0.12060783,1.0,1
75500000,75500000,0.9,3.2977719e-06,-0.9690723,1.0004836,0.10429413,1.0,1
75600000,75600000,0.9,3.2953126e-06,-1.0050101,1.0004833,0.11217305,1.0,1
75700000,75700000,0.9,3.292964e-06,-1.6802065,1.0004735,0.31352866,1.0,1
75800000,75800000,0.9,3.2909911e-06,-1.2041159,1.0004653,0.16102453,1.0,1
75900000,75900000,0.9,3.2896735e-06,-0.8799248,1.0004389,0.08599199,1.0,1
76000000,76000000,0.9,3.2894725e-06,-1.0448016,1.0004029,0.12124119,1.0,1
76100000,76100000,0.9,3.2904031e-06,-1.4835203,1.0003729,0.24444579,1.0,1
76200000,76200000,0.9,3.2921669e-06,-1.8228078,1.0003524,0.36905086,1.0,1
76300000,76300000,0.9,3.293118e-06,-2.0069478,1.0004075,0.44735542,1.0,1
76400000,76400000,0.9,3.2926387e-06,-1.7394416,1.0004456,0.3360344,1.0,1
76500000,76500000,0.9,3.2908204e-06,-1.8517044,1.0004826,0.380795,1.0,1
76600000,76600000,0.9,3.2884277e-06,-1.5775332,1.0004822,0.27637908,1.0,1
76700000,76700000,0.9,3.2860582e-06,-1.6071558,1.0004818,0.2868562,1.0,1
76800000,76800000,0.9,3.2837113e-06,-1.6410298,1.0004816,0.29907584,1.0,1
76900000,76900000,0.9,3.2813866e-06,-1.4967465,1.0004812,0.24879694,1.0,1
77000000,77000000,0.9,5.143182e-06,-1.4356202,1.371532,0.166967,1.3653795,1
77100000,77100000,0.8999595,5.12768e-06,0.84984624,1.3052204,0.061482903,1.3175207,1
77200000,77200000,0.9,5.111329e-06,-0.981064,1.2611573,0.08479748,1.2557212,1
77300000,77300000,0.9,5.0937288e-06,-1.0087942,1.2026448,0.09402109,1.1973375,1
77400000,77400000,0.9,5.074846e-06,-0.9388648,1.1466061,0.08541799,1.1416242,1
77500000,77500000,0.9,5.0546596e-06,-0.96473235,1.0942907,0.09450145,1.089413,1
77600000,77600000,0.9,5.033123e-06,-1.019645,1.0428605,0.110771805,1.0380763,1
77700000,77700000,0.9,5.010213e-06,-0.95138466,1.0007349,0.10049645,1.0,1
77800000,77800000,0.9,4.987054e-06,-1.0006814,1.0007316,0.11118125,1.0,1
77900000,77900000,0.9,4.964231e-06,-0.96576333,1.0007281,0.10355779,1.0,1
78000000,78000000,0.9,4.9417376e-06,-0.97418714,1.0007249,0.10537257,1.0,1
78100000,78100000,0.9,4.9195673e-06,-1.0711126,1.0007216,0.12738389,1.0,1
78200000,78200000,0.9,4.897716e-06,-1.040854,1.0007185,0.120288804,1.0,1
78300000,78300000,0.9,4.876175e-06,-1.0576234,1.0007153,0.12419642,1.0,1
78400000,78400000,0.9,4.8549414e-06,-0.9379447,1.0007122,0.097679354,1.0,1
78500000,78500000,0.9,4.8340066e-06,-1.013353,1.000709,0.114017405,1.0,1
78600000,78600000,0.9,4.813366e-06,-1.0007569,1.0007061,0.111200854,1.0,1
78700000,78700000,0.9,4.7930153e-06,-1.0246872,1.0007031,0.11658289,1.0,1
78800000,78800000,0.9,4.772949e-06,-1.0773032,1.0007001,0.12886335,1.0,1
78900000,78900000,0.9,4.753161e-06,-1.0162829,1.0006973,0.11467904,1.0,1
79000000,79000000,0.9,4.733647e-06,-1.0167625,1.0006943,0.11478764,1.0,1
79100000,79100000,0.9,4.7144017e-06,-1.0287449,1.0006915,0.11750942,1.0,1
79200000,79200000,0.9,4.6954206e-06,-0.9137434,1.0006887,0.09270582,1.0,1
79300000,79300000,0.9,4.6766995e-06,-1.0765553,1.0006859,0.12868631,1.0,1
79400000,79400000,0.9,4.658233e-06,-1.0504112,1.0006833,0.122512266,1.0,1
79500000,79500000,0.9,4.6400173e-06,-1.054021,1.0006806,0.123356074,1.0,1
79600000,79600000,0.9,4.622242e-06,-1.40837,1.0006689,0.22024226,1.0,1
79700000,79700000,0.9,4.605235e-06,-0.8996309,1.0006533,0.08986749,1.0,1
79800000,79800000,0.9,4.5891006e-06,-1.029559,1.000641,0.11770141,1.0,1
79900000,79900000,0.9,4.573699e-06,-1.0690442,1.000626,0.12690452,1.0,1
80000000,80000000,0.9,4.5586926e-06,-1.1140438,1.0006254,0.1378131,1.0,1
80100000,80100000,0.9,4.5436586e-06,-1.2303607,1.0006303,0.16809267,1.0,1
80200000,80200000,0.9,4.528436e-06,-1.2077746,1.0006361,0.16197692,1.0,1
80300000,80300000,0.9,4.51334e-06,-1.1828669,1.0006318,0.15536565,1.0,1
80400000,80400000,0.9,4.498357e-06,-1.1550572,1.0006341,0.14814574,1.0,1
80500000,80500000,0.9,4.496459e-06,-1.4134612,10.396737,0.021351492,10.354675,1
80600000,80600000,0.9,4.507001e-06,-1.2593255,9.892091,0.017813342,9.852179,1
80700000,80700000,0.9,4.5173792e-06,-1.044664,9.415883,0.012878038,9.378285,1
80800000,80800000,0.9,4.5275865e-06,-0.9812689,8.965657,0.011933048,8.929925,1
80900000,80900000,0.9,4.537619e-06,-1.0663843,8.557241,0.0147656035,8.522773,1
81000000,81000000,0.9,4.547466e-06,-0.96334374,8.144098,0.012661263,8.111463,1
81100000,81100000,0.9,4.557113e-06,-0.9801066,7.751762,0.013769042,7.720575,1
81200000,81200000,0.9,4.5665474e-06,-0.9419699,7.377836,0.013362954,7.34817,1
81300000,81300000,0.9,4.5757597e-06,-0.97432494,7.0225477,0.0150200175,6.994162,1
81400000,81400000,0.9,4.5847382e-06,-1.0136268,6.6838856,0.017079875,6.6567364,1
81500000,81500000,0.9,4.593471e-06,-0.9597367,6.3606334,0.016090196,6.3348284,1
81600000,81600000,0.9,4.6019427e-06,-0.9644958,6.0530953,0.017075783,6.028474,1
81700000,81700000,0.9,4.610141e-06,-0.98118323,5.759845,0.018571498,5.736344,1
81800000,81800000,0.9,4.618051e-06,-1.0014302,5.4808497,0.020330634,5.4584165,1
81900000,81900000,0.9,4.6256755e-06,-1.3301227,5.217613,0.037676368,5.196282,1
82000000,82000000,0.9,4.6329687e-06,-1.2965207,4.9687357,0.037589844,4.948323,1
82100000,82100000,0.9,4.6399305e-06,-1.0516531,4.7276,0.025993323,4.7081504,1
82200000,82200000,0.9,4.646566e-06,-1.0989844,4.5022316,0.029806618,4.4836516,1
82300000,82300000,0.9,4.6528253e-06,-1.1189137,4.2834373,0.03247568,4.2657137,1
82400000,82400000,0.9,4.6587134e-06,-1.1148951,4.0760484,0.033883337,4.0591483,1
82500000,82500000,0.9,4.664405e-06,-0.67616546,3.8838322,0.0130798565,3.8685532,1
82600000,82600000,0.9,4.6700166e-06,-0.57292676,3.7083359,0.009835051,3.6939743,1
82700000,82700000,0.9,4.6754976e-06,-0.5689769,3.5444176,0.0101485,3.5305183,1
82800000,82800000,0.9,4.680772e-06,-0.3735733,3.388521,0.004576137,3.3758237,1
82900000,82900000,0.9,4.6859586e-06,-0.17298992,3.2456663,0.0010244605,3.2342618,1
83000000,83000000,0.89999825,4.691133e-06,0.067053095,3.1191692,0.0001601608,3.1093068,1
83100000,83100000,0.89996815,4.696283e-06,0.2507001,3.010719,0.0023195099,3.001965,1
83200000,83200000,0.89991033,4.701426e-06,0.4019678,2.914003,0.006160983,2.9060473,1
83300000,83300000,0.8996624,4.7073636e-06,0.85982656,3.081009,0.026661603,3.0747309,1
83400000,83400000,0.89941955,4.714295e-06,2.2534502,3.140018,0.17968892,3.1513078,1
83500000,83500000,0.8991957,4.7218623e-06,1.6899942,3.1485908,0.100788675,3.1475425,1
83600000,83600000,0.8989336,4.7298295e-06,2.0893996,3.173017,0.15287204,3.1749167,1
83700000,83700000,0.89869153,4.7381704e-06,2.1626947,3.1558437,0.16467682,3.1564589,1
83800000,83800000,0.89841396,4.7467247e-06,2.385138,3.160577,0.19999453,3.1618254,1
83900000,83900000,0.8980888,4.7555327e-06,2.6748233,3.2126737,0.24744637,3.2150369,1
84000000,84000000,0.8977676,4.764608e-06,2.888367,3.2382767,0.2862518,3.2408695,1
84100000,84100000,0.8974361,4.7739372e-06,3.0280607,3.2618103,0.31234023,3.2635024,1
84200000,84200000,0.8970904,4.7835097e-06,3.3206954,3.2893975,0.37247676,3.2925174,1
84300000,84300000,0.8967341,4.7933445e-06,3.33723,3.3266995,0.3719771,3.3268487,1
84400000,84400000,0.89636785,4.803414e-06,4.1467752,3.3546174,0.5695548,3.3650944,1
84500000,84500000,0.89599884,4.8137495e-06,3.8637872,3.3993938,0.48795795,3.4011388,1
84600000,84600000,0.89562947,4.8243123e-06,4.0584087,3.4273293,0.5339655,3.4289076,1
84700000,84700000,0.8952941,5.6647877e-06,8.589954,3.4541695,2.3735344,3.5968194,1
84800000,84800000,0.8952941,1.9156663e-05,8.577978,5.0174804,1.6294525,5.1251836,1
