timestamp,noutputs,output[0],output[1],output[2],output[3],output[4],output[5],output[6],output[7],output[8],output[9],output[10],output[11],output[12],output[13],output[14],output[15]
224000,6,900.0,900.0,900.0,900.0,900.0,900.0,0.0,0.0,0.0,0.0,0.0,0.0,0.0,0.0,0.0,0.0
228000,6,900.0,900.0,900.0,900.0,900.0,900.0,0.0,0.0,0.0,0.0,0.0,0.0,0.0,0.0,0.0,0.0
324000,6,900.0,900.0,900.0,900.0,900.0,900.0,0.0,0.0,0.0,0.0,0.0,0.0,0.0,0.0,0.0,0.0
424000,6,900.0,900.0,900.0,900.0,900.0,900.0,0.0,0.0,0.0,0.0,0.0,0.0,0.0,0.0,0.0,0.0
524000,6,900.0,900.0,900.0,900.0,900.0,900.0,0.0,0.0,0.0,0.0,0.0,0.0,0.0,0.0,0.0,0.0
624000,6,900.0,900.0,900.0,900.0,900.0,900.0,0.0,0.0,0.0,0.0,0.0,0.0,0.0,0.0,0.0,0.0
724000,6,900.0,900.0,900.0,900.0,900.0,900.0,0.0,0.0,0.0,0.0,0.0,0.0,0.0,0.0,0.0,0.0
820000,6,900.0,900.0,900.0,900.0,900.0,900.0,0.0,0.0,0.0,0.0,0.0,0.0,0.0,0.0,0.0,0.0
920000,6,900.0,900.0,900.0,900.0,900.0,900.0,0.0,0.0,0.0,0.0,0.0,0.0,0.0,0.0,0.0,0.0
1024000,6,900.0,900.0,900.0,900.0,900.0,900.0,0.0,0.0,0.0,0.0,0.0,0.0,0.0,0.0,0.0,0.0
1124000,6,900.0,900.0,900.0,900.0,900.0,900.0,0.0,0.0,0.0,0.0,0.0,0.0,0.0,0.0,0.0,0.0
1224000,6,900.0,900.0,900.0,900.0,900.0,900.0,0.0,0.0,0.0,0.0,0.0,0.0,0.0,0.0,0.0,0.0
1324000,6,900.0,900.0,900.0,900.0,900.0,900.0,0.0,0.0,0.0,0.0,0.0,0.0,0.0,0.0,0.0,0.0
1424000,6,900.0,900.0,900.0,900.0,900.0,900.0,0.0,0.0,0.0,0.0,0.0,0.0,0.0,0.0,0.0,0.0
1524000,6,900.0,900.0,900.0,900.0,900.0,900.0,0.0,0.0,0.0,0.0,0.0,0.0,0.0,0.0,0.0,0.0
1624000,6,900.0,900.0,900.0,900.0,900.0,900.0,0.0,0.0,0.0,0.0,0.0,0.0,0.0,0.0,0.0,0.0
1724000,6,900.0,900.0,900.0,900.0,900.0,900.0,0.0,0.0,0.0,0.0,0.0,0.0,0.0,0.0,0.0,0.0
1824000,6,900.0,900.0,900.0,900.0,900.0,900.0,0.0,0.0,0.0,0.0,0.0,0.0,0.0,0.0,0.0,0.0
1924000,6,900.0,900.0,900.0,900.0,900.0,900.0,0.0,0.0,0.0,0.0,0.0,0.0,0.0,0.0,0.0,0.0
2024000,6,900.0,900.0,900.0,900.0,900.0,900.0,0.0,0.0,0.0,0.0,0.0,0.0,0.0,0.0,0.0,0.0
2124000,6,900.0,900.0,900.0,900.0,900.0,900.0,0.0,0.0,0.0,0.0,0.0,0.0,0.0,0.0,0.0,0.0
2224000,6,900.0,900.0,900.0,900.0,900.0,900.0,0.0,0.0,0.0,0.0,0.0,0.0,0.0,0.0,0.0,0.0
2324000,6,900.0,900.0,900.0,900.0,900.0,900.0,0.0,0.0,0.0,0.0,0.0,0.0,0.0,0.0,0.0,0.0
2424000,6,900.0,900.0,900.0,900.0,900.0,900.0,0.0,0.0,0.0,0.0,0.0,0.0,0.0,0.0,0.0,0.0
2524000,6,900.0,900.0,900.0,900.0,900.0,900.0,0.0,0.0,0.0,0.0,0.0,0.0,0.0,0.0,0.0,0.0
2624000,6,900.0,900.0,900.0,900.0,900.0,900.0,0.0,0.0,0.0,0.0,0.0,0.0,0.0,0.0,0.0,0.0
2724000,6,900.0,900.0,900.0,900.0,900.0,900.0,0.0,0.0,0.0,0.0,0.0,0.0,0.0,0.0,0.0,0.0
2820000,6,900.0,900.0,900.0,900.0,900.0,900.0,0.0,0.0,0.0,0.0,0.0,0.0,0.0,0.0,0.0,0.0
2924000,6,900.0,900.0,900.0,900.0,900.0,900.0,0.0,0.0,0.0,0.0,0.0,0.0,0.0,0.0,0.0,0.0
3024000,6,900.0,900.0,900.0,900.0,900.0,900.0,0.0,0.0,0.0,0.0,0.0,0.0,0.0,0.0,0.0,0.0
3124000,6,900.0,900.0,900.0,900.0,900.0,900.0,0.0,0.0,0.0,0.0,0.0,0.0,0.0,0.0,0.0,0.0
3220000,6,900.0,900.0,900.0,900.0,900.0,900.0,0.0,0.0,0.0,0.0,0.0,0.0,0.0,0.0,0.0,0.0
3324000,6,900.0,900.0,900.0,900.0,900.0,900.0,0.0,0.0,0.0,0.0,0.0,0.0,0.0,0.0,0.0,0.0
3424000,6,900.0,900.0,900.0,900.0,900.0,900.0,0.0,0.0,0.0,0.0,0.0,0.0,0.0,0.0,0.0,0.0
3524000,6,900.0,900.0,900.0,900.0,900.0,900.0,0.0,0.0,0.0,0.0,0.0,0.0,0.0,0.0,0.0,0.0
3624000,6,900.0,900.0,900.0,900.0,900.0,900.0,0.0,0.0,0.0,0.0,0.0,0.0,0.0,0.0,0.0,0.0
3724000,6,900.0,900.0,900.0,900.0,900.0,900.0,0.0,0.0,0.0,0.0,0.0,0.0,0.0,0.0,0.0,0.0
3824000,6,900.0,900.0,900.0,900.0,900.0,900.0,0.0,0.0,0.0,0.0,0.0,0.0,0.0,0.0,0.0,0.0
3924000,6,900.0,900.0,900.0,900.0,900.0,900.0,0.0,0.0,0.0,0.0,0.0,0.0,0.0,0.0,0.0,0.0
4024000,6,900.0,900.0,900.0,900.0,900.0,900.0,0.0,0.0,0.0,0.0,0.0,0.0,0.0,0.0,0.0,0.0
4124000,6,900.0,900.0,900.0,900.0,900.0,900.0,0.0,0.0,0.0,0.0,0.0,0.0,0.0,0.0,0.0,0.0
4224000,6,900.0,900.0,900.0,900.0,900.0,900.0,0.0,0.0,0.0,0.0,0.0,0.0,0.0,0.0,0.0,0.0
4324000,6,900.0,900.0,900.0,900.0,900.0,900.0,0.0,0.0,0.0,0.0,0.0,0.0,0.0,0.0,0.0,0.0
4424000,6,900.0,900.0,900.0,900.0,900.0,900.0,0.0,0.0,0.0,0.0,0.0,0.0,0.0,0.0,0.0,0.0
4524000,6,900.0,900.0,900.0,900.0,900.0,900.0,0.0,0.0,0.0,0.0,0.0,0.0,0.0,0.0,0.0,0.0
4624000,6,900.0,900.0,900.0,900.0,900.0,900.0,0.0,0.0,0.0,0.0,0.0,0.0,0.0,0.0,0.0,0.0
4724000,6,900.0,900.0,900.0,900.0,900.0,900.0,0.0,0.0,0.0,0.0,0.0,0.0,0.0,0.0,0.0,0.0
4824000,6,900.0,900.0,900.0,900.0,900.0,900.0,0.0,0.0,0.0,0.0,0.0,0.0,0.0,0.0,0.0,0.0
4924000,6,900.0,900.0,900.0,900.0,900.0,900.0,0.0,0.0,0.0,0.0,0.0,0.0,0.0,0.0,0.0,0.0
5024000,6,900.0,900.0,900.0,900.0,900.0,900.0,0.0,0.0,0.0,0.0,0.0,0.0,0.0,0.0,0.0,0.0
5124000,6,900.0,900.0,900.0,900.0,900.0,900.0,0.0,0.0,0.0,0.0,0.0,0.0,0.0,0.0,0.0,0.0
5220000,6,900.0,900.0,900.0,900.0,900.0,900.0,0.0,0.0,0.0,0.0,0.0,0.0,0.0,0.0,0.0,0.0
5324000,6,900.0,900.0,900.0,900.0,900.0,900.0,0.0,0.0,0.0,0.0,0.0,0.0,0.0,0.0,0.0,0.0
5420000,6,900.0,900.0,900.0,900.0,900.0,900.0,0.0,0.0,0.0,0.0,0.0,0.0,0.0,0.0,0.0,0.0
5524000,6,900.0,900.0,900.0,900.0,900.0,900.0,0.0,0.0,0.0,0.0,0.0,0.0,0.0,0.0,0.0,0.0
5624000,6,900.0,900.0,900.0,900.0,900.0,900.0,0.0,0.0,0.0,0.0,0.0,0.0,0.0,0.0,0.0,0.0
5724000,6,900.0,900.0,900.0,900.0,900.0,900.0,0.0,0.0,0.0,0.0,0.0,0.0,0.0,0.0,0.0,0.0
5824000,6,900.0,900.0,900.0,900.0,900.0,900.0,0.0,0.0,0.0,0.0,0.0,0.0,0.0,0.0,0.0,0.0
5924000,6,900.0,900.0,900.0,900.0,900.0,900.0,0.0,0.0,0.0,0.0,0.0,0.0,0.0,0.0,0.0,0.0
6024000,6,900.0,900.0,900.0,900.0,900.0,900.0,0.0,0.0,0.0,0.0,0.0,0.0,0.0,0.0,0.0,0.0
6124000,6,900.0,900.0,900.0,900.0,900.0,900.0,0.0,0.0,0.0,0.0,0.0,0.0,0.0,0.0,0.0,0.0
6224000,6,900.0,900.0,900.0,900.0,900.0,900.0,0.0,0.0,0.0,0.0,0.0,0.0,0.0,0.0,0.0,0.0
6324000,6,900.0,900.0,900.0,900.0,900.0,900.0,0.0,0.0,0.0,0.0,0.0,0.0,0.0,0.0,0.0,0.0
6424000,6,900.0,900.0,900.0,900.0,900.0,900.0,0.0,0.0,0.0,0.0,0.0,0.0,0.0,0.0,0.0,0.0
6524000,6,900.0,900.0,900.0,900.0,900.0,900.0,0.0,0.0,0.0,0.0,0.0,0.0,0.0,0.0,0.0,0.0
6620000,6,900.0,900.0,900.0,900.0,900.0,900.0,0.0,0.0,0.0,0.0,0.0,0.0,0.0,0.0,0.0,0.0
6724000,6,900.0,900.0,900.0,900.0,900.0,900.0,0.0,0.0,0.0,0.0,0.0,0.0,0.0,0.0,0.0,0.0
6824000,6,900.0,900.0,900.0,900.0,900.0,900.0,0.0,0.0,0.0,0.0,0.0,0.0,0.0,0.0,0.0,0.0
6924000,6,900.0,900.0,900.0,900.0,900.0,900.0,0.0,0.0,0.0,0.0,0.0,0.0,0.0,0.0,0.0,0.0
7024000,6,900.0,900.0,900.0,900.0,900.0,900.0,0.0,0.0,0.0,0.0,0.0,0.0,0.0,0.0,0.0,0.0
7124000,6,900.0,900.0,900.0,900.0,900.0,900.0,0.0,0.0,0.0,0.0,0.0,0.0,0.0,0.0,0.0,0.0
7224000,6,900.0,900.0,900.0,900.0,900.0,900.0,0.0,0.0,0.0,0.0,0.0,0.0,0.0,0.0,0.0,0.0
7324000,6,900.0,900.0,900.0,900.0,900.0,900.0,0.0,0.0,0.0,0.0,0.0,0.0,0.0,0.0,0.0,0.0
7424000,6,900.0,900.0,900.0,900.0,900.0,900.0,0.0,0.0,0.0,0.0,0.0,0.0,0.0,0.0,0.0,0.0
7524000,6,900.0,900.0,900.0,900.0,900.0,900.0,0.0,0.0,0.0,0.0,0.0,0.0,0.0,0.0,0.0,0.0
7624000,6,900.0,900.0,900.0,900.0,900.0,900.0,0.0,0.0,0.0,0.0,0.0,0.0,0.0,0.0,0.0,0.0
7724000,6,900.0,900.0,900.0,900.0,900.0,900.0,0.0,0.0,0.0,0.0,0.0,0.0,0.0,0.0,0.0,0.0
7824000,6,900.0,900.0,900.0,900.0,900.0,900.0,0.0,0.0,0.0,0.0,0.0,0.0,0.0,0.0,0.0,0.0
7924000,6,900.0,900.0,900.0,900.0,900.0,900.0,0.0,0.0,0.0,0.0,0.0,0.0,0.0,0.0,0.0,0.0
8024000,6,900.0,900.0,900.0,900.0,900.0,900.0,0.0,0.0,0.0,0.0,0.0,0.0,0.0,0.0,0.0,0.0
8124000,6,900.0,900.0,900.0,900.0,900.0,900.0,0.0,0.0,0.0,0.0,0.0,0.0,0.0,0.0,0.0,0.0
8224000,6,900.0,900.0,900.0,900.0,900.0,900.0,0.0,0.0,0.0,0.0,0.0,0.0,0.0,0.0,0.0,0.0
8324000,6,900.0,900.0,900.0,900.0,900.0,900.0,0.0,0.0,0.0,0.0,0.0,0.0,0.0,0.0,0.0,0.0
8424000,6,900.0,900.0,900.0,900.0,900.0,900.0,0.0,0.0,0.0,0.0,0.0,0.0,0.0,0.0,0.0,0.0
8524000,6,900.0,900.0,900.0,900.0,900.0,900.0,0.0,0.0,0.0,0.0,0.0,0.0,0.0,0.0,0.0,0.0
8624000,6,900.0,900.0,900.0,900.0,900.0,900.0,0.0,0.0,0.0,0.0,0.0,0.0,0.0,0.0,0.0,0.0
8724000,6,900.0,900.0,900.0,900.0,900.0,900.0,0.0,0.0,0.0,0.0,0.0,0.0,0.0,0.0,0.0,0.0
8824000,6,900.0,900.0,900.0,900.0,900.0,900.0,0.0,0.0,0.0,0.0,0.0,0.0,0.0,0.0,0.0,0.0
8924000,6,900.0,900.0,900.0,900.0,900.0,900.0,0.0,0.0,0.0,0.0,0.0,0.0,0.0,0.0,0.0,0.0
9024000,6,900.0,900.0,900.0,900.0,900.0,900.0,0.0,0.0,0.0,0.0,0.0,0.0,0.0,0.0,0.0,0.0
9124000,6,900.0,900.0,900.0,900.0,900.0,900.0,0.0,0.0,0.0,0.0,0.0,0.0,0.0,0.0,0.0,0.0
9220000,6,900.0,900.0,900.0,900.0,900.0,900.0,0.0,0.0,0.0,0.0,0.0,0.0,0.0,0.0,0.0,0.0
9324000,6,900.0,900.0,900.0,900.0,900.0,900.0,0.0,0.0,0.0,0.0,0.0,0.0,0.0,0.0,0.0,0.0
9424000,6,900.0,900.0,900.0,900.0,900.0,900.0,0.0,0.0,0.0,0.0,0.0,0.0,0.0,0.0,0.0,0.0
9524000,6,900.0,900.0,900.0,900.0,900.0,900.0,0.0,0.0,0.0,0.0,0.0,0.0,0.0,0.0,0.0,0.0
9624000,6,900.0,900.0,900.0,900.0,900.0,900.0,0.0,0.0,0.0,0.0,0.0,0.0,0.0,0.0,0.0,0.0
9724000,6,900.0,900.0,900.0,900.0,900.0,900.0,0.0,0.0,0.0,0.0,0.0,0.0,0.0,0.0,0.0,0.0
9824000,6,900.0,900.0,900.0,900.0,900.0,900.0,0.0,0.0,0.0,0.0,0.0,0.0,0.0,0.0,0.0,0.0
9924000,6,900.0,900.0,900.0,900.0,900.0,900.0,0.0,0.0,0.0,0.0,0.0,0.0,0.0,0.0,0.0,0.0
10024000,6,900.0,900.0,900.0,900.0,900.0,900.0,0.0,0.0,0.0,0.0,0.0,0.0,0.0,0.0,0.0,0.0
10124000,6,900.0,900.0,900.0,900.0,900.0,900.0,0.0,0.0,0.0,0.0,0.0,0.0,0.0,0.0,0.0,0.0
10224000,6,900.0,900.0,900.0,900.0,900.0,900.0,0.0,0.0,0.0,0.0,0.0,0.0,0.0,0.0,0.0,0.0
10324000,6,900.0,900.0,900.0,900.0,900.0,900.0,0.0,0.0,0.0,0.0,0.0,0.0,0.0,0.0,0.0,0.0
10424000,6,900.0,900.0,900.0,900.0,900.0,900.0,0.0,0.0,0.0,0.0,0.0,0.0,0.0,0.0,0.0,0.0
10524000,6,900.0,900.0,900.0,900.0,900.0,900.0,0.0,0.0,0.0,0.0,0.0,0.0,0.0,0.0,0.0,0.0
10624000,6,900.0,900.0,900.0,900.0,900.0,900.0,0.0,0.0,0.0,0.0,0.0,0.0,0.0,0.0,0.0,0.0
10720000,6,900.0,900.0,900.0,900.0,900.0,900.0,0.0,0.0,0.0,0.0,0.0,0.0,0.0,0.0,0.0,0.0
10824000,6,900.0,900.0,900.0,900.0,900.0,900.0,0.0,0.0,0.0,0.0,0.0,0.0,0.0,0.0,0.0,0.0
10924000,6,900.0,900.0,900.0,900.0,900.0,900.0,0.0,0.0,0.0,0.0,0.0,0.0,0.0,0.0,0.0,0.0
11024000,6,900.0,900.0,900.0,900.0,900.0,900.0,0.0,0.0,0.0,0.0,0.0,0.0,0.0,0.0,0.0,0.0
11124000,6,900.0,900.0,900.0,900.0,900.0,900.0,0.0,0.0,0.0,0.0,0.0,0.0,0.0,0.0,0.0,0.0
11224000,6,900.0,900.0,900.0,900.0,900.0,900.0,0.0,0.0,0.0,0.0,0.0,0.0,0.0,0.0,0.0,0.0
11324000,6,900.0,900.0,900.0,900.0,900.0,900.0,0.0,0.0,0.0,0.0,0.0,0.0,0.0,0.0,0.0,0.0
11424000,6,900.0,900.0,900.0,900.0,900.0,900.0,0.0,0.0,0.0,0.0,0.0,0.0,0.0,0.0,0.0,0.0
11524000,6,900.0,900.0,900.0,900.0,900.0,900.0,0.0,0.0,0.0,0.0,0.0,0.0,0.0,0.0,0.0,0.0
11624000,6,900.0,900.0,900.0,900.0,900.0,900.0,0.0,0.0,0.0,0.0,0.0,0.0,0.0,0.0,0.0,0.0
11724000,6,900.0,900.0,900.0,900.0,900.0,900.0,0.0,0.0,0.0,0.0,0.0,0.0,0.0,0.0,0.0,0.0
11824000,6,900.0,900.0,900.0,900.0,900.0,900.0,0.0,0.0,0.0,0.0,0.0,0.0,0.0,0.0,0.0,0.0
11924000,6,900.0,900.0,900.0,900.0,900.0,900.0,0.0,0.0,0.0,0.0,0.0,0.0,0.0,0.0,0.0,0.0
12020000,6,900.0,900.0,900.0,900.0,900.0,900.0,0.0,0.0,0.0,0.0,0.0,0.0,0.0,0.0,0.0,0.0
12124000,6,900.0,900.0,900.0,900.0,900.0,900.0,0.0,0.0,0.0,0.0,0.0,0.0,0.0,0.0,0.0,0.0
12224000,6,900.0,900.0,900.0,900.0,900.0,900.0,0.0,0.0,0.0,0.0,0.0,0.0,0.0,0.0,0.0,0.0
12320000,6,900.0,900.0,900.0,900.0,900.0,900.0,0.0,0.0,0.0,0.0,0.0,0.0,0.0,0.0,0.0,0.0
12420000,6,900.0,900.0,900.0,900.0,900.0,900.0,0.0,0.0,0.0,0.0,0.0,0.0,0.0,0.0,0.0,0.0
12524000,6,900.0,900.0,900.0,900.0,900.0,900.0,0.0,0.0,0.0,0.0,0.0,0.0,0.0,0.0,0.0,0.0
12624000,6,900.0,900.0,900.0,900.0,900.0,900.0,0.0,0.0,0.0,0.0,0.0,0.0,0.0,0.0,0.0,0.0
12724000,6,900.0,900.0,900.0,900.0,900.0,900.0,0.0,0.0,0.0,0.0,0.0,0.0,0.0,0.0,0.0,0.0
12820000,6,900.0,900.0,900.0,900.0,900.0,900.0,0.0,0.0,0.0,0.0,0.0,0.0,0.0,0.0,0.0,0.0
12924000,6,900.0,900.0,900.0,900.0,900.0,900.0,0.0,0.0,0.0,0.0,0.0,0.0,0.0,0.0,0.0,0.0
13024000,6,900.0,900.0,900.0,900.0,900.0,900.0,0.0,0.0,0.0,0.0,0.0,0.0,0.0,0.0,0.0,0.0
13124000,6,900.0,900.0,900.0,900.0,900.0,900.0,0.0,0.0,0.0,0.0,0.0,0.0,0.0,0.0,0.0,0.0
13220000,6,900.0,900.0,900.0,900.0,900.0,900.0,0.0,0.0,0.0,0.0,0.0,0.0,0.0,0.0,0.0,0.0
13324000,6,900.0,900.0,900.0,900.0,900.0,900.0,0.0,0.0,0.0,0.0,0.0,0.0,0.0,0.0,0.0,0.0
13424000,6,900.0,900.0,900.0,900.0,900.0,900.0,0.0,0.0,0.0,0.0,0.0,0.0,0.0,0.0,0.0,0.0
13524000,6,900.0,900.0,900.0,900.0,900.0,900.0,0.0,0.0,0.0,0.0,0.0,0.0,0.0,0.0,0.0,0.0
13624000,6,900.0,900.0,900.0,900.0,900.0,900.0,0.0,0.0,0.0,0.0,0.0,0.0,0.0,0.0,0.0,0.0
13720000,6,900.0,900.0,900.0,900.0,900.0,900.0,0.0,0.0,0.0,0.0,0.0,0.0,0.0,0.0,0.0,0.0
13824000,6,900.0,900.0,900.0,900.0,900.0,900.0,0.0,0.0,0.0,0.0,0.0,0.0,0.0,0.0,0.0,0.0
13920000,6,900.0,900.0,900.0,900.0,900.0,900.0,0.0,0.0,0.0,0.0,0.0,0.0,0.0,0.0,0.0,0.0
14024000,6,900.0,900.0,900.0,900.0,900.0,900.0,0.0,0.0,0.0,0.0,0.0,0.0,0.0,0.0,0.0,0.0
14124000,6,900.0,900.0,900.0,900.0,900.0,900.0,0.0,0.0,0.0,0.0,0.0,0.0,0.0,0.0,0.0,0.0
14224000,6,900.0,900.0,900.0,900.0,900.0,900.0,0.0,0.0,0.0,0.0,0.0,0.0,0.0,0.0,0.0,0.0
14324000,6,900.0,900.0,900.0,900.0,900.0,900.0,0.0,0.0,0.0,0.0,0.0,0.0,0.0,0.0,0.0,0.0
14424000,6,900.0,900.0,900.0,900.0,900.0,900.0,0.0,0.0,0.0,0.0,0.0,0.0,0.0,0.0,0.0,0.0
14524000,6,900.0,900.0,900.0,900.0,900.0,900.0,0.0,0.0,0.0,0.0,0.0,0.0,0.0,0.0,0.0,0.0
14624000,6,900.0,900.0,900.0,900.0,900.0,900.0,0.0,0.0,0.0,0.0,0.0,0.0,0.0,0.0,0.0,0.0
14724000,6,1002.0,1000.0,1001.0,1000.0,1500.0,1500.0,0.0,0.0,0.0,0.0,0.0,0.0,0.0,0.0,0.0,0.0
14824000,6,1000.0,1000.0,1000.0,1002.0,1500.0,1500.0,0.0,0.0,0.0,0.0,0.0,0.0,0.0,0.0,0.0,0.0
14924000,6,1000.0,1002.0,1000.0,1002.0,1500.0,1500.0,0.0,0.0,0.0,0.0,0.0,0.0,0.0,0.0,0.0,0.0
15024000,6,1000.0,1001.0,1000.0,1002.0,1500.0,1500.0,0.0,0.0,0.0,0.0,0.0,0.0,0.0,0.0,0.0,0.0
15124000,6,1000.0,1001.0,1000.0,1002.0,1500.0,1500.0,0.0,0.0,0.0,0.0,0.0,0.0,0.0,0.0,0.0,0.0
15224000,6,1000.0,1001.0,1000.0,1002.0,1500.0,1500.0,0.0,0.0,0.0,0.0,0.0,0.0,0.0,0.0,0.0,0.0
15324000,6,1000.0,1001.0,1000.0,1002.0,1500.0,1500.0,0.0,0.0,0.0,0.0,0.0,0.0,0.0,0.0,0.0,0.0
15424000,6,1000.0,1000.0,1000.0,1002.0,1500.0,1500.0,0.0,0.0,0.0,0.0,0.0,0.0,0.0,0.0,0.0,0.0
15524000,6,1000.0,1001.0,1000.0,1002.0,1500.0,1500.0,0.0,0.0,0.0,0.0,0.0,0.0,0.0,0.0,0.0,0.0
15624000,6,1000.0,1002.0,1000.0,1002.0,1500.0,1500.0,0.0,0.0,0.0,0.0,0.0,0.0,0.0,0.0,0.0,0.0
15724000,6,1028.0,1021.0,1031.0,1040.0,1500.0,1500.0,0.0,0.0,0.0,0.0,0.0,0.0,0.0,0.0,0.0,0.0
15824000,6,1045.0,1035.0,1047.0,1053.0,1500.0,1500.0,0.0,0.0,0.0,0.0,0.0,0.0,0.0,0.0,0.0,0.0
15924000,6,1059.0,1053.0,1064.0,1070.0,1500.0,1500.0,0.0,0.0,0.0,0.0,0.0,0.0,0.0,0.0,0.0,0.0
16024000,6,1080.0,1070.0,1083.0,1089.0,1500.0,1500.0,0.0,0.0,0.0,0.0,0.0,0.0,0.0,0.0,0.0,0.0
16124000,6,1101.0,1096.0,1103.0,1110.0,1500.0,1500.0,0.0,0.0,0.0,0.0,0.0,0.0,0.0,0.0,0.0,0.0
16224000,6,1126.0,1115.0,1132.0,1130.0,1500.0,1500.0,0.0,0.0,0.0,0.0,0.0,0.0,0.0,0.0,0.0,0.0
16324000,6,1148.0,1141.0,1154.0,1159.0,1500.0,1500.0,0.0,0.0,0.0,0.0,0.0,0.0,0.0,0.0,0.0,0.0
16424000,6,1174.0,1166.0,1180.0,1186.0,1500.0,1500.0,0.0,0.0,0.0,0.0,0.0,0.0,0.0,0.0,0.0,0.0
16524000,6,1201.0,1196.0,1208.0,1214.0,1500.0,1500.0,0.0,0.0,0.0,0.0,0.0,0.0,0.0,0.0,0.0,0.0
16624000,6,1233.0,1223.0,1239.0,1241.0,1500.0,1500.0,0.0,0.0,0.0,0.0,0.0,0.0,0.0,0.0,0.0,0.0
16724000,6,1261.0,1257.0,1268.0,1275.0,1500.0,1500.0,0.0,0.0,0.0,0.0,0.0,0.0,0.0,0.0,0.0,0.0
16824000,6,1298.0,1286.0,1303.0,1309.0,1500.0,1500.0,0.0,0.0,0.0,0.0,0.0,0.0,0.0,0.0,0.0,0.0
16924000,6,1333.0,1322.0,1338.0,1345.0,1500.0,1500.0,0.0,0.0,0.0,0.0,0.0,0.0,0.0,0.0,0.0,0.0
17024000,6,1370.0,1358.0,1378.0,1384.0,1500.0,1500.0,0.0,0.0,0.0,0.0,0.0,0.0,0.0,0.0,0.0,0.0
17124000,6,1380.0,1370.0,1387.0,1394.0,1500.0,1500.0,0.0,0.0,0.0,0.0,0.0,0.0,0.0,0.0,0.0,0.0
17224000,6,1382.0,1369.0,1394.0,1393.0,1500.0,1500.0,0.0,0.0,0.0,0.0,0.0,0.0,0.0,0.0,0.0,0.0
17324000,6,1385.0,1371.0,1393.0,1399.0,1500.0,1500.0,0.0,0.0,0.0,0.0,0.0,0.0,0.0,0.0,0.0,0.0
17420000,6,1388.0,1373.0,1397.0,1401.0,1500.0,1500.0,0.0,0.0,0.0,0.0,0.0,0.0,0.0,0.0,0.0,0.0
17524000,6,1389.0,1374.0,1398.0,1401.0,1500.0,1500.0,0.0,0.0,0.0,0.0,0.0,0.0,0.0,0.0,0.0,0.0
17624000,6,1388.0,1377.0,1399.0,1406.0,1500.0,1500.0,0.0,0.0,0.0,0.0,0.0,0.0,0.0,0.0,0.0,0.0
17724000,6,1392.0,1380.0,1403.0,1406.0,1500.0,1500.0,0.0,0.0,0.0,0.0,0.0,0.0,0.0,0.0,0.0,0.0
17824000,6,1392.0,1384.0,1405.0,1411.0,1500.0,1500.0,0.0,0.0,0.0,0.0,0.0,0.0,0.0,0.0,0.0,0.0
17924000,6,1395.0,1385.0,1403.0,1415.0,1500.0,1500.0,0.0,0.0,0.0,0.0,0.0,0.0,0.0,0.0,0.0,0.0
18024000,6,1395.0,1388.0,1408.0,1418.0,1500.0,1500.0,0.0,0.0,0.0,0.0,0.0,0.0,0.0,0.0,0.0,0.0
18124000,6,1400.0,1389.0,1411.0,1421.0,1500.0,1500.0,0.0,0.0,0.0,0.0,0.0,0.0,0.0,0.0,0.0,0.0
18224000,6,1402.0,1391.0,1415.0,1423.0,1500.0,1500.0,0.0,0.0,0.0,0.0,0.0,0.0,0.0,0.0,0.0,0.0
18324000,6,1405.0,1390.0,1417.0,1425.0,1500.0,1500.0,0.0,0.0,0.0,0.0,0.0,0.0,0.0,0.0,0.0,0.0
18424000,6,1404.0,1394.0,1419.0,1426.0,1500.0,1500.0,0.0,0.0,0.0,0.0,0.0,0.0,0.0,0.0,0.0,0.0
18524000,6,1412.0,1393.0,1424.0,1428.0,1500.0,1500.0,0.0,0.0,0.0,0.0,0.0,0.0,0.0,0.0,0.0,0.0
18624000,6,1412.0,1393.0,1425.0,1435.0,1500.0,1500.0,0.0,0.0,0.0,0.0,0.0,0.0,0.0,0.0,0.0,0.0
18724000,6,1409.0,1399.0,1426.0,1435.0,1500.0,1500.0,0.0,0.0,0.0,0.0,0.0,0.0,0.0,0.0,0.0,0.0
18824000,6,1864.0,1790.0,1886.0,1814.0,1500.0,1500.0,0.0,0.0,0.0,0.0,0.0,0.0,0.0,0.0,0.0,0.0
18924000,6,1871.0,1836.0,1891.0,1864.0,1500.0,1500.0,0.0,0.0,0.0,0.0,0.0,0.0,0.0,0.0,0.0,0.0
19024000,6,1901.0,1844.0,1924.0,1873.0,1500.0,1500.0,0.0,0.0,0.0,0.0,0.0,0.0,0.0,0.0,0.0,0.0
19124000,6,1934.0,1835.0,1964.0,1866.0,1500.0,1500.0,0.0,0.0,0.0,0.0,0.0,0.0,0.0,0.0,0.0,0.0
19224000,6,1974.0,1811.0,2000.0,1837.0,1500.0,1500.0,0.0,0.0,0.0,0.0,0.0,0.0,0.0,0.0,0.0,0.0
19324000,6,1983.0,1751.0,2000.0,1770.0,1500.0,1500.0,0.0,0.0,0.0,0.0,0.0,0.0,0.0,0.0,0.0,0.0
19424000,6,1991.0,1713.0,2000.0,1728.0,1500.0,1500.0,0.0,0.0,0.0,0.0,0.0,0.0,0.0,0.0,0.0,0.0
19524000,6,1996.0,1715.0,2000.0,1723.0,1500.0,1500.0,0.0,0.0,0.0,0.0,0.0,0.0,0.0,0.0,0.0,0.0
19624000,6,1996.0,1746.0,2000.0,1745.0,1500.0,1500.0,0.0,0.0,0.0,0.0,0.0,0.0,0.0,0.0,0.0,0.0
19724000,6,2000.0,1847.0,1996.0,1839.0,1500.0,1500.0,0.0,0.0,0.0,0.0,0.0,0.0,0.0,0.0,0.0,0.0
19824000,6,1998.0,1824.0,1996.0,1811.0,1500.0,1500.0,0.0,0.0,0.0,0.0,0.0,0.0,0.0,0.0,0.0,0.0
19924000,6,2000.0,1877.0,1991.0,1865.0,1500.0,1500.0,0.0,0.0,0.0,0.0,0.0,0.0,0.0,0.0,0.0,0.0
20024000,6,2000.0,1865.0,1990.0,1852.0,1500.0,1500.0,0.0,0.0,0.0,0.0,0.0,0.0,0.0,0.0,0.0,0.0
20124000,6,2000.0,1875.0,1985.0,1866.0,1500.0,1500.0,0.0,0.0,0.0,0.0,0.0,0.0,0.0,0.0,0.0,0.0
20224000,6,2000.0,1886.0,1990.0,1873.0,1500.0,1500.0,0.0,0.0,0.0,0.0,0.0,0.0,0.0,0.0,0.0,0.0
20324000,6,2000.0,1879.0,1991.0,1868.0,1500.0,1500.0,0.0,0.0,0.0,0.0,0.0,0.0,0.0,0.0,0.0,0.0
20424000,6,2000.0,1854.0,1991.0,1846.0,1500.0,1500.0,0.0,0.0,0.0,0.0,0.0,0.0,0.0,0.0,0.0,0.0
20524000,6,2000.0,1822.0,1994.0,1817.0,1500.0,1500.0,0.0,0.0,0.0,0.0,0.0,0.0,0.0,0.0,0.0,0.0
20624000,6,1999.0,1795.0,1999.0,1792.0,1500.0,1500.0,0.0,0.0,0.0,0.0,0.0,0.0,0.0,0.0,0.0,0.0
20724000,6,1997.0,1775.0,1999.0,1772.0,1500.0,1500.0,0.0,0.0,0.0,0.0,0.0,0.0,0.0,0.0,0.0,0.0
20824000,6,1999.0,1765.0,1996.0,1769.0,1500.0,1500.0,0.0,0.0,0.0,0.0,0.0,0.0,0.0,0.0,0.0,0.0
20924000,6,1997.0,1783.0,2000.0,1788.0,1500.0,1500.0,0.0,0.0,0.0,0.0,0.0,0.0,0.0,0.0,0.0,0.0
21024000,6,1995.0,1800.0,1997.0,1802.0,1500.0,1500.0,0.0,0.0,0.0,0.0,0.0,0.0,0.0,0.0,0.0,0.0
21124000,6,1967.0,1805.0,1968.0,1810.0,1500.0,1500.0,0.0,0.0,0.0,0.0,0.0,0.0,0.0,0.0,0.0,0.0
21220000,6,1948.0,1811.0,1948.0,1817.0,1500.0,1500.0,0.0,0.0,0.0,0.0,0.0,0.0,0.0,0.0,0.0,0.0
21324000,6,1930.0,1819.0,1933.0,1821.0,1500.0,1500.0,0.0,0.0,0.0,0.0,0.0,0.0,0.0,0.0,0.0,0.0
21424000,6,1925.0,1819.0,1931.0,1824.0,1500.0,1500.0,0.0,0.0,0.0,0.0,0.0,0.0,0.0,0.0,0.0,0.0
21524000,6,1931.0,1814.0,1935.0,1818.0,1500.0,1500.0,0.0,0.0,0.0,0.0,0.0,0.0,0.0,0.0,0.0,0.0
21624000,6,1946.0,1800.0,1949.0,1802.0,1500.0,1500.0,0.0,0.0,0.0,0.0,0.0,0.0,0.0,0.0,0.0,0.0
21724000,6,1959.0,1783.0,1963.0,1785.0,1500.0,1500.0,0.0,0.0,0.0,0.0,0.0,0.0,0.0,0.0,0.0,0.0
21820000,6,1973.0,1769.0,1977.0,1772.0,1500.0,1500.0,0.0,0.0,0.0,0.0,0.0,0.0,0.0,0.0,0.0,0.0
21924000,6,1985.0,1758.0,1990.0,1759.0,1500.0,1500.0,0.0,0.0,0.0,0.0,0.0,0.0,0.0,0.0,0.0,0.0
22024000,6,1989.0,1756.0,1991.0,1756.0,1500.0,1500.0,0.0,0.0,0.0,0.0,0.0,0.0,0.0,0.0,0.0,0.0
22124000,6,1982.0,1763.0,1985.0,1760.0,1500.0,1500.0,0.0,0.0,0.0,0.0,0.0,0.0,0.0,0.0,0.0,0.0
22224000,6,1972.0,1773.0,1972.0,1775.0,1500.0,1500.0,0.0,0.0,0.0,0.0,0.0,0.0,0.0,0.0,0.0,0.0
22324000,6,1957.0,1791.0,1956.0,1789.0,1500.0,1500.0,0.0,0.0,0.0,0.0,0.0,0.0,0.0,0.0,0.0,0.0
22424000,6,1938.0,1810.0,1939.0,1808.0,1500.0,1500.0,0.0,0.0,0.0,0.0,0.0,0.0,0.0,0.0,0.0,0.0
22524000,6,1930.0,1821.0,1927.0,1818.0,1500.0,1500.0,0.0,0.0,0.0,0.0,0.0,0.0,0.0,0.0,0.0,0.0
22620000,6,1945.0,1850.0,1905.0,1800.0,1500.0,1500.0,0.0,0.0,0.0,0.0,0.0,0.0,0.0,0.0,0.0,0.0
22724000,6,1939.0,1837.0,1917.0,1810.0,1500.0,1500.0,0.0,0.0,0.0,0.0,0.0,0.0,0.0,0.0,0.0,0.0
22824000,6,1948.0,1815.0,1939.0,1805.0,1500.0,1500.0,0.0,0.0,0.0,0.0,0.0,0.0,0.0,0.0,0.0,0.0
22924000,6,1961.0,1786.0,1963.0,1793.0,1500.0,1500.0,0.0,0.0,0.0,0.0,0.0,0.0,0.0,0.0,0.0,0.0
23024000,6,1970.0,1768.0,1982.0,1782.0,1500.0,1500.0,0.0,0.0,0.0,0.0,0.0,0.0,0.0,0.0,0.0,0.0
23124000,6,1984.0,1753.0,1998.0,1768.0,1500.0,1500.0,0.0,0.0,0.0,0.0,0.0,0.0,0.0,0.0,0.0,0.0
23224000,6,1984.0,1744.0,2000.0,1763.0,1500.0,1500.0,0.0,0.0,0.0,0.0,0.0,0.0,0.0,0.0,0.0,0.0
23324000,6,1982.0,1752.0,1997.0,1771.0,1500.0,1500.0,0.0,0.0,0.0,0.0,0.0,0.0,0.0,0.0,0.0,0.0
23424000,6,1987.0,1786.0,2000.0,1800.0,1500.0,1500.0,0.0,0.0,0.0,0.0,0.0,0.0,0.0,0.0,0.0,0.0
23524000,6,1991.0,1828.0,2000.0,1842.0,1500.0,1500.0,0.0,0.0,0.0,0.0,0.0,0.0,0.0,0.0,0.0,0.0
23624000,6,1993.0,1859.0,2000.0,1869.0,1500.0,1500.0,0.0,0.0,0.0,0.0,0.0,0.0,0.0,0.0,0.0,0.0
23724000,6,1990.0,1870.0,2000.0,1875.0,1500.0,1500.0,0.0,0.0,0.0,0.0,0.0,0.0,0.0,0.0,0.0,0.0
23824000,6,1998.0,1871.0,1999.0,1876.0,1500.0,1500.0,0.0,0.0,0.0,0.0,0.0,0.0,0.0,0.0,0.0,0.0
23924000,6,1998.0,1880.0,1999.0,1878.0,1500.0,1500.0,0.0,0.0,0.0,0.0,0.0,0.0,0.0,0.0,0.0,0.0
24024000,6,1970.0,1819.0,1965.0,1821.0,1500.0,1500.0,0.0,0.0,0.0,0.0,0.0,0.0,0.0,0.0,0.0,0.0
24124000,6,1945.0,1767.0,1942.0,1768.0,1500.0,1500.0,0.0,0.0,0.0,0.0,0.0,0.0,0.0,0.0,0.0,0.0
24224000,6,1947.0,1747.0,1944.0,1742.0,1500.0,1500.0,0.0,0.0,0.0,0.0,0.0,0.0,0.0,0.0,0.0,0.0
24324000,6,1957.0,1738.0,1952.0,1732.0,1500.0,1500.0,0.0,0.0,0.0,0.0,0.0,0.0,0.0,0.0,0.0,0.0
24424000,6,1960.0,1742.0,1952.0,1732.0,1500.0,1500.0,0.0,0.0,0.0,0.0,0.0,0.0,0.0,0.0,0.0,0.0
24524000,6,1955.0,1752.0,1948.0,1742.0,1500.0,1500.0,0.0,0.0,0.0,0.0,0.0,0.0,0.0,0.0,0.0,0.0
24624000,6,1945.0,1766.0,1942.0,1759.0,1500.0,1500.0,0.0,0.0,0.0,0.0,0.0,0.0,0.0,0.0,0.0,0.0
24724000,6,1934.0,1784.0,1929.0,1780.0,1500.0,1500.0,0.0,0.0,0.0,0.0,0.0,0.0,0.0,0.0,0.0,0.0
24824000,6,1924.0,1799.0,1923.0,1795.0,1500.0,1500.0,0.0,0.0,0.0,0.0,0.0,0.0,0.0,0.0,0.0,0.0
24924000,6,1917.0,1810.0,1914.0,1806.0,1500.0,1500.0,0.0,0.0,0.0,0.0,0.0,0.0,0.0,0.0,0.0,0.0
25024000,6,1918.0,1811.0,1918.0,1811.0,1500.0,1500.0,0.0,0.0,0.0,0.0,0.0,0.0,0.0,0.0,0.0,0.0
25124000,6,1928.0,1807.0,1926.0,1808.0,1500.0,1500.0,0.0,0.0,0.0,0.0,0.0,0.0,0.0,0.0,0.0,0.0
25224000,6,1945.0,1793.0,1941.0,1794.0,1500.0,1500.0,0.0,0.0,0.0,0.0,0.0,0.0,0.0,0.0,0.0,0.0
25324000,6,1953.0,1779.0,1956.0,1779.0,1500.0,1500.0,0.0,0.0,0.0,0.0,0.0,0.0,0.0,0.0,0.0,0.0
25424000,6,1969.0,1763.0,1973.0,1766.0,1500.0,1500.0,0.0,0.0,0.0,0.0,0.0,0.0,0.0,0.0,0.0,0.0
25524000,6,1980.0,1758.0,1981.0,1759.0,1500.0,1500.0,0.0,0.0,0.0,0.0,0.0,0.0,0.0,0.0,0.0,0.0
25624000,6,1983.0,1759.0,1985.0,1758.0,1500.0,1500.0,0.0,0.0,0.0,0.0,0.0,0.0,0.0,0.0,0.0,0.0
25724000,6,1975.0,1767.0,1974.0,1769.0,1500.0,1500.0,0.0,0.0,0.0,0.0,0.0,0.0,0.0,0.0,0.0,0.0
25824000,6,1960.0,1785.0,1962.0,1785.0,1500.0,1500.0,0.0,0.0,0.0,0.0,0.0,0.0,0.0,0.0,0.0,0.0
25924000,6,1947.0,1802.0,1950.0,1800.0,1500.0,1500.0,0.0,0.0,0.0,0.0,0.0,0.0,0.0,0.0,0.0,0.0
26024000,6,1935.0,1820.0,1934.0,1821.0,1500.0,1500.0,0.0,0.0,0.0,0.0,0.0,0.0,0.0,0.0,0.0,0.0
26120000,6,1929.0,1828.0,1927.0,1827.0,1500.0,1500.0,0.0,0.0,0.0,0.0,0.0,0.0,0.0,0.0,0.0,0.0
26224000,6,1933.0,1830.0,1932.0,1827.0,1500.0,1500.0,0.0,0.0,0.0,0.0,0.0,0.0,0.0,0.0,0.0,0.0
26324000,6,1944.0,1823.0,1942.0,1819.0,1500.0,1500.0,0.0,0.0,0.0,0.0,0.0,0.0,0.0,0.0,0.0,0.0
26424000,6,1961.0,1804.0,1961.0,1802.0,1500.0,1500.0,0.0,0.0,0.0,0.0,0.0,0.0,0.0,0.0,0.0,0.0
26524000,6,1976.0,1785.0,1977.0,1783.0,1500.0,1500.0,0.0,0.0,0.0,0.0,0.0,0.0,0.0,0.0,0.0,0.0
26624000,6,1991.0,1766.0,1991.0,1768.0,1500.0,1500.0,0.0,0.0,0.0,0.0,0.0,0.0,0.0,0.0,0.0,0.0
26724000,6,1998.0,1761.0,1998.0,1760.0,1500.0,1500.0,0.0,0.0,0.0,0.0,0.0,0.0,0.0,0.0,0.0,0.0
26824000,6,1995.0,1767.0,1994.0,1765.0,1500.0,1500.0,0.0,0.0,0.0,0.0,0.0,0.0,0.0,0.0,0.0,0.0
26920000,6,1981.0,1780.0,1981.0,1777.0,1500.0,1500.0,0.0,0.0,0.0,0.0,0.0,0.0,0.0,0.0,0.0,0.0
27024000,6,1962.0,1797.0,1961.0,1797.0,1500.0,1500.0,0.0,0.0,0.0,0.0,0.0,0.0,0.0,0.0,0.0,0.0
27124000,6,1947.0,1815.0,1944.0,1818.0,1500.0,1500.0,0.0,0.0,0.0,0.0,0.0,0.0,0.0,0.0,0.0,0.0
27224000,6,1931.0,1833.0,1931.0,1832.0,1500.0,1500.0,0.0,0.0,0.0,0.0,0.0,0.0,0.0,0.0,0.0,0.0
27324000,6,1927.0,1834.0,1926.0,1839.0,1500.0,1500.0,0.0,0.0,0.0,0.0,0.0,0.0,0.0,0.0,0.0,0.0
27424000,6,1935.0,1832.0,1933.0,1831.0,1500.0,1500.0,0.0,0.0,0.0,0.0,0.0,0.0,0.0,0.0,0.0,0.0
27524000,6,1949.0,1817.0,1949.0,1819.0,1500.0,1500.0,0.0,0.0,0.0,0.0,0.0,0.0,0.0,0.0,0.0,0.0
27624000,6,1970.0,1798.0,1967.0,1798.0,1500.0,1500.0,0.0,0.0,0.0,0.0,0.0,0.0,0.0,0.0,0.0,0.0
27724000,6,2000.0,1796.0,1784.0,1522.0,1500.0,1500.0,0.0,0.0,0.0,0.0,0.0,0.0,0.0,0.0,0.0,0.0
27824000,6,1977.0,1722.0,2000.0,1754.0,1500.0,1500.0,0.0,0.0,0.0,0.0,0.0,0.0,0.0,0.0,0.0,0.0
27924000,6,1955.0,1701.0,1980.0,1735.0,1500.0,1500.0,0.0,0.0,0.0,0.0,0.0,0.0,0.0,0.0,0.0,0.0
28024000,6,1880.0,1660.0,1905.0,1694.0,1500.0,1500.0,0.0,0.0,0.0,0.0,0.0,0.0,0.0,0.0,0.0,0.0
28124000,6,1874.0,1696.0,1895.0,1727.0,1500.0,1500.0,0.0,0.0,0.0,0.0,0.0,0.0,0.0,0.0,0.0,0.0
28220000,6,1905.0,1775.0,1924.0,1806.0,1500.0,1500.0,0.0,0.0,0.0,0.0,0.0,0.0,0.0,0.0,0.0,0.0
28324000,6,1925.0,1836.0,1940.0,1858.0,1500.0,1500.0,0.0,0.0,0.0,0.0,0.0,0.0,0.0,0.0,0.0,0.0
28424000,6,1948.0,1872.0,1961.0,1885.0,1500.0,1500.0,0.0,0.0,0.0,0.0,0.0,0.0,0.0,0.0,0.0,0.0
28524000,6,1961.0,1858.0,1969.0,1866.0,1500.0,1500.0,0.0,0.0,0.0,0.0,0.0,0.0,0.0,0.0,0.0,0.0
28624000,6,1964.0,1825.0,1968.0,1830.0,1500.0,1500.0,0.0,0.0,0.0,0.0,0.0,0.0,0.0,0.0,0.0,0.0
28724000,6,1979.0,1800.0,1977.0,1797.0,1500.0,1500.0,0.0,0.0,0.0,0.0,0.0,0.0,0.0,0.0,0.0,0.0
28824000,6,1999.0,1777.0,1995.0,1768.0,1500.0,1500.0,0.0,0.0,0.0,0.0,0.0,0.0,0.0,0.0,0.0,0.0
28924000,6,2000.0,1756.0,1996.0,1746.0,1500.0,1500.0,0.0,0.0,0.0,0.0,0.0,0.0,0.0,0.0,0.0,0.0
29024000,6,2000.0,1746.0,1993.0,1737.0,1500.0,1500.0,0.0,0.0,0.0,0.0,0.0,0.0,0.0,0.0,0.0,0.0
29124000,6,2000.0,1765.0,1993.0,1753.0,1500.0,1500.0,0.0,0.0,0.0,0.0,0.0,0.0,0.0,0.0,0.0,0.0
29224000,6,2000.0,1803.0,1992.0,1795.0,1500.0,1500.0,0.0,0.0,0.0,0.0,0.0,0.0,0.0,0.0,0.0,0.0
29324000,6,1984.0,1835.0,1977.0,1823.0,1500.0,1500.0,0.0,0.0,0.0,0.0,0.0,0.0,0.0,0.0,0.0,0.0
29424000,6,1955.0,1847.0,1952.0,1837.0,1500.0,1500.0,0.0,0.0,0.0,0.0,0.0,0.0,0.0,0.0,0.0,0.0
29524000,6,1937.0,1851.0,1933.0,1848.0,1500.0,1500.0,0.0,0.0,0.0,0.0,0.0,0.0,0.0,0.0,0.0,0.0
29624000,6,1936.0,1853.0,1931.0,1846.0,1500.0,1500.0,0.0,0.0,0.0,0.0,0.0,0.0,0.0,0.0,0.0,0.0
29724000,6,1945.0,1845.0,1942.0,1841.0,1500.0,1500.0,0.0,0.0,0.0,0.0,0.0,0.0,0.0,0.0,0.0,0.0
29824000,6,1964.0,1824.0,1964.0,1821.0,1500.0,1500.0,0.0,0.0,0.0,0.0,0.0,0.0,0.0,0.0,0.0,0.0
29924000,6,1990.0,1796.0,1990.0,1793.0,1500.0,1500.0,0.0,0.0,0.0,0.0,0.0,0.0,0.0,0.0,0.0,0.0
30024000,6,1998.0,1765.0,2000.0,1764.0,1500.0,1500.0,0.0,0.0,0.0,0.0,0.0,0.0,0.0,0.0,0.0,0.0
30124000,6,1998.0,1738.0,1999.0,1743.0,1500.0,1500.0,0.0,0.0,0.0,0.0,0.0,0.0,0.0,0.0,0.0,0.0
30224000,6,1999.0,1737.0,1999.0,1740.0,1500.0,1500.0,0.0,0.0,0.0,0.0,0.0,0.0,0.0,0.0,0.0,0.0
30324000,6,1998.0,1767.0,2000.0,1770.0,1500.0,1500.0,0.0,0.0,0.0,0.0,0.0,0.0,0.0,0.0,0.0,0.0
30424000,6,1997.0,1811.0,2000.0,1813.0,1500.0,1500.0,0.0,0.0,0.0,0.0,0.0,0.0,0.0,0.0,0.0,0.0
30524000,6,1995.0,1857.0,2000.0,1860.0,1500.0,1500.0,0.0,0.0,0.0,0.0,0.0,0.0,0.0,0.0,0.0,0.0
30624000,6,1980.0,1877.0,1983.0,1874.0,1500.0,1500.0,0.0,0.0,0.0,0.0,0.0,0.0,0.0,0.0,0.0,0.0
30724000,6,1944.0,1862.0,1944.0,1863.0,1500.0,1500.0,0.0,0.0,0.0,0.0,0.0,0.0,0.0,0.0,0.0,0.0
30824000,6,1933.0,1852.0,1935.0,1851.0,1500.0,1500.0,0.0,0.0,0.0,0.0,0.0,0.0,0.0,0.0,0.0,0.0
30924000,6,1944.0,1833.0,1947.0,1836.0,1500.0,1500.0,0.0,0.0,0.0,0.0,0.0,0.0,0.0,0.0,0.0,0.0
31024000,6,1968.0,1809.0,1965.0,1812.0,1500.0,1500.0,0.0,0.0,0.0,0.0,0.0,0.0,0.0,0.0,0.0,0.0
31124000,6,1991.0,1785.0,1988.0,1784.0,1500.0,1500.0,0.0,0.0,0.0,0.0,0.0,0.0,0.0,0.0,0.0,0.0
31224000,6,1999.0,1754.0,2000.0,1754.0,1500.0,1500.0,0.0,0.0,0.0,0.0,0.0,0.0,0.0,0.0,0.0,0.0
31324000,6,1684.0,1995.0,1710.0,1984.0,1500.0,1500.0,0.0,0.0,0.0,0.0,0.0,0.0,0.0,0.0,0.0,0.0
31424000,6,1744.0,1377.0,1742.0,1383.0,1500.0,1500.0,0.0,0.0,0.0,0.0,0.0,0.0,0.0,0.0,0.0,0.0
31524000,6,1663.0,1647.0,1668.0,1652.0,1500.0,1500.0,0.0,0.0,0.0,0.0,0.0,0.0,0.0,0.0,0.0,0.0
31624000,6,1604.0,1476.0,1611.0,1477.0,1500.0,1500.0,0.0,0.0,0.0,0.0,0.0,0.0,0.0,0.0,0.0,0.0
31724000,6,1585.0,1408.0,1591.0,1410.0,1500.0,1500.0,0.0,0.0,0.0,0.0,0.0,0.0,0.0,0.0,0.0,0.0
31824000,6,1576.0,1372.0,1582.0,1369.0,1500.0,1500.0,0.0,0.0,0.0,0.0,0.0,0.0,0.0,0.0,0.0,0.0
31924000,6,1571.0,1364.0,1574.0,1364.0,1500.0,1500.0,0.0,0.0,0.0,0.0,0.0,0.0,0.0,0.0,0.0,0.0
32024000,6,1219.0,1018.0,1219.0,1022.0,1500.0,1500.0,0.0,0.0,0.0,0.0,0.0,0.0,0.0,0.0,0.0,0.0
32124000,6,1203.0,1036.0,1204.0,1034.0,1500.0,1500.0,0.0,0.0,0.0,0.0,0.0,0.0,0.0,0.0,0.0,0.0
32224000,6,1197.0,1041.0,1194.0,1046.0,1500.0,1500.0,0.0,0.0,0.0,0.0,0.0,0.0,0.0,0.0,0.0,0.0
32324000,6,1196.0,1042.0,1196.0,1044.0,1500.0,1500.0,0.0,0.0,0.0,0.0,0.0,0.0,0.0,0.0,0.0,0.0
32424000,6,1204.0,1034.0,1202.0,1038.0,1500.0,1500.0,0.0,0.0,0.0,0.0,0.0,0.0,0.0,0.0,0.0,0.0
32524000,6,1203.0,1037.0,1201.0,1037.0,1500.0,1500.0,0.0,0.0,0.0,0.0,0.0,0.0,0.0,0.0,0.0,0.0
32624000,6,1203.0,1036.0,1204.0,1036.0,1500.0,1500.0,0.0,0.0,0.0,0.0,0.0,0.0,0.0,0.0,0.0,0.0
32724000,6,1002.0,1000.0,1002.0,1000.0,1500.0,1500.0,0.0,0.0,0.0,0.0,0.0,0.0,0.0,0.0,0.0,0.0
32824000,6,1002.0,1000.0,1002.0,1000.0,1500.0,1500.0,0.0,0.0,0.0,0.0,0.0,0.0,0.0,0.0,0.0,0.0
32924000,6,1002.0,1000.0,1002.0,1000.0,1500.0,1500.0,0.0,0.0,0.0,0.0,0.0,0.0,0.0,0.0,0.0,0.0
33024000,6,1002.0,1000.0,1002.0,1000.0,1500.0,1500.0,0.0,0.0,0.0,0.0,0.0,0.0,0.0,0.0,0.0,0.0
33124000,6,1002.0,1000.0,1002.0,1000.0,1500.0,1500.0,0.0,0.0,0.0,0.0,0.0,0.0,0.0,0.0,0.0,0.0
33224000,6,1002.0,1000.0,1002.0,1000.0,1500.0,1500.0,0.0,0.0,0.0,0.0,0.0,0.0,0.0,0.0,0.0,0.0
33324000,6,1002.0,1000.0,1002.0,1000.0,1500.0,1500.0,0.0,0.0,0.0,0.0,0.0,0.0,0.0,0.0,0.0,0.0
33424000,6,1002.0,1000.0,1002.0,1000.0,1500.0,1500.0,0.0,0.0,0.0,0.0,0.0,0.0,0.0,0.0,0.0,0.0
33524000,6,1002.0,1000.0,1002.0,1000.0,1500.0,1500.0,0.0,0.0,0.0,0.0,0.0,0.0,0.0,0.0,0.0,0.0
33624000,6,1002.0,1000.0,1002.0,1000.0,1500.0,1500.0,0.0,0.0,0.0,0.0,0.0,0.0,0.0,0.0,0.0,0.0
33720000,6,1002.0,1000.0,1002.0,1000.0,1500.0,1500.0,0.0,0.0,0.0,0.0,0.0,0.0,0.0,0.0,0.0,0.0
33820000,6,1002.0,1000.0,1002.0,1000.0,1500.0,1500.0,0.0,0.0,0.0,0.0,0.0,0.0,0.0,0.0,0.0,0.0
33924000,6,1002.0,1000.0,1002.0,1000.0,1500.0,1500.0,0.0,0.0,0.0,0.0,0.0,0.0,0.0,0.0,0.0,0.0
34024000,6,1002.0,1000.0,1002.0,1000.0,1500.0,1500.0,0.0,0.0,0.0,0.0,0.0,0.0,0.0,0.0,0.0,0.0
34124000,6,1002.0,1000.0,1002.0,1000.0,1500.0,1500.0,0.0,0.0,0.0,0.0,0.0,0.0,0.0,0.0,0.0,0.0
34224000,6,1002.0,1000.0,1002.0,1000.0,1500.0,1500.0,0.0,0.0,0.0,0.0,0.0,0.0,0.0,0.0,0.0,0.0
34320000,6,1002.0,1000.0,1002.0,1000.0,1500.0,1500.0,0.0,0.0,0.0,0.0,0.0,0.0,0.0,0.0,0.0,0.0
34424000,6,1002.0,1000.0,1002.0,1000.0,1500.0,1500.0,0.0,0.0,0.0,0.0,0.0,0.0,0.0,0.0,0.0,0.0
34524000,6,1002.0,1000.0,1002.0,1000.0,1500.0,1500.0,0.0,0.0,0.0,0.0,0.0,0.0,0.0,0.0,0.0,0.0
34620000,6,1002.0,1000.0,1002.0,1000.0,1500.0,1500.0,0.0,0.0,0.0,0.0,0.0,0.0,0.0,0.0,0.0,0.0
34724000,6,900.0,900.0,900.0,900.0,900.0,900.0,0.0,0.0,0.0,0.0,0.0,0.0,0.0,0.0,0.0,0.0
34824000,6,900.0,900.0,900.0,900.0,900.0,900.0,0.0,0.0,0.0,0.0,0.0,0.0,0.0,0.0,0.0,0.0
34924000,6,900.0,900.0,900.0,900.0,900.0,900.0,0.0,0.0,0.0,0.0,0.0,0.0,0.0,0.0,0.0,0.0
35024000,6,900.0,900.0,900.0,900.0,900.0,900.0,0.0,0.0,0.0,0.0,0.0,0.0,0.0,0.0,0.0,0.0
35124000,6,900.0,900.0,900.0,900.0,900.0,900.0,0.0,0.0,0.0,0.0,0.0,0.0,0.0,0.0,0.0,0.0
35224000,6,900.0,900.0,900.0,900.0,900.0,900.0,0.0,0.0,0.0,0.0,0.0,0.0,0.0,0.0,0.0,0.0
35324000,6,900.0,900.0,900.0,900.0,900.0,900.0,0.0,0.0,0.0,0.0,0.0,0.0,0.0,0.0,0.0,0.0
35424000,6,900.0,900.0,900.0,900.0,900.0,900.0,0.0,0.0,0.0,0.0,0.0,0.0,0.0,0.0,0.0,0.0
35524000,6,900.0,900.0,900.0,900.0,900.0,900.0,0.0,0.0,0.0,0.0,0.0,0.0,0.0,0.0,0.0,0.0
35624000,6,900.0,900.0,900.0,900.0,900.0,900.0,0.0,0.0,0.0,0.0,0.0,0.0,0.0,0.0,0.0,0.0
